user_md5	post_id	post_type	post_date	likes	comments	ads_mode	politics_mode	pos_neg_mode	tags_dummy
a47133133ee53a4550d03fb250b26f21	p/CQqTqMGoef7/	video	2021-06-28	294	40	no	no	party_no	0
a47133133ee53a4550d03fb250b26f21	p/CQqPVeNMaBj/	image	2021-06-28	602	20	yes	no	party_no	0
a416141ea0939d3ed149f7a21887b1c4	p/CQqPQcXhZzW/	image	2021-06-28	421	2	yes	no	party_no	0
18bb3a1994c6ac4d5d434ebbbc9ac438	p/CQqMy2bMaZY/	image	2021-06-28	296	4	no	no	party_no	0
9be5cad1827883c1d2fb55994d187dc7	p/CQqLZTiHZcf/	image	2021-06-28	857	9	no	yes	party_yes_pos	1
a47133133ee53a4550d03fb250b26f21	p/CQqK5c_o0Yx/	video	2021-06-28	174	10	no	no	party_no	0
f33c10f173a676eedcf535592d3e6812	p/CQpva8qsBSP/	image	2021-06-28	826	30	no	no	party_no	1
b30a30781c4318dfa6e9ebf3e2d7be33	tv/CQoxIDRK19M/	video	2021-06-27	630	33	no	yes	party_no	0
04efabf9ee38896016be90e0a36f0116	p/CQotPK-jacO/	image	2021-06-27	275	15	no	no	party_no	0
b29524ce8b7d68292058bd2989a9b068	p/CQorlI7Mdpa/	image	2021-06-27	2785	30	no	yes	party_yes_neg	0
bf0477239c7c653961cd1a9dab396cf1	p/CQoqbX1nX9v/	image	2021-06-27	10710	81	no	no	party_no	0
44532d9df81f73c4cba293f99de2e3cf	p/CQopHBUrdBR/	image	2021-06-27	15741	53	no	no	party_no	1
a51f9cc0b672c20636dba6bd665f0143	p/CQojowlraJy/	image	2021-06-27	71595	347	no	no	party_no	1
f3f59483a3e45881e182e3e27b2ddfa6	p/CQojGrLB-WJ/	image	2021-06-27	317	1	no	no	party_no	0
0260d8d15a0c0c75ca4aad9479e7de61	p/CQogciAhka0/	image	2021-06-27	2394	44	no	no	party_yes_pos	0
a47133133ee53a4550d03fb250b26f21	p/CQoe2PoIq63/	video	2021-06-27	848	14	yes	no	party_no	0
abb364b8fabce38da2e1212fe1445556	p/CQoZEuKLcXc/	image	2021-06-27	19879	72	no	no	party_no	0
7a775131d1c2e8d51ff2962e7002d4d6	p/CQoTbiyFado/	image	2021-06-27	7527	197	no	no	party_no	0
e6becd86c1252e619006b2c554bc68b1	p/CQoTBIns9Kn/	image	2021-06-27	13433	77	no	yes	party_no	0
04efabf9ee38896016be90e0a36f0116	p/CQoS399DxX3/	image	2021-06-27	229	11	no	no	party_no	0
63380ce6bc4b0ca331f8919b3615e41d	p/CQoSpVPhZT9/	image	2021-06-27	68356	496	yes	yes	party_no	1
9280b43fc4589291743b48d67b5f8453	p/CQoSP6GnUSY/	image	2021-06-27	19462	72	yes	no	party_no	0
4db79e097c0a133b2def2bf254f83dd9	p/CQoOaKTlPED/	image	2021-06-27	3685	29	no	no	party_yes_pos	0
abb364b8fabce38da2e1212fe1445556	p/CQsotiHJPa1/	image	2021-06-29	6278	50	yes	no	party_no	1
91527dbeb839b49f92fd2ba43724484f	p/CQsmfERFKd9/	image	2021-06-29	53	5	no	no	party_no	1
999ca23c12d60d2ffe616d20886ea3d5	p/CQsjQSKrmLO/	image	2021-06-29	3519	17	yes	no	party_no	1
bbcfea1530c4aeb2f0a00e2f94064300	p/CQshMRRDac8/	image	2021-06-29	1155	36	no	yes	party_yes_neg	0
30d52d191d094d0c5999ed827021e8a5	p/CQsb5XJr04c/	image	2021-06-29	525	11	yes	no	party_no	1
f33c10f173a676eedcf535592d3e6812	p/CQsW7z8JMMm/	image	2021-06-29	414	22	no	no	party_no	1
a51f9cc0b672c20636dba6bd665f0143	p/CQrP4JELGBo/	image	2021-06-28	53095	283	no	no	party_no	1
15136c90730f355101755c7b7516e729	p/CQrO-YjHXRo/	image	2021-06-28	2725	56	no	yes	party_yes_neg	0
b29524ce8b7d68292058bd2989a9b068	p/CQrN5vwsZoT/	image	2021-06-28	5605	60	no	yes	party_yes_pos	0
dbd1313429684accb33e0ceec9274d7b	p/CQrMa4zlXci/	image	2021-06-28	3989	189	no	yes	party_no	0
084bc5eda4c65fe9c3483d53ea84a4f8	p/CQrL3yEDp7e/	image	2021-06-28	23518	181	no	no	party_no	0
04efabf9ee38896016be90e0a36f0116	p/CQrK7F5j62o/	image	2021-06-28	187	14	no	no	party_no	0
b3fa9a6b502321f8f0e30b06f69a60ab	tv/CQrIk1tFSIS/	video	2021-06-28	80	0	no	yes	party_no	0
e3709d249677e285f459ff923cb8eef2	p/CQrFYU4l9nG/	image	2021-06-28	1167	4	yes	no	party_no	1
e6becd86c1252e619006b2c554bc68b1	p/CQrEmWmsLx9/	image	2021-06-28	8940	208	yes	no	party_no	1
91527dbeb839b49f92fd2ba43724484f	p/CQrEVj5FHNh/	image	2021-06-28	563	20	yes	no	party_no	1
fc9051ee6bee590671e57890af4adea8	p/CQq_s3BF2Gh/	image	2021-06-28	5949	188	no	yes	party_yes_neg	1
30d52d191d094d0c5999ed827021e8a5	p/CQq_N0vr-pK/	image	2021-06-28	969	29	no	no	party_no	0
a47133133ee53a4550d03fb250b26f21	p/CQq8UsxIaZ7/	video	2021-06-28	570	38	yes	no	party_no	0
0260d8d15a0c0c75ca4aad9479e7de61	p/CQq61dAlGRD/	image	2021-06-28	3031	49	no	no	party_no	1
ff98e5d7e2bc4eb8cd90c20d51477ce2	p/CQq1ZGcBTB_/	image	2021-06-28	1473	30	yes	yes	party_no	0
e3709d249677e285f459ff923cb8eef2	p/CQqzBeQl-VQ/	image	2021-06-28	3068	13	no	no	party_no	1
843995b2f47a14055d3723f8a8617456	p/CQqnwbPn-iF/	image	2021-06-28	227	0	no	yes	party_yes_neg	0
b29524ce8b7d68292058bd2989a9b068	p/CQqgWrgMhRb/	image	2021-06-28	2411	26	no	yes	party_yes_neg	0
95e1ccd5a31c56d6141fd6d5d61ab17a	p/CQqe66QHBIW/	image	2021-06-28	3516	72	no	no	party_no	0
c6c3274af5099ade030972d5ced222b1	p/CQwSCqZFlZs/	image	2021-06-30	141	10	no	no	party_no	0
44532d9df81f73c4cba293f99de2e3cf	p/CQwRjUClNwV/	image	2021-06-30	1523	7	no	no	party_no	1
bbcfea1530c4aeb2f0a00e2f94064300	p/CQwMVdLDSUb/	image	2021-06-30	333	28	yes	yes	party_yes_neg	0
b29524ce8b7d68292058bd2989a9b068	p/CQwLiA9MYTm/	image	2021-06-30	906	14	no	yes	party_yes_neg	0
e3709d249677e285f459ff923cb8eef2	p/CQwI9juFX_1/	image	2021-06-30	814	4	no	no	party_no	1
30d52d191d094d0c5999ed827021e8a5	p/CQwB0SirkVi/	image	2021-06-30	467	30	yes	no	party_no	1
b29524ce8b7d68292058bd2989a9b068	p/CQwAb1GMZK8/	image	2021-06-30	1713	68	no	yes	party_yes_neg	0
a47133133ee53a4550d03fb250b26f21	p/CQv8ISdon4O/	video	2021-06-30	596	26	no	no	party_no	0
b29524ce8b7d68292058bd2989a9b068	p/CQv4iJmsl-r/	image	2021-06-30	628	5	no	yes	party_yes_neg	0
b29524ce8b7d68292058bd2989a9b068	p/CQv4FUvMDmb/	image	2021-06-30	4533	40	no	yes	party_yes_neg	0
999ca23c12d60d2ffe616d20886ea3d5	tv/CQv2VRElZPp/	video	2021-06-30	923	16	yes	no	party_no	0
4305f7ad511de6ee2ba458c283177399	p/CQvzFalAgGV/	image	2021-06-30	1668	12	yes	no	party_no	1
4db79e097c0a133b2def2bf254f83dd9	p/CQvxSfJFyNT/	image	2021-06-30	1256	188	yes	no	party_no	1
a47133133ee53a4550d03fb250b26f21	p/CQvw1pMMo2X/	image	2021-06-30	461	10	no	no	party_no	0
1bae0eb586a07353cbae66acec390de1	p/CQvwhuZA0N9/	image	2021-06-30	48912	479	no	no	party_no	1
f9794eccdcb70857e906c191cd262179	p/CQvwgVADKod/	image	2021-06-30	122	1	no	no	party_no	0
29643a30042ea2c66083053117f14cf1	p/CQvuf9rArn8/	image	2021-06-30	5248	14	no	no	party_no	0
a47133133ee53a4550d03fb250b26f21	p/CQvtP4convv/	video	2021-06-30	893	10	no	no	party_no	0
b29524ce8b7d68292058bd2989a9b068	p/CQvsBxEMyPV/	image	2021-06-30	1792	22	no	yes	party_yes_pos	0
eca2f9b2c9316bd55ebfa59a772625f9	tv/CQvVQA4qxzq/	video	2021-06-30	15058	67	no	no	party_no	0
46bcd29bb252a121e323f3a2c91d9e9d	p/CQvlLzqsK8d/	image	2021-06-30	19894	240	no	yes	party_yes_neg	0
04efabf9ee38896016be90e0a36f0116	p/CQvlB3_jr2J/	image	2021-06-30	198	7	yes	no	party_no	0
a416141ea0939d3ed149f7a21887b1c4	p/CQvg5RLrB_C/	image	2021-06-30	936	15	yes	no	party_no	1
6d28c8b93351a8ccfdaf5b46065c129e	p/CQvXTT3MPYR/	image	2021-06-30	3297	91	no	yes	party_yes_neg	0
bbcfea1530c4aeb2f0a00e2f94064300	p/CQvTvG-jHw8/	image	2021-06-30	451	14	no	yes	party_yes_neg	0
9be5cad1827883c1d2fb55994d187dc7	p/CQvPrfpsbaO/	image	2021-06-30	3626	59	no	no	party_no	0
b29524ce8b7d68292058bd2989a9b068	p/CQvPLCKssvi/	image	2021-06-30	1988	109	no	yes	party_no	0
04c60c55696c64c0abe0c3fd65eac3a5	p/CQu9fexMAX3/	image	2021-06-30	0	32	yes	yes	party_no	1
95e1ccd5a31c56d6141fd6d5d61ab17a	p/CQu5wBGMNwi/	image	2021-06-30	6582	99	no	no	party_no	0
f33c10f173a676eedcf535592d3e6812	p/CQu3Cs3plp-/	image	2021-06-30	1046	29	no	no	party_no	1
44532d9df81f73c4cba293f99de2e3cf	p/CQt84CALFxS/	image	2021-06-29	12859	26	no	yes	party_no	1
04efabf9ee38896016be90e0a36f0116	p/CQxidpIjMz9/	image	2021-07-01	31	1	no	no	party_no	0
f33c10f173a676eedcf535592d3e6812	p/CQxgEw8JUWX/	image	2021-07-01	192	4	no	no	party_no	1
421ce1b028eee70a26e9962a2b31829d	p/CQwk7hGLhPT/	image	2021-06-30	7017	32	no	no	party_no	0
a47133133ee53a4550d03fb250b26f21	p/CQwdHrLsZQO/	image	2021-06-30	330	26	yes	no	party_no	1
0260d8d15a0c0c75ca4aad9479e7de61	p/CQwaGoJFf1s/	image	2021-06-30	1462	16	yes	no	party_no	0
15136c90730f355101755c7b7516e729	p/CQwXCBHMkTL/	image	2021-06-30	759	2	no	no	party_no	1
658c73b9d87f9c9168492328fd3a1a1e	p/CQwTJtrHBL3/	image	2021-06-30	168	5	yes	no	party_no	0
a51f9cc0b672c20636dba6bd665f0143	p/CQwS85cLSq2/	image	2021-06-30	52611	351	no	no	party_no	1
04efabf9ee38896016be90e0a36f0116	p/CQzO0vPDYjn/	image	2021-07-01	205	13	no	no	party_no	0
a51f9cc0b672c20636dba6bd665f0143	p/CQy8T35r1Sv/	image	2021-07-01	65844	231	no	no	party_no	1
e3b84111a8245e22e9034fc3a83b3a3b	p/CQy7XhuMwxF/	image	2021-07-01	16995	1156	no	no	party_no	0
50ae8a403ea23858fe2dce4149927d95	tv/CQy6ts4DtUW/	video	2021-07-01	5	0	no	no	party_no	0
44532d9df81f73c4cba293f99de2e3cf	p/CQy6QPdrNOl/	image	2021-07-01	14756	50	yes	no	party_no	1
dbd1313429684accb33e0ceec9274d7b	p/CQy4-GFlCZt/	image	2021-07-01	11749	606	no	yes	party_yes_neg	0
717d66373741268b2293e72655414b72	p/CQy48E4DB4h/	image	2021-07-01	10841	99	no	no	party_no	1
fc9051ee6bee590671e57890af4adea8	p/CQy1AUPlyq3/	image	2021-07-01	5637	153	no	no	party_no	1
04c60c55696c64c0abe0c3fd65eac3a5	p/CQyzOiPM7xW/	image	2021-07-01	4139	54	no	no	party_no	1
7a775131d1c2e8d51ff2962e7002d4d6	p/CQyrc_qFObV/	image	2021-07-01	6844	86	no	no	party_no	0
30d52d191d094d0c5999ed827021e8a5	p/CQyrV9Yr3fr/	image	2021-07-01	1380	56	no	no	party_no	0
e6becd86c1252e619006b2c554bc68b1	p/CQyl3jAstWJ/	image	2021-07-01	30022	409	no	yes	party_no	0
63380ce6bc4b0ca331f8919b3615e41d	p/CQyl3k9t99_/	image	2021-07-01	108853	645	yes	no	party_no	1
d19d7a97ecc0d202614f86d575122e80	p/CQyh9gMN-ZC/	image	2021-07-01	140	0	yes	yes	party_yes_neg	0
084bc5eda4c65fe9c3483d53ea84a4f8	p/CQyf-hdDEKc/	image	2021-07-01	21823	126	no	yes	party_no	0
e3b84111a8245e22e9034fc3a83b3a3b	p/CQyfd3PMYSi/	image	2021-07-01	13236	76	no	no	party_no	1
e3709d249677e285f459ff923cb8eef2	p/CQyQayZFtUZ/	image	2021-07-01	6300	41	no	no	party_no	1
95e1ccd5a31c56d6141fd6d5d61ab17a	p/CQyDYZSMcPB/	image	2021-07-01	19176	482	yes	yes	party_yes_neg	0
999ca23c12d60d2ffe616d20886ea3d5	p/CQyAABLr5R7/	image	2021-07-01	9570	92	no	yes	party_no	1
509fd100a396a6346c9af819821e4d31	p/CQx2J0sMKV0/	image	2021-07-01	934	25	no	no	party_no	0
44532d9df81f73c4cba293f99de2e3cf	p/CQxzw_YLfKe/	image	2021-07-01	17499	92	no	yes	party_yes_neg	0
998426ae2619d42a0549fba42cf19317	p/CQxu29ZrVoB/	image	2021-07-01	0	686	yes	no	party_no	1
2901627895163b68e80ed17c4d72f13b	p/CQxtn_0s8dw/	image	2021-07-01	3445	94	yes	yes	party_yes_pos	0
0260d8d15a0c0c75ca4aad9479e7de61	p/CQxsyWVF4ZT/	image	2021-07-01	3009	23	no	no	party_no	1
46bcd29bb252a121e323f3a2c91d9e9d	p/CQ1lrBrMcQx/	image	2021-07-02	11175	255	no	yes	party_yes_pos	1
fc9051ee6bee590671e57890af4adea8	p/CQ1bBrDFJ_X/	image	2021-07-02	3692	147	no	no	party_no	1
17a5f19a99b3cf48a48b91f6808d8030	p/CQ1VL5Tlkzb/	image	2021-07-02	0	20	no	no	party_no	0
7040052f53fff5247ebb6071c14eca72	p/CQ1Rgx7Kvfj/	image	2021-07-02	1021	10	yes	no	party_no	1
f15f2f073b64cddd0ee21ba60e8dd04a	p/CQ1Lwk2rgKW/	image	2021-07-02	4669	18	no	yes	party_no	1
9280b43fc4589291743b48d67b5f8453	p/CQ1Ir-rHIw5/	image	2021-07-02	12166	54	yes	no	party_no	1
d19d7a97ecc0d202614f86d575122e80	p/CQ1HcjEIL0s/	video	2021-07-02	244	10	no	no	party_no	0
3a772b63ca0cf65622b4d5f70b364b75	p/CQ1BCETLsql/	image	2021-07-02	11364	374	no	no	party_no	0
421ce1b028eee70a26e9962a2b31829d	p/CQ0-rjJLeVn/	image	2021-07-02	10447	49	no	no	party_no	0
91527dbeb839b49f92fd2ba43724484f	p/CQ09CKIlDeU/	image	2021-07-02	679	30	yes	no	party_no	1
18bb3a1994c6ac4d5d434ebbbc9ac438	p/CQ04F4jMNPc/	image	2021-07-02	1700	20	no	no	party_no	0
bbcfea1530c4aeb2f0a00e2f94064300	p/CQ02QnUjZFE/	image	2021-07-02	3248	83	no	yes	party_yes_neg	0
509fd100a396a6346c9af819821e4d31	p/CQ0uSbdMt_f/	image	2021-07-02	1469	10	no	no	party_no	1
abb364b8fabce38da2e1212fe1445556	p/CQ0qnz7JXYS/	video	2021-07-02	15698	416	yes	no	party_no	0
d19d7a97ecc0d202614f86d575122e80	p/CQ0nS9eoYZq/	video	2021-07-02	137	8	no	no	party_no	0
5653c041dc67c29eb0f955a0e5cde4cf	p/CQ0lTOPr61C/	image	2021-07-02	60	3	no	no	party_no	0
4db79e097c0a133b2def2bf254f83dd9	p/CQ0jUw1ljnt/	image	2021-07-02	15350	901	no	yes	party_no	0
0260d8d15a0c0c75ca4aad9479e7de61	p/CQ0ibUJloZA/	image	2021-07-02	3000	25	yes	no	party_no	0
1b681edf149c774c3911235f7c94d231	p/CQ0hMiosMK_/	image	2021-07-02	0	9	no	yes	party_no	0
421ce1b028eee70a26e9962a2b31829d	p/CQ0e18UrnLY/	image	2021-07-02	4009	24	yes	no	party_no	1
e3709d249677e285f459ff923cb8eef2	p/CQ0cQSuFU3J/	image	2021-07-02	3371	12	no	no	party_no	0
7040052f53fff5247ebb6071c14eca72	p/CQ0T20uKEWh/	image	2021-07-02	4099	71	yes	no	party_no	0
bbcfea1530c4aeb2f0a00e2f94064300	p/CQ0QPCHjq5L/	image	2021-07-02	979	45	yes	no	party_no	1
e3b84111a8245e22e9034fc3a83b3a3b	tv/CQ0LVu0Kgc0/	video	2021-07-02	7916	433	yes	yes	party_yes_neg	0
04c60c55696c64c0abe0c3fd65eac3a5	p/CQ0Jen5s6bs/	image	2021-07-02	4143	74	yes	no	party_no	1
2901627895163b68e80ed17c4d72f13b	p/CQ0HR8TMym9/	image	2021-07-02	2761	93	no	yes	party_yes_pos	1
91527dbeb839b49f92fd2ba43724484f	p/CQ0FGcrFO-6/	image	2021-07-02	515	16	no	no	party_no	0
5653c041dc67c29eb0f955a0e5cde4cf	p/CQ0EEMZLOkd/	image	2021-07-02	46	0	no	yes	party_no	0
1411160f41f5bc887e062a57fe62d548	p/CQ0A96As5LA/	image	2021-07-02	249	13	no	no	party_no	1
a51f9cc0b672c20636dba6bd665f0143	p/CQ4FES5rV04/	image	2021-07-03	74170	533	yes	no	party_no	1
414fd19d3bf27f522543729f1abaf4bf	p/CQ33MhlDAG8/	image	2021-07-03	7163	128	yes	yes	party_no	1
63380ce6bc4b0ca331f8919b3615e41d	p/CQ3zAXZN0LO/	image	2021-07-03	107267	709	yes	no	party_no	1
658c73b9d87f9c9168492328fd3a1a1e	p/CQ3yNMZHfeO/	image	2021-07-03	1279	22	yes	yes	party_yes_pos	1
44532d9df81f73c4cba293f99de2e3cf	p/CQ3wYv8Ld6F/	image	2021-07-03	13008	31	yes	no	party_no	1
e3709d249677e285f459ff923cb8eef2	p/CQ3v9hNFOgN/	image	2021-07-03	2787	10	no	no	party_no	0
084bc5eda4c65fe9c3483d53ea84a4f8	p/CQ3vaUSD7mS/	image	2021-07-03	15827	121	yes	yes	party_yes_pos	1
04efabf9ee38896016be90e0a36f0116	p/CQ3uA85D9di/	image	2021-07-03	184	8	no	no	party_no	0
509fd100a396a6346c9af819821e4d31	p/CQ3oSh0sUiI/	image	2021-07-03	4243	170	no	no	party_no	1
3e55b3fc1db92c19d683086ceb419a74	p/CQ3UC6Hpb6y/	image	2021-07-03	1153	14	no	no	party_no	1
e3b84111a8245e22e9034fc3a83b3a3b	p/CQ3TL8DMqwZ/	image	2021-07-03	13081	115	no	yes	party_yes_neg	1
2535ad1b1c1c85c3245e969cda1726bd	p/CQ3Qrctrb95/	image	2021-07-03	682	13	no	no	party_no	1
18bb3a1994c6ac4d5d434ebbbc9ac438	p/CQ3MCd8sNnk/	image	2021-07-03	1397	20	no	no	party_no	1
6de3f6b28222b00127fc038bf7bb4f33	p/CQ29PeOs_v-/	image	2021-07-03	1098	9	no	yes	party_no	0
f33c10f173a676eedcf535592d3e6812	p/CQ24LEPJVkB/	image	2021-07-03	1746	45	yes	no	party_no	1
a87b62512ea38bddd84d26e94d8b8376	tv/CQ20iBsqIgi/	video	2021-07-03	601	15	no	yes	party_yes_neg	0
04c60c55696c64c0abe0c3fd65eac3a5	p/CQ2utfyMIL5/	image	2021-07-03	4174	737	yes	no	party_no	1
d77e6efe2975c90db6471402061abcf7	p/CQ7Bbw_lw85/	image	2021-07-04	542	2	no	no	party_no	0
e3b84111a8245e22e9034fc3a83b3a3b	p/CQ61m2usvjw/	image	2021-07-04	10681	322	no	yes	party_yes_neg	0
d19d7a97ecc0d202614f86d575122e80	p/CQ6tG6qDK6q/	video	2021-07-04	164	3	no	no	party_no	0
9280b43fc4589291743b48d67b5f8453	p/CQ6rMQjn_s0/	image	2021-07-04	11359	84	no	no	party_no	1
d19d7a97ecc0d202614f86d575122e80	p/CQ6pkm9Dx_H/	video	2021-07-04	99	1	no	no	party_no	0
29643a30042ea2c66083053117f14cf1	p/CQ6myk3AZho/	image	2021-07-04	8943	13	no	no	party_no	0
29643a30042ea2c66083053117f14cf1	p/CQ6mRc0gWZ-/	image	2021-07-04	24047	114	no	no	party_no	0
1b681edf149c774c3911235f7c94d231	tv/CQ6jrc_qxI_/	video	2021-07-04	1173	28	no	yes	party_yes_neg	0
fc9051ee6bee590671e57890af4adea8	p/CQ6g5uNshQ4/	image	2021-07-04	3613	129	no	no	party_no	1
1f1cce919dd7476d910282e2048c4ed6	p/CQ6bYtJsduQ/	image	2021-07-04	646	60	no	no	party_no	0
44532d9df81f73c4cba293f99de2e3cf	p/CQ6Y2sSrgvc/	image	2021-07-04	16195	171	no	no	party_no	0
30d52d191d094d0c5999ed827021e8a5	p/CQ6W0tKrF4Z/	image	2021-07-04	1508	45	no	no	party_no	0
bbcfea1530c4aeb2f0a00e2f94064300	p/CQ6Q6whj2hs/	image	2021-07-04	755	11	yes	no	party_no	1
084bc5eda4c65fe9c3483d53ea84a4f8	p/CQ6KaucDr3s/	image	2021-07-04	31798	285	no	no	party_no	0
a51f9cc0b672c20636dba6bd665f0143	p/CQ56tyyrtzt/	image	2021-07-04	115521	1519	no	no	party_no	1
d77e6efe2975c90db6471402061abcf7	tv/CQ55T21jRl0/	video	2021-07-04	1270	70	no	no	party_no	0
abb364b8fabce38da2e1212fe1445556	p/CQ5zlqnJIBe/	image	2021-07-04	26586	249	no	no	party_no	0
abb364b8fabce38da2e1212fe1445556	p/CQ5yPkzp6NQ/	image	2021-07-04	24694	148	no	no	party_no	1
44532d9df81f73c4cba293f99de2e3cf	p/CQ5ubHUr1wd/	video	2021-07-04	6797	58	yes	yes	party_yes_neg	1
8a20805268a91bf8fc6bb42a3cf942da	p/CQ5tDb1MGbn/	image	2021-07-04	1823	107	no	no	party_no	0
999ca23c12d60d2ffe616d20886ea3d5	p/CQ5skp0rvwa/	video	2021-07-04	3452	433	no	no	party_no	1
f15f2f073b64cddd0ee21ba60e8dd04a	p/CQ5q6lpiVG8/	video	2021-07-04	1255	16	yes	yes	party_yes_pos	1
084bc5eda4c65fe9c3483d53ea84a4f8	p/CQ5rKiHjYKQ/	video	2021-07-04	6073	44	yes	yes	party_no	0
91527dbeb839b49f92fd2ba43724484f	p/CQ5nA8lMcxk/	image	2021-07-04	734	32	yes	no	party_no	1
e79d13565432a6daaedafa89a1371bb3	p/CQ5miY8MVLI/	video	2021-07-04	3323	76	yes	no	party_no	0
717d66373741268b2293e72655414b72	p/CQ5he18D2BO/	image	2021-07-04	10592	78	no	no	party_no	1
f33c10f173a676eedcf535592d3e6812	p/CQ5chpMJSah/	image	2021-07-04	1333	24	no	no	party_no	1
44532d9df81f73c4cba293f99de2e3cf	p/CQ9gl5lrYcu/	image	2021-07-05	33790	163	no	yes	party_no	1
02d2362a9cbe48bf56e74123a5d17a51	p/CQ9bD_ZseLA/	image	2021-07-05	421	6	yes	yes	party_no	1
b3fa9a6b502321f8f0e30b06f69a60ab	p/CQ9UbNMJ5ID/	image	2021-07-05	394	2	no	yes	party_no	0
dbd1313429684accb33e0ceec9274d7b	p/CQ9OPWAl4US/	image	2021-07-05	5190	190	no	yes	party_no	0
a51f9cc0b672c20636dba6bd665f0143	p/CQ9MCBULAe6/	image	2021-07-05	87782	272	yes	no	party_no	1
04c60c55696c64c0abe0c3fd65eac3a5	p/CQ9HHkssnWx/	image	2021-07-05	2284	92	no	no	party_no	1
4db79e097c0a133b2def2bf254f83dd9	p/CQ9F6XNlqg4/	image	2021-07-05	10173	192	no	no	party_no	0
50ae8a403ea23858fe2dce4149927d95	tv/CQ9DM28D2c7/	video	2021-07-05	42774	5128	yes	no	party_no	0
63380ce6bc4b0ca331f8919b3615e41d	p/CQ85BYdtk16/	image	2021-07-05	123981	820	no	yes	party_no	1
8812e6e135f142629315652e363d740d	p/CQ81m6KLA0N/	image	2021-07-05	3738	26	yes	no	party_no	1
d19d7a97ecc0d202614f86d575122e80	p/CQ80rUMNYp1/	image	2021-07-05	251	19	no	yes	party_yes_neg	0
a87b62512ea38bddd84d26e94d8b8376	p/CQ8pobCMpda/	image	2021-07-05	896	8	no	yes	party_yes_neg	0
0260d8d15a0c0c75ca4aad9479e7de61	p/CQ8eQyvlc07/	image	2021-07-05	1304	18	no	no	party_no	0
7a775131d1c2e8d51ff2962e7002d4d6	p/CQ8bLMJl-nQ/	image	2021-07-05	10225	285	no	no	party_no	1
d19d7a97ecc0d202614f86d575122e80	p/CQ8S4SHtv8G/	image	2021-07-05	214	5	yes	no	party_no	0
843995b2f47a14055d3723f8a8617456	p/CQ8Oqk-sMFU/	image	2021-07-05	239	1	no	yes	party_yes_neg	0
bbcfea1530c4aeb2f0a00e2f94064300	p/CQ8JYlDDje5/	image	2021-07-05	1679	98	yes	yes	party_yes_neg	0
7b0ad56a98c5c99204fa635d5c66e2e3	p/CQ8HyQCng4b/	image	2021-07-05	10564	238	no	yes	party_no	0
bf0477239c7c653961cd1a9dab396cf1	p/CQ8E34qJ4bU/	image	2021-07-05	16696	204	no	no	party_no	1
abb364b8fabce38da2e1212fe1445556	p/CQ8EqNApV1o/	video	2021-07-05	13005	195	no	no	party_no	0
f33c10f173a676eedcf535592d3e6812	p/CQ7w1UvpVSW/	image	2021-07-05	1594	22	no	no	party_no	1
04efabf9ee38896016be90e0a36f0116	p/CQ7wR-0jEVc/	image	2021-07-05	311	15	yes	no	party_no	1
165f4ad1f616ac1f05281d947d0a1a97	p/CQ_y6L-pjxh/	image	2021-07-06	1433	94	yes	no	party_no	0
717d66373741268b2293e72655414b72	p/CQ_yCKDDnHX/	image	2021-07-06	12547	109	yes	no	party_no	1
a51f9cc0b672c20636dba6bd665f0143	p/CQ_qKfxr0l7/	image	2021-07-06	58300	314	yes	no	party_no	1
3a772b63ca0cf65622b4d5f70b364b75	p/CQ_nItVL5Wq/	image	2021-07-06	4578	56	no	no	party_no	0
95e1ccd5a31c56d6141fd6d5d61ab17a	p/CQ_k9z1J5VY/	image	2021-07-06	3556	89	no	yes	party_yes_neg	0
3f4101f715d42d39a3df3dd0057c3e07	tv/CQ_jhirq2q-/	video	2021-07-06	373	8	no	yes	party_no	0
843995b2f47a14055d3723f8a8617456	p/CQ_hU8QsNkW/	image	2021-07-06	200	0	no	yes	party_no	0
04c60c55696c64c0abe0c3fd65eac3a5	p/CQ_hDo4MWWl/	image	2021-07-06	1454	35	no	no	party_no	1
18bb3a1994c6ac4d5d434ebbbc9ac438	p/CQ_fG6YM8MM/	image	2021-07-06	1388	20	yes	no	party_no	1
0260d8d15a0c0c75ca4aad9479e7de61	p/CQ_bMACF0Ce/	image	2021-07-06	1751	32	no	no	party_no	0
1411160f41f5bc887e062a57fe62d548	p/CQ_P0UDMpyI/	image	2021-07-06	331	7	no	no	party_no	1
421ce1b028eee70a26e9962a2b31829d	p/CQ-4IiFLeph/	image	2021-07-06	6868	36	yes	no	party_no	1
e3b84111a8245e22e9034fc3a83b3a3b	tv/CQ-z-wLKdjr/	video	2021-07-06	11066	345	no	yes	party_yes_neg	0
04efabf9ee38896016be90e0a36f0116	p/CQ-v9QzDyFq/	image	2021-07-06	205	5	no	no	party_no	0
44532d9df81f73c4cba293f99de2e3cf	p/CQ-soR_ltKM/	image	2021-07-06	15312	37	no	no	party_no	1
9348b4661a6dbc0004286afb82afd93c	p/CQ-o0otMjMu/	image	2021-07-06	443	15	no	no	party_no	0
91527dbeb839b49f92fd2ba43724484f	p/CQ-oqe_lUPv/	image	2021-07-06	498	25	no	no	party_no	0
999ca23c12d60d2ffe616d20886ea3d5	p/CQ-lmApr9Hj/	image	2021-07-06	4461	84	yes	yes	party_no	1
02d2362a9cbe48bf56e74123a5d17a51	p/CQ-irQEsihT/	image	2021-07-06	933	11	no	no	party_no	1
44532d9df81f73c4cba293f99de2e3cf	p/CRCejqQrXMK/	image	2021-07-07	14592	80	no	no	party_no	1
e3b84111a8245e22e9034fc3a83b3a3b	p/CRCayjWMEa_/	image	2021-07-07	24804	379	no	yes	party_yes_neg	0
e3709d249677e285f459ff923cb8eef2	p/CRCXNeuFVA5/	image	2021-07-07	1223	1	no	no	party_no	1
c9064727402c71160531bde4c2f423e9	p/CRCRzGxsDEd/	image	2021-07-07	10589	112	yes	no	party_no	0
999ca23c12d60d2ffe616d20886ea3d5	p/CRCLSLzruWf/	image	2021-07-07	8145	17	no	no	party_no	1
fc9051ee6bee590671e57890af4adea8	p/CRCK29dFLBy/	image	2021-07-07	5600	141	no	no	party_no	1
f9794eccdcb70857e906c191cd262179	p/CRCDNmhjxx-/	image	2021-07-07	117	1	yes	no	party_no	1
63380ce6bc4b0ca331f8919b3615e41d	p/CRCChU_tInM/	image	2021-07-07	124412	418	no	yes	party_no	1
0260d8d15a0c0c75ca4aad9479e7de61	p/CRCCK3hFGAr/	image	2021-07-07	3439	39	no	no	party_no	0
b3fa9a6b502321f8f0e30b06f69a60ab	tv/CRBm_q6p4vY/	video	2021-07-07	78	2	no	yes	party_yes_pos	0
9280b43fc4589291743b48d67b5f8453	p/CRBxErgHtTU/	image	2021-07-07	9608	76	yes	no	party_no	1
3f4101f715d42d39a3df3dd0057c3e07	p/CRBwusBsPKa/	image	2021-07-07	1067	13	yes	yes	party_no	0
4305f7ad511de6ee2ba458c283177399	p/CRBuPhjgIyS/	image	2021-07-07	3867	53	no	no	party_no	0
f15f2f073b64cddd0ee21ba60e8dd04a	p/CRBsD6kDWoD/	image	2021-07-07	3168	50	yes	yes	party_yes_pos	1
4d3cd7d71e60ad913f89cb051d0f40eb	p/CRBjwlIgCT1/	image	2021-07-07	94259	337	no	no	party_no	0
04c60c55696c64c0abe0c3fd65eac3a5	p/CRBjMRxsTvr/	image	2021-07-07	1698	30	yes	no	party_no	1
a87b62512ea38bddd84d26e94d8b8376	tv/CRBTF6hqAu3/	video	2021-07-07	2543	95	no	yes	party_yes_pos	0
91527dbeb839b49f92fd2ba43724484f	p/CRBTsHXFfm-/	image	2021-07-07	796	27	yes	no	party_no	1
04efabf9ee38896016be90e0a36f0116	p/CRBDentjxqv/	image	2021-07-07	244	15	no	no	party_no	0
1f1cce919dd7476d910282e2048c4ed6	p/CRBCcYusNYa/	image	2021-07-07	0	6	no	yes	party_no	0
bbcfea1530c4aeb2f0a00e2f94064300	p/CRA9tjHD3rQ/	image	2021-07-07	761	25	yes	no	party_no	0
7b0ad56a98c5c99204fa635d5c66e2e3	p/CRFDwbhHK9U/	image	2021-07-08	9111	109	no	no	party_no	1
717d66373741268b2293e72655414b72	p/CRE9AM_jj3f/	image	2021-07-08	10932	81	no	no	party_no	1
a51f9cc0b672c20636dba6bd665f0143	p/CRE7eS_L2_3/	image	2021-07-08	71324	353	no	no	party_no	1
4db79e097c0a133b2def2bf254f83dd9	p/CREzr9DF0KI/	image	2021-07-08	4712	56	no	no	party_no	0
fc9051ee6bee590671e57890af4adea8	p/CREwwY8l_Ly/	image	2021-07-08	10719	719	yes	no	party_no	1
4305f7ad511de6ee2ba458c283177399	p/CREuXZAgwi7/	image	2021-07-08	2401	30	yes	no	party_no	0
0260d8d15a0c0c75ca4aad9479e7de61	p/CREtdaiFHyH/	image	2021-07-08	1740	14	no	no	party_no	1
18bb3a1994c6ac4d5d434ebbbc9ac438	p/CREnHbxsK-h/	image	2021-07-08	1572	15	yes	no	party_no	1
8812e6e135f142629315652e363d740d	p/CREkZUqLh3-/	image	2021-07-08	3902	36	no	no	party_no	1
d19d7a97ecc0d202614f86d575122e80	p/CREg4ArtyJG/	image	2021-07-08	317	23	no	no	party_no	0
7040052f53fff5247ebb6071c14eca72	p/CREgi7vKckt/	image	2021-07-08	2855	28	no	yes	party_no	0
44532d9df81f73c4cba293f99de2e3cf	p/CREd5mKLkuP/	image	2021-07-08	13734	26	no	no	party_no	1
999ca23c12d60d2ffe616d20886ea3d5	p/CREVMXIreuH/	image	2021-07-08	10338	240	yes	yes	party_no	1
e3709d249677e285f459ff923cb8eef2	p/CREU1s6lXvi/	image	2021-07-08	6134	66	no	no	party_no	0
04c60c55696c64c0abe0c3fd65eac3a5	p/CRESJd5M5jV/	image	2021-07-08	3108	104	no	no	party_no	1
421ce1b028eee70a26e9962a2b31829d	p/CREREzLrEW1/	image	2021-07-08	9577	63	no	no	party_no	1
bbcfea1530c4aeb2f0a00e2f94064300	p/CRDtZX1DZdM/	image	2021-07-08	1134	34	no	yes	party_yes_neg	0
084bc5eda4c65fe9c3483d53ea84a4f8	p/CRDsQtdDUSL/	image	2021-07-08	34528	159	no	no	party_no	0
30d52d191d094d0c5999ed827021e8a5	p/CRDnBe5rMMf/	image	2021-07-08	1296	34	yes	no	party_no	1
b645c1a0fe2ac8266cd11de1847e16fc	p/CRH4FKQLHb-/	image	2021-07-09	819	11	yes	no	party_no	0
998426ae2619d42a0549fba42cf19317	p/CRHrColBDeq/	image	2021-07-09	0	41	no	no	party_no	1
44532d9df81f73c4cba293f99de2e3cf	p/CRHlqeYhnkQ/	image	2021-07-09	12709	175	no	no	party_no	1
4db79e097c0a133b2def2bf254f83dd9	p/CRHZwBgloMv/	image	2021-07-09	4352	41	no	no	party_no	1
165f4ad1f616ac1f05281d947d0a1a97	p/CRHVFaBMKKZ/	image	2021-07-09	1003	55	no	yes	party_no	1
b79655cd998ca55b7eac33a2ba155d0a	p/CRHQ3uLsDez/	image	2021-07-09	871	23	no	no	party_no	0
beb7a24bb66e7c1b3e1d41bacb6186b4	p/CRHPL7CshNQ/	image	2021-07-09	3946	24	yes	no	party_no	1
3a772b63ca0cf65622b4d5f70b364b75	p/CRHOMZPrWgu/	image	2021-07-09	8752	347	no	yes	party_yes_pos	1
63380ce6bc4b0ca331f8919b3615e41d	p/CRHMO4MtmUJ/	image	2021-07-09	96674	435	yes	no	party_no	1
c6c3274af5099ade030972d5ced222b1	p/CRHMCm9FDWl/	image	2021-07-09	848	39	no	yes	party_no	0
e3709d249677e285f459ff923cb8eef2	p/CRHF57ZFTrU/	image	2021-07-09	2432	14	no	no	party_no	1
4305f7ad511de6ee2ba458c283177399	p/CRHEAtSAfTS/	image	2021-07-09	2822	29	no	no	party_no	0
084bc5eda4c65fe9c3483d53ea84a4f8	p/CRHD2qmj04I/	image	2021-07-09	24927	173	no	no	party_yes_pos	1
7121d6a4dc8f0e40f09a1e27038636dc	p/CRHA4GdreXO/	image	2021-07-09	16989	75	no	no	party_no	1
509fd100a396a6346c9af819821e4d31	p/CRG-2SEMSth/	image	2021-07-09	738	1	yes	yes	party_yes_pos	1
d19d7a97ecc0d202614f86d575122e80	p/CRG3nQhtlaG/	image	2021-07-09	45	1	yes	no	party_no	0
91527dbeb839b49f92fd2ba43724484f	p/CRGkuMGlLab/	image	2021-07-09	1036	40	yes	no	party_no	1
999ca23c12d60d2ffe616d20886ea3d5	p/CRGikldrKws/	image	2021-07-09	6419	93	yes	no	party_no	1
d19d7a97ecc0d202614f86d575122e80	p/CRGfRxcNZ__/	image	2021-07-09	127	2	yes	no	party_no	0
7b0ad56a98c5c99204fa635d5c66e2e3	p/CRGeeusnAqy/	image	2021-07-09	10815	169	no	no	party_no	0
421ce1b028eee70a26e9962a2b31829d	p/CRGdg0kLzzA/	image	2021-07-09	5671	28	no	no	party_no	1
bbcfea1530c4aeb2f0a00e2f94064300	p/CRGZ778jqXm/	image	2021-07-09	1131	49	yes	no	party_no	1
c9064727402c71160531bde4c2f423e9	p/CRGN5vMsaUc/	image	2021-07-09	12825	61	no	no	party_no	0
04c60c55696c64c0abe0c3fd65eac3a5	p/CRGMwcLMY-Q/	image	2021-07-09	1657	54	yes	no	party_no	1
f33c10f173a676eedcf535592d3e6812	p/CRGG7lvJUDK/	image	2021-07-09	2671	50	no	no	party_no	1
4305f7ad511de6ee2ba458c283177399	p/CRKUXUtALNK/	video	2021-07-10	1823	19	no	no	party_no	0
7b0ad56a98c5c99204fa635d5c66e2e3	p/CRKP-PJnyH3/	image	2021-07-10	9833	330	no	no	party_no	0
9280b43fc4589291743b48d67b5f8453	p/CRKInEQnWHJ/	image	2021-07-10	20315	215	no	no	party_no	0
e3709d249677e285f459ff923cb8eef2	p/CRKA_wplirR/	image	2021-07-10	1877	9	yes	no	party_no	1
bf0477239c7c653961cd1a9dab396cf1	p/CRJ-m-WJnsx/	image	2021-07-10	10524	115	no	no	party_no	0
fc9051ee6bee590671e57890af4adea8	p/CRJ4f5el5wY/	image	2021-07-10	4126	98	no	no	party_no	1
e3b84111a8245e22e9034fc3a83b3a3b	p/CRJ4cO4Msf7/	image	2021-07-10	12344	67	no	no	party_no	0
509fd100a396a6346c9af819821e4d31	p/CRJ3Xj2Mh4g/	image	2021-07-10	1249	17	no	no	party_no	1
998426ae2619d42a0549fba42cf19317	p/CRJzoNWrFQb/	image	2021-07-10	0	16	no	no	party_no	1
17a5f19a99b3cf48a48b91f6808d8030	p/CRJy8r5l4FA/	image	2021-07-10	0	4	yes	no	party_no	1
d19d7a97ecc0d202614f86d575122e80	p/CRJyzCIN8Is/	image	2021-07-10	69	2	yes	yes	party_yes_neg	0
63380ce6bc4b0ca331f8919b3615e41d	p/CRJxCRfNYmW/	image	2021-07-10	191153	2438	no	yes	party_yes_pos	1
5653c041dc67c29eb0f955a0e5cde4cf	p/CRJwqylrIMx/	image	2021-07-10	35	9	yes	no	party_no	0
999ca23c12d60d2ffe616d20886ea3d5	p/CRJwC9WIMrn/	image	2021-07-10	6343	68	yes	no	party_no	1
8812e6e135f142629315652e363d740d	p/CRJveg3r6Yy/	image	2021-07-10	3340	21	no	no	party_no	0
18bb3a1994c6ac4d5d434ebbbc9ac438	p/CRJvTKCs0hD/	image	2021-07-10	630	0	yes	no	party_no	1
46bcd29bb252a121e323f3a2c91d9e9d	p/CRJjd7psUa_/	image	2021-07-10	13107	260	no	yes	party_yes_neg	1
e3709d249677e285f459ff923cb8eef2	p/CRJjDPSlEBT/	image	2021-07-10	4418	25	no	no	party_no	1
b3fa9a6b502321f8f0e30b06f69a60ab	p/CRJOuLtpv91/	image	2021-07-10	165	2	no	yes	party_yes_neg	0
30d52d191d094d0c5999ed827021e8a5	p/CRI7jyArHfZ/	image	2021-07-10	1875	46	no	no	party_no	0
843995b2f47a14055d3723f8a8617456	p/CRI6Jm_MOAW/	image	2021-07-10	4994	60	no	yes	party_no	0
abb364b8fabce38da2e1212fe1445556	tv/CRI5TztogXh/	video	2021-07-10	12124	408	no	no	party_no	0
fc9051ee6bee590671e57890af4adea8	p/CRIzVJyF5uE/	image	2021-07-10	3919	73	no	no	party_no	1
04efabf9ee38896016be90e0a36f0116	p/CRIxWn1jm46/	image	2021-07-10	235	8	no	no	party_no	1
a416141ea0939d3ed149f7a21887b1c4	p/CRM4sS8nhZW/	video	2021-07-11	496	0	yes	no	party_no	1
9348b4661a6dbc0004286afb82afd93c	p/CRMyaujsUnB/	image	2021-07-11	298	9	no	no	party_no	0
e3709d249677e285f459ff923cb8eef2	p/CRMv2vzlofk/	image	2021-07-11	2252	5	no	no	party_no	1
a47133133ee53a4550d03fb250b26f21	p/CRMp5tXIAMt/	video	2021-07-11	420	26	no	no	party_no	0
4305f7ad511de6ee2ba458c283177399	p/CRMn9IiA7Nc/	image	2021-07-11	1293	14	no	no	party_no	0
bf0477239c7c653961cd1a9dab396cf1	p/CRMlxBupPiU/	image	2021-07-11	7401	69	no	no	party_no	1
29643a30042ea2c66083053117f14cf1	p/CRMeuWDAD9r/	image	2021-07-11	7703	24	no	no	party_no	1
a47133133ee53a4550d03fb250b26f21	p/CRMcva-MMBG/	image	2021-07-11	1143	28	no	no	party_no	0
fc9051ee6bee590671e57890af4adea8	p/CRMavESl4mC/	image	2021-07-11	3500	40	no	no	party_no	1
6de3f6b28222b00127fc038bf7bb4f33	p/CRMZtVksrlZ/	image	2021-07-11	862	13	no	no	party_no	0
0260d8d15a0c0c75ca4aad9479e7de61	p/CRMZcBDll8S/	image	2021-07-11	1262	8	no	no	party_no	1
f33c10f173a676eedcf535592d3e6812	p/CRMZFADJVaj/	image	2021-07-11	578	18	no	no	party_no	1
e6becd86c1252e619006b2c554bc68b1	p/CRMVy_yI3yd/	image	2021-07-11	9596	82	no	no	party_no	0
04c60c55696c64c0abe0c3fd65eac3a5	p/CRMVMuOM3Ow/	image	2021-07-11	0	18	yes	no	party_no	0
a416141ea0939d3ed149f7a21887b1c4	p/CRMR7DlIdcF/	video	2021-07-11	888	7	yes	no	party_no	1
04efabf9ee38896016be90e0a36f0116	p/CRMKtRIj75_/	image	2021-07-11	315	23	yes	no	party_no	0
29643a30042ea2c66083053117f14cf1	p/CRMKocOAFS7/	image	2021-07-11	10274	90	no	no	party_no	1
02d2362a9cbe48bf56e74123a5d17a51	p/CRL_ddLMx1T/	image	2021-07-11	1408	13	no	yes	party_yes_neg	1
b29524ce8b7d68292058bd2989a9b068	p/CRLzM_qMN5I/	image	2021-07-11	3677	70	no	yes	party_yes_neg	0
421ce1b028eee70a26e9962a2b31829d	p/CRLxEgXrl0i/	image	2021-07-11	9511	41	no	no	party_no	0
b29524ce8b7d68292058bd2989a9b068	p/CRLxAI_Mbqz/	image	2021-07-11	2685	12	no	yes	party_yes_neg	0
b29524ce8b7d68292058bd2989a9b068	p/CRLwlbCssJK/	image	2021-07-11	1709	13	no	yes	party_yes_neg	0
6d28c8b93351a8ccfdaf5b46065c129e	p/CRLvgnxrH1a/	image	2021-07-11	1954	26	no	yes	party_no	0
41796f0dfe474e750c6ce2898eca1736	p/CRLsyEwBBk7/	image	2021-07-11	17960	173	no	yes	party_no	0
843995b2f47a14055d3723f8a8617456	p/CRLozF3s_fy/	image	2021-07-11	141	1	yes	yes	party_yes_neg	0
f9794eccdcb70857e906c191cd262179	p/CRLoqXcj4IU/	image	2021-07-11	174	10	yes	no	party_no	0
a51f9cc0b672c20636dba6bd665f0143	p/CRLlM2uL47j/	image	2021-07-11	130036	412	no	no	party_no	1
b30a30781c4318dfa6e9ebf3e2d7be33	tv/CRLi0J4Ko6Y/	video	2021-07-11	681	8	no	yes	party_yes_neg	0
e3b84111a8245e22e9034fc3a83b3a3b	p/CRQZe_fswQd/	image	2021-07-13	131	4	no	no	party_no	0
f33c10f173a676eedcf535592d3e6812	p/CRQXF4EJK0m/	image	2021-07-13	154	5	no	no	party_no	1
a47133133ee53a4550d03fb250b26f21	p/CRPdNVDIapR/	video	2021-07-12	378	13	yes	no	party_no	0
b3fa9a6b502321f8f0e30b06f69a60ab	tv/CRPNokVplQt/	video	2021-07-12	64	2	no	yes	party_yes_pos	0
4305f7ad511de6ee2ba458c283177399	p/CRPMcoagltw/	image	2021-07-12	2914	59	no	no	party_no	0
dbd1313429684accb33e0ceec9274d7b	p/CRPLqrql2OV/	image	2021-07-12	2697	49	no	no	party_no	0
91527dbeb839b49f92fd2ba43724484f	p/CRPE1qklxBn/	image	2021-07-12	472	112	yes	no	party_no	1
a51f9cc0b672c20636dba6bd665f0143	p/CRPALDmLjZb/	image	2021-07-12	103506	510	no	no	party_no	1
b29524ce8b7d68292058bd2989a9b068	p/CRO-Rb6MPLI/	image	2021-07-12	4519	36	no	yes	party_no	0
e3b84111a8245e22e9034fc3a83b3a3b	p/CRO9bEZMJl3/	image	2021-07-12	22117	515	no	no	party_no	0
7a775131d1c2e8d51ff2962e7002d4d6	p/CRO85_6F9fK/	image	2021-07-12	7937	206	no	yes	party_yes_neg	1
9280b43fc4589291743b48d67b5f8453	p/CRO5hVOnVH5/	image	2021-07-12	11626	68	yes	no	party_no	1
a47133133ee53a4550d03fb250b26f21	p/CROyw4PoB7X/	video	2021-07-12	578	26	yes	no	party_no	0
2535ad1b1c1c85c3245e969cda1726bd	p/CROynLvrtEp/	image	2021-07-12	179	5	no	no	party_no	1
e3709d249677e285f459ff923cb8eef2	p/CROvrLPlo2R/	image	2021-07-12	2862	11	no	no	party_no	0
a47133133ee53a4550d03fb250b26f21	p/CROqPGFsizU/	image	2021-07-12	1461	39	no	yes	party_yes_neg	0
18bb3a1994c6ac4d5d434ebbbc9ac438	p/CROi7Nqsp89/	image	2021-07-12	1305	10	no	no	party_no	0
b29524ce8b7d68292058bd2989a9b068	p/CROhQBXMBOh/	image	2021-07-12	4294	113	no	yes	party_yes_neg	0
843995b2f47a14055d3723f8a8617456	p/CROd-VMMcNW/	image	2021-07-12	593	7	no	yes	party_yes_neg	0
6d28c8b93351a8ccfdaf5b46065c129e	p/CROakdAsnrx/	image	2021-07-12	5807	71	no	yes	party_no	0
6d28c8b93351a8ccfdaf5b46065c129e	p/CROPwLCsS5T/	image	2021-07-12	3256	96	yes	yes	party_yes_neg	1
51a943c7059f8984b0c3267d087ba610	p/CROMn7hDaw7/	image	2021-07-12	63010	747	no	yes	party_yes_neg	0
843995b2f47a14055d3723f8a8617456	p/CROG4rrMChC/	image	2021-07-12	1450	10	no	yes	party_yes_neg	0
a416141ea0939d3ed149f7a21887b1c4	p/CRODXbsnQZq/	video	2021-07-12	677	1	yes	no	party_no	1
18bb3a1994c6ac4d5d434ebbbc9ac438	p/CRTqqQbMxgm/	image	2021-07-14	117	2	no	no	party_no	0
4d3cd7d71e60ad913f89cb051d0f40eb	p/CRTnURbgEC5/	image	2021-07-14	30214	102	no	no	party_no	0
dc9512ec1ce1e86aa1f440bd9000ba2b	p/CRTbAz1NpVP/	image	2021-07-14	1822	26	yes	no	party_no	0
a416141ea0939d3ed149f7a21887b1c4	p/CRTa9AxrWXS/	image	2021-07-14	618	1	yes	no	party_no	1
a47133133ee53a4550d03fb250b26f21	p/CRTa0xrI1Oq/	video	2021-07-14	406	6	yes	no	party_no	0
b29524ce8b7d68292058bd2989a9b068	p/CRTYngds8wQ/	image	2021-07-14	817	8	no	yes	party_yes_neg	0
04c60c55696c64c0abe0c3fd65eac3a5	p/CRTWdyus1TS/	image	2021-07-14	0	10	yes	no	party_no	1
4db79e097c0a133b2def2bf254f83dd9	p/CRTTcDWlYXK/	image	2021-07-14	3439	116	yes	no	party_no	0
bbcfea1530c4aeb2f0a00e2f94064300	p/CRTJvcRjMrG/	image	2021-07-14	1224	50	no	yes	party_yes_neg	1
f33c10f173a676eedcf535592d3e6812	p/CRTCesvJ8Xd/	image	2021-07-14	479	18	no	no	party_no	0
a47133133ee53a4550d03fb250b26f21	p/CRSBaV3s7T_/	image	2021-07-13	0	9	yes	yes	party_yes_pos	0
b3fa9a6b502321f8f0e30b06f69a60ab	p/CRR8NXnI1eK/	video	2021-07-13	163	5	no	yes	party_no	0
a47133133ee53a4550d03fb250b26f21	p/CRR7sO7o9d-/	video	2021-07-13	0	17	yes	no	party_no	0
a47133133ee53a4550d03fb250b26f21	p/CRR2t_YsQqw/	image	2021-07-13	6652	117	no	yes	party_yes_neg	0
a47133133ee53a4550d03fb250b26f21	p/CRR1oOWs3YM/	image	2021-07-13	1450	52	yes	no	party_no	0
b30a30781c4318dfa6e9ebf3e2d7be33	p/CRR1C_ssD9u/	image	2021-07-13	2806	14	no	yes	party_yes_neg	0
7a775131d1c2e8d51ff2962e7002d4d6	p/CRRx5n-lpgK/	image	2021-07-13	8643	149	no	no	party_no	1
0260d8d15a0c0c75ca4aad9479e7de61	p/CRRv35KFjuw/	image	2021-07-13	2201	32	no	no	party_no	0
a51f9cc0b672c20636dba6bd665f0143	p/CRRvffiLc-r/	image	2021-07-13	120800	459	no	no	party_no	1
bf0477239c7c653961cd1a9dab396cf1	p/CRRsu-cJVHU/	image	2021-07-13	10126	97	no	no	party_no	1
fc9051ee6bee590671e57890af4adea8	p/CRRo6UVll9e/	image	2021-07-13	3491	58	no	no	party_no	1
717d66373741268b2293e72655414b72	p/CRRoIEXDIAN/	image	2021-07-13	9419	110	no	no	party_no	1
421ce1b028eee70a26e9962a2b31829d	p/CRRn91TMFIQ/	image	2021-07-13	11161	40	no	no	party_no	1
dc9512ec1ce1e86aa1f440bd9000ba2b	p/CRRla_0MFTm/	image	2021-07-13	1354	12	yes	no	party_no	0
95e1ccd5a31c56d6141fd6d5d61ab17a	p/CRRgVeXM6eA/	image	2021-07-13	2713	34	no	yes	party_yes_neg	0
999ca23c12d60d2ffe616d20886ea3d5	p/CRRW2gNI0Lc/	image	2021-07-13	12254	313	no	no	party_no	1
9348b4661a6dbc0004286afb82afd93c	p/CRVlhZWsMHV/	image	2021-07-15	175	31	no	yes	party_yes_neg	0
f33c10f173a676eedcf535592d3e6812	p/CRViJxapl4T/	image	2021-07-15	388	8	yes	no	party_no	1
9280b43fc4589291743b48d67b5f8453	p/CRUc-LbH4pf/	image	2021-07-14	8304	27	no	no	party_no	0
b3fa9a6b502321f8f0e30b06f69a60ab	p/CRUcAz-pV_i/	image	2021-07-14	205	39	no	yes	party_yes_neg	0
6d28c8b93351a8ccfdaf5b46065c129e	p/CRUa1_us2FF/	image	2021-07-14	1289	28	no	no	party_no	0
a47133133ee53a4550d03fb250b26f21	p/CRUXMEioA6w/	video	2021-07-14	0	6	yes	no	party_no	0
a47133133ee53a4550d03fb250b26f21	p/CRUVZQ3sbob/	image	2021-07-14	2174	56	yes	no	party_no	0
a47133133ee53a4550d03fb250b26f21	p/CRUSAnss4hu/	image	2021-07-14	0	33	yes	no	party_no	0
fc9051ee6bee590671e57890af4adea8	p/CRURQKiluMc/	image	2021-07-14	2671	158	yes	no	party_yes_pos	1
998426ae2619d42a0549fba42cf19317	p/CRUQKjjLR8X/	image	2021-07-14	0	33	no	no	party_no	0
a51f9cc0b672c20636dba6bd665f0143	p/CRUOGdbLktp/	image	2021-07-14	67325	563	no	no	party_no	1
30d52d191d094d0c5999ed827021e8a5	p/CRUIR20riZy/	image	2021-07-14	863	29	no	no	party_no	0
63380ce6bc4b0ca331f8919b3615e41d	p/CRUHoEtNDRp/	image	2021-07-14	115993	827	no	no	party_no	1
7eeb017b25eaa9aa28502c731a72a4f5	p/CRUF-AOH6RN/	image	2021-07-14	52287	141	no	no	party_no	0
7b0ad56a98c5c99204fa635d5c66e2e3	p/CRUFitiHhub/	image	2021-07-14	5976	186	yes	no	party_no	1
a47133133ee53a4550d03fb250b26f21	p/CRUA1mYIEg5/	video	2021-07-14	719	31	no	yes	party_yes_neg	0
a47133133ee53a4550d03fb250b26f21	p/CRT8aHus15f/	image	2021-07-14	0	49	yes	no	party_no	1
4305f7ad511de6ee2ba458c283177399	p/CRT4RuYAj7j/	image	2021-07-14	2756	38	no	no	party_no	0
44532d9df81f73c4cba293f99de2e3cf	p/CRT3rANLY6R/	image	2021-07-14	17549	84	yes	no	party_no	0
04efabf9ee38896016be90e0a36f0116	p/CRT1B15jdQ_/	image	2021-07-14	142	12	no	no	party_no	0
46bcd29bb252a121e323f3a2c91d9e9d	p/CRT0fBLMZ-2/	image	2021-07-14	12515	108	yes	no	party_no	1
29643a30042ea2c66083053117f14cf1	p/CRTz_BYgRWH/	image	2021-07-14	4574	42	yes	no	party_no	0
b29524ce8b7d68292058bd2989a9b068	p/CRTvlw1MdKI/	image	2021-07-14	1720	120	no	yes	party_yes_neg	0
d19d7a97ecc0d202614f86d575122e80	p/CRYTCcyND3O/	image	2021-07-16	26	0	yes	no	party_no	0
737f5d1796b09795ca3e544f1d1b8792	p/CRYPcSFqjNt/	video	2021-07-16	11989	482	no	yes	party_yes_neg	0
843995b2f47a14055d3723f8a8617456	p/CRXRhOMMThN/	image	2021-07-15	256	3	no	yes	party_yes_neg	0
c6c3274af5099ade030972d5ced222b1	p/CRXOaMBlAfV/	image	2021-07-15	534	14	no	no	party_no	0
4db79e097c0a133b2def2bf254f83dd9	p/CRXG4cGF-pR/	image	2021-07-15	6188	33	no	no	party_yes_pos	1
7b0ad56a98c5c99204fa635d5c66e2e3	p/CRXBhrOnN4A/	image	2021-07-15	9190	150	no	no	party_no	1
1bae0eb586a07353cbae66acec390de1	p/CRXAaEHAORH/	image	2021-07-15	56400	516	no	no	party_no	0
dbd1313429684accb33e0ceec9274d7b	p/CRW_FaYlJsv/	image	2021-07-15	2878	137	no	yes	party_yes_neg	0
bf0477239c7c653961cd1a9dab396cf1	p/CRW7xfHp5io/	image	2021-07-15	5210	49	yes	no	party_no	1
a51f9cc0b672c20636dba6bd665f0143	p/CRW4oYcr_Oa/	image	2021-07-15	67897	260	no	no	party_no	1
e3b84111a8245e22e9034fc3a83b3a3b	p/CRW4EXyM76y/	image	2021-07-15	16626	109	no	yes	party_yes_neg	0
7a775131d1c2e8d51ff2962e7002d4d6	p/CRWz3GFF-Wc/	image	2021-07-15	6771	129	no	yes	party_yes_neg	1
fc9051ee6bee590671e57890af4adea8	p/CRWywp5F_nv/	image	2021-07-15	2518	42	no	no	party_no	1
bbcfea1530c4aeb2f0a00e2f94064300	p/CRWsG8PD9bF/	image	2021-07-15	961	36	yes	no	party_no	1
e3709d249677e285f459ff923cb8eef2	p/CRWnWA5ldlZ/	image	2021-07-15	1827	5	no	no	party_no	1
29643a30042ea2c66083053117f14cf1	p/CRWmQF0AWzx/	image	2021-07-15	7673	27	yes	no	party_no	0
737f5d1796b09795ca3e544f1d1b8792	p/CRWf0sNsTi2/	image	2021-07-15	35350	938	no	yes	party_yes_neg	1
04c60c55696c64c0abe0c3fd65eac3a5	p/CRWaJB1sS7Q/	image	2021-07-15	0	60	no	no	party_no	1
e8dd5de276a74ab3abda0c6f828ac425	p/CRWWAMaMWhU/	image	2021-07-15	381	1	no	no	party_no	0
b30a30781c4318dfa6e9ebf3e2d7be33	p/CRWQQg3M-DG/	video	2021-07-15	309	10	no	yes	party_yes_pos	0
843995b2f47a14055d3723f8a8617456	p/CRZhfbGMJtf/	image	2021-07-16	561	4	no	yes	party_yes_pos	0
a51f9cc0b672c20636dba6bd665f0143	p/CRZhMWYLink/	image	2021-07-16	99906	386	no	no	party_no	1
f9794eccdcb70857e906c191cd262179	p/CRZc5XhD4dj/	image	2021-07-16	149	8	yes	no	party_no	1
c914dca22e622d4ada9246f9f4170126	p/CRZY9lzJo52/	image	2021-07-16	10425	225	no	yes	party_yes_neg	0
c9064727402c71160531bde4c2f423e9	p/CRZXedNMuzF/	image	2021-07-16	8528	46	yes	no	party_no	1
41796f0dfe474e750c6ce2898eca1736	p/CRZPBvdhKh7/	image	2021-07-16	24805	132	no	yes	party_yes_pos	0
17a5f19a99b3cf48a48b91f6808d8030	p/CRZOa15Cmgc/	image	2021-07-16	0	12	no	no	party_no	0
fc9051ee6bee590671e57890af4adea8	p/CRZOYSvF3PB/	image	2021-07-16	4909	63	no	no	party_no	1
63380ce6bc4b0ca331f8919b3615e41d	p/CRZNz1qtLPn/	image	2021-07-16	132197	669	no	no	party_no	1
0260d8d15a0c0c75ca4aad9479e7de61	p/CRZNSPslnoC/	image	2021-07-16	2790	33	yes	no	party_no	1
91527dbeb839b49f92fd2ba43724484f	p/CRZM8xBlNUo/	image	2021-07-16	610	21	yes	no	party_no	0
e3709d249677e285f459ff923cb8eef2	p/CRZIToCFUih/	image	2021-07-16	2135	12	yes	no	party_no	1
46bcd29bb252a121e323f3a2c91d9e9d	p/CRY3yYCMKK_/	image	2021-07-16	69510	2087	no	yes	party_yes_neg	0
4d3cd7d71e60ad913f89cb051d0f40eb	p/CRY26V1A_m-/	image	2021-07-16	201930	751	no	no	party_no	1
f15f2f073b64cddd0ee21ba60e8dd04a	tv/CRYzJWSl3KQ/	video	2021-07-16	1557	14	yes	yes	party_yes_pos	0
bbcfea1530c4aeb2f0a00e2f94064300	p/CRYxnNCjysE/	image	2021-07-16	751	28	yes	no	party_no	1
02d2362a9cbe48bf56e74123a5d17a51	p/CRYtuB2MywT/	image	2021-07-16	271	6	yes	no	party_no	0
9280b43fc4589291743b48d67b5f8453	p/CRYoAXfHJ-w/	image	2021-07-16	13306	56	yes	no	party_no	1
abb364b8fabce38da2e1212fe1445556	p/CRYbq4ypJko/	image	2021-07-16	8308	36	no	no	party_no	0
1f1cce919dd7476d910282e2048c4ed6	p/CRYZ0WasH4_/	image	2021-07-16	0	14	no	yes	party_no	0
02d2362a9cbe48bf56e74123a5d17a51	p/CRdidwPM0Kz/	image	2021-07-18	11	0	no	no	party_no	0
084bc5eda4c65fe9c3483d53ea84a4f8	p/CRdgMNUjDQe/	image	2021-07-18	3089	20	no	yes	party_yes_neg	1
4d3cd7d71e60ad913f89cb051d0f40eb	p/CRcJnOEAyEz/	image	2021-07-17	44286	80	no	no	party_no	0
e3709d249677e285f459ff923cb8eef2	p/CRcJgEbFlie/	image	2021-07-17	911	2	no	no	party_no	0
fc9051ee6bee590671e57890af4adea8	p/CRcFiO8lPgn/	image	2021-07-17	2901	69	no	no	party_no	1
737f5d1796b09795ca3e544f1d1b8792	p/CRb6khXqf8o/	video	2021-07-17	33220	1042	no	yes	party_yes_neg	0
30d52d191d094d0c5999ed827021e8a5	p/CRb1EIqrw4r/	image	2021-07-17	709	21	no	no	party_no	1
7b0ad56a98c5c99204fa635d5c66e2e3	p/CRbxiHVHLwn/	image	2021-07-17	7127	93	no	no	party_no	1
eca2f9b2c9316bd55ebfa59a772625f9	p/CRbxKveIer8/	video	2021-07-17	17686	28	no	no	party_no	0
b3fa9a6b502321f8f0e30b06f69a60ab	p/CRbvD6Ko3oA/	image	2021-07-17	585	5	no	yes	party_yes_pos	1
bf0477239c7c653961cd1a9dab396cf1	p/CRbppvep6Z-/	image	2021-07-17	0	0	no	yes	party_no	1
4db79e097c0a133b2def2bf254f83dd9	p/CRbppGClMJn/	image	2021-07-17	3993	56	yes	no	party_no	1
737f5d1796b09795ca3e544f1d1b8792	p/CRbnHGWsPhT/	image	2021-07-17	0	499	no	yes	party_yes_neg	1
999ca23c12d60d2ffe616d20886ea3d5	p/CRbbe7DoBuf/	image	2021-07-17	9821	240	no	yes	party_yes_neg	0
6d28c8b93351a8ccfdaf5b46065c129e	p/CRba0qFr1am/	image	2021-07-17	3619	41	no	yes	party_yes_neg	0
e3b84111a8245e22e9034fc3a83b3a3b	p/CRbat09sq4J/	image	2021-07-17	12672	311	no	no	party_no	0
6d28c8b93351a8ccfdaf5b46065c129e	p/CRbWqUWrOHm/	image	2021-07-17	4671	46	no	yes	party_yes_neg	0
d19d7a97ecc0d202614f86d575122e80	p/CRgIMhot9u9/	image	2021-07-19	11	0	yes	yes	party_yes_neg	0
51a943c7059f8984b0c3267d087ba610	p/CRgFILhj4Ai/	image	2021-07-19	4268	27	no	no	party_no	0
02d2362a9cbe48bf56e74123a5d17a51	p/CRgD4tesrku/	image	2021-07-19	135	5	no	no	party_no	0
bbcfea1530c4aeb2f0a00e2f94064300	p/CRf9dRqjrZd/	image	2021-07-19	390	16	yes	no	party_no	0
29643a30042ea2c66083053117f14cf1	p/CRey6rkAsSL/	image	2021-07-18	14374	39	no	no	party_no	0
b30a30781c4318dfa6e9ebf3e2d7be33	tv/CRewxWkqI7O/	video	2021-07-18	265	2	no	yes	party_yes_neg	0
6d28c8b93351a8ccfdaf5b46065c129e	p/CReu0LMFlZm/	video	2021-07-18	1174	27	no	no	party_no	1
421ce1b028eee70a26e9962a2b31829d	p/CRernwULsNp/	image	2021-07-18	3872	19	yes	no	party_no	1
9280b43fc4589291743b48d67b5f8453	p/CReo6oPHiy3/	image	2021-07-18	8825	21	no	no	party_no	1
fc9051ee6bee590671e57890af4adea8	p/CReoGTIFBqE/	image	2021-07-18	2526	47	no	no	party_no	1
95e1ccd5a31c56d6141fd6d5d61ab17a	p/CRebrzoMyrC/	image	2021-07-18	3396	25	yes	no	party_no	0
843995b2f47a14055d3723f8a8617456	p/CReYjCss_og/	image	2021-07-18	871	0	no	yes	party_yes_pos	0
63380ce6bc4b0ca331f8919b3615e41d	p/CReXXQDtJPE/	image	2021-07-18	65018	705	yes	yes	party_yes_pos	1
9348b4661a6dbc0004286afb82afd93c	p/CReXBqmMEto/	image	2021-07-18	355	27	no	yes	party_yes_neg	0
e3709d249677e285f459ff923cb8eef2	p/CReVCDylAPK/	image	2021-07-18	2907	10	no	no	party_no	0
e8dd5de276a74ab3abda0c6f828ac425	p/CReT82lMNvI/	image	2021-07-18	516	2	no	yes	party_no	1
bbcfea1530c4aeb2f0a00e2f94064300	p/CRePwV1D-vu/	image	2021-07-18	531	6	yes	yes	party_no	1
b3fa9a6b502321f8f0e30b06f69a60ab	p/CReJcvPIXph/	image	2021-07-18	577	3	no	yes	party_no	0
44532d9df81f73c4cba293f99de2e3cf	p/CReGDE6rKzt/	image	2021-07-18	17967	75	yes	no	party_no	1
998426ae2619d42a0549fba42cf19317	p/CReB1OXrSp4/	image	2021-07-18	0	74	no	no	party_no	0
4d3cd7d71e60ad913f89cb051d0f40eb	p/CReAdntAF6V/	image	2021-07-18	93468	241	no	no	party_no	0
d19d7a97ecc0d202614f86d575122e80	p/CRd-ZK1oWd0/	video	2021-07-18	304	8	no	yes	party_no	0
beb7a24bb66e7c1b3e1d41bacb6186b4	p/CRd7FJksPFH/	image	2021-07-18	5851	35	yes	no	party_no	1
9280b43fc4589291743b48d67b5f8453	p/CRifk59HipI/	image	2021-07-20	3475	16	yes	no	party_no	1
29643a30042ea2c66083053117f14cf1	p/CRhassjAfMM/	image	2021-07-19	7413	27	no	no	party_no	0
dbd1313429684accb33e0ceec9274d7b	p/CRhRB7QlJii/	image	2021-07-19	3425	122	no	no	party_no	0
02d2362a9cbe48bf56e74123a5d17a51	p/CRhOOsMszE-/	image	2021-07-19	290	2	no	no	party_no	0
fc9051ee6bee590671e57890af4adea8	p/CRhNOs8lYem/	image	2021-07-19	2502	34	no	no	party_no	1
2535ad1b1c1c85c3245e969cda1726bd	p/CRhLudbLqNW/	image	2021-07-19	783	31	no	no	party_no	1
b30a30781c4318dfa6e9ebf3e2d7be33	p/CRhLNOCsjfv/	image	2021-07-19	331	3	no	yes	party_yes_pos	0
c9064727402c71160531bde4c2f423e9	p/CRhCtEXsxt5/	image	2021-07-19	5678	564	no	no	party_no	0
a416141ea0939d3ed149f7a21887b1c4	p/CRhBSzBLVhe/	image	2021-07-19	1360	6	yes	no	party_no	1
a51f9cc0b672c20636dba6bd665f0143	p/CRg_tQ0rV6k/	image	2021-07-19	61235	181	no	no	party_no	1
ff98e5d7e2bc4eb8cd90c20d51477ce2	p/CRg98qKIxuL/	image	2021-07-19	2413	121	no	yes	party_yes_neg	0
30d52d191d094d0c5999ed827021e8a5	p/CRg9xKnrJf_/	image	2021-07-19	1125	46	no	no	party_no	0
7b0ad56a98c5c99204fa635d5c66e2e3	p/CRg9tmXgubg/	image	2021-07-19	11975	1392	yes	no	party_no	1
b3fa9a6b502321f8f0e30b06f69a60ab	tv/CRgmaj-oo9P/	video	2021-07-19	112	8	no	yes	party_no	0
843995b2f47a14055d3723f8a8617456	p/CRgzrLPMsQt/	image	2021-07-19	17858	261	no	yes	party_yes_neg	0
e3709d249677e285f459ff923cb8eef2	p/CRgyaH3Flkd/	image	2021-07-19	1887	15	no	no	party_no	1
c6c3274af5099ade030972d5ced222b1	p/CRgxB5Tl8p9/	image	2021-07-19	4346	91	yes	yes	party_yes_neg	0
a416141ea0939d3ed149f7a21887b1c4	p/CRguCVaoLh6/	video	2021-07-19	1010	10	yes	no	party_no	1
18bb3a1994c6ac4d5d434ebbbc9ac438	p/CRggbTksTw5/	image	2021-07-19	1110	13	no	no	party_no	1
4d3cd7d71e60ad913f89cb051d0f40eb	p/CRgdXefgVLk/	image	2021-07-19	45771	124	no	no	party_no	0
eca2f9b2c9316bd55ebfa59a772625f9	p/CRgdRrRAqJI/	image	2021-07-19	63431	189	no	no	party_no	0
737f5d1796b09795ca3e544f1d1b8792	p/CRgY-sPMYx7/	image	2021-07-19	0	347	no	yes	party_no	1
421ce1b028eee70a26e9962a2b31829d	p/CRgTwjjrcqh/	image	2021-07-19	8688	63	no	no	party_no	0
e8dd5de276a74ab3abda0c6f828ac425	p/CRgMhjGs5cu/	image	2021-07-19	481	2	yes	no	party_no	0
bbcfea1530c4aeb2f0a00e2f94064300	p/CRlHBn9jX55/	image	2021-07-21	1	0	no	yes	party_yes_neg	0
29643a30042ea2c66083053117f14cf1	p/CRj9jixgf8h/	image	2021-07-20	6806	41	no	no	party_no	0
999ca23c12d60d2ffe616d20886ea3d5	p/CRj7KqgLnPm/	image	2021-07-20	10894	87	no	no	party_no	1
a51f9cc0b672c20636dba6bd665f0143	p/CRjv68NL8xT/	image	2021-07-20	74488	202	no	no	party_no	1
abb364b8fabce38da2e1212fe1445556	p/CRjvFS8Jknx/	image	2021-07-20	1457	11	yes	yes	party_yes_pos	1
dc9512ec1ce1e86aa1f440bd9000ba2b	p/CRjovAeMWJy/	image	2021-07-20	6025	70	yes	no	party_no	0
6d28c8b93351a8ccfdaf5b46065c129e	p/CRjmyPlM76w/	image	2021-07-20	4099	55	no	no	party_no	1
084bc5eda4c65fe9c3483d53ea84a4f8	p/CRjmbK8DizT/	image	2021-07-20	23370	154	yes	no	party_no	0
63380ce6bc4b0ca331f8919b3615e41d	p/CRjkYvtNG4h/	image	2021-07-20	93010	644	no	no	party_no	1
e3709d249677e285f459ff923cb8eef2	p/CRjjZMpFXsp/	image	2021-07-20	1706	10	no	no	party_no	1
04efabf9ee38896016be90e0a36f0116	p/CRjgzijj8v6/	image	2021-07-20	217	15	no	no	party_no	1
e8dd5de276a74ab3abda0c6f828ac425	p/CRjYyoss5En/	image	2021-07-20	440	0	no	no	party_no	0
95e1ccd5a31c56d6141fd6d5d61ab17a	p/CRjWNfqM_Ia/	image	2021-07-20	1853	10	no	yes	party_yes_neg	0
ff98e5d7e2bc4eb8cd90c20d51477ce2	p/CRjPcaUICpT/	image	2021-07-20	1145	31	no	yes	party_yes_neg	0
29643a30042ea2c66083053117f14cf1	p/CRjNs0Hg6Zz/	image	2021-07-20	6070	32	no	no	party_no	0
4d3cd7d71e60ad913f89cb051d0f40eb	p/CRjEkkYAeVz/	image	2021-07-20	96569	163	no	no	party_no	0
bbcfea1530c4aeb2f0a00e2f94064300	tv/CRjC036I67P/	video	2021-07-20	183	9	yes	no	party_yes_pos	0
999ca23c12d60d2ffe616d20886ea3d5	p/CRi9YoYLn5L/	video	2021-07-20	3302	86	no	no	party_no	1
7b0ad56a98c5c99204fa635d5c66e2e3	p/CRi7bgJnQMC/	image	2021-07-20	54862	3921	no	no	party_no	1
737f5d1796b09795ca3e544f1d1b8792	p/CRi5ybwsxlb/	image	2021-07-20	0	412	no	yes	party_yes_pos	1
51a943c7059f8984b0c3267d087ba610	p/CRi4eWYD6y_/	image	2021-07-20	18475	229	yes	no	party_no	0
91527dbeb839b49f92fd2ba43724484f	p/CRi3CjvFY3T/	image	2021-07-20	407	20	no	no	party_no	0
ff98e5d7e2bc4eb8cd90c20d51477ce2	p/CRno5HIJqHX/	image	2021-07-22	1094	0	yes	yes	party_yes_neg	0
843995b2f47a14055d3723f8a8617456	p/CRnmjtRsfBo/	image	2021-07-22	182	1	no	yes	party_yes_pos	0
abb364b8fabce38da2e1212fe1445556	tv/CRmuy5uotl2/	video	2021-07-21	2658	72	yes	no	party_no	0
a51f9cc0b672c20636dba6bd665f0143	p/CRmdrtnrjgL/	image	2021-07-21	66554	139	no	no	party_no	1
91527dbeb839b49f92fd2ba43724484f	p/CRmcgbOFVbf/	image	2021-07-21	408	16	yes	no	party_no	1
9348b4661a6dbc0004286afb82afd93c	p/CRmPNrhMlo5/	image	2021-07-21	206	18	yes	yes	party_no	1
a416141ea0939d3ed149f7a21887b1c4	p/CRmJFwkHMFa/	video	2021-07-21	741	1	yes	no	party_no	1
717d66373741268b2293e72655414b72	p/CRmHBUyDAD1/	image	2021-07-21	6991	96	no	no	party_no	1
dc9512ec1ce1e86aa1f440bd9000ba2b	p/CRmDfkBFOzn/	video	2021-07-21	708	13	yes	yes	party_no	0
0260d8d15a0c0c75ca4aad9479e7de61	p/CRlwH9JBJPJ/	image	2021-07-21	2004	20	no	yes	party_no	0
4d3cd7d71e60ad913f89cb051d0f40eb	p/CRls26Hg3zd/	image	2021-07-21	148517	268	no	no	party_no	1
d19d7a97ecc0d202614f86d575122e80	p/CRlq-bJNvC6/	image	2021-07-21	445	49	no	yes	party_yes_neg	0
9280b43fc4589291743b48d67b5f8453	p/CRlpsj6ntV4/	image	2021-07-21	16267	47	no	no	party_no	0
843995b2f47a14055d3723f8a8617456	p/CRlg_YzMojV/	image	2021-07-21	791	23	no	yes	party_yes_neg	0
02d2362a9cbe48bf56e74123a5d17a51	p/CRlcmuMMb_i/	image	2021-07-21	347	4	no	no	party_no	0
6d28c8b93351a8ccfdaf5b46065c129e	p/CRqOiulMxaW/	image	2021-07-23	440	5	no	yes	party_yes_neg	0
843995b2f47a14055d3723f8a8617456	p/CRqMJ0ws7zb/	image	2021-07-23	362	20	no	yes	party_yes_neg	0
e3b84111a8245e22e9034fc3a83b3a3b	p/CRpCspDskQj/	image	2021-07-22	14314	105	no	no	party_no	0
dbd1313429684accb33e0ceec9274d7b	p/CRo_T3oF43I/	image	2021-07-22	2401	72	no	yes	party_no	0
bf0477239c7c653961cd1a9dab396cf1	p/CRo8TpHJRx0/	image	2021-07-22	9163	113	no	no	party_no	0
29643a30042ea2c66083053117f14cf1	p/CRo0oLQA8Gw/	image	2021-07-22	9352	44	no	no	party_no	0
717d66373741268b2293e72655414b72	p/CRo0TRbD4HE/	image	2021-07-22	4483	68	no	no	party_no	1
02d2362a9cbe48bf56e74123a5d17a51	p/CRoxKhnMHE4/	image	2021-07-22	190	1	yes	no	party_no	1
29643a30042ea2c66083053117f14cf1	p/CRopicAAbd1/	image	2021-07-22	6681	24	no	no	party_no	0
fc9051ee6bee590671e57890af4adea8	p/CRooaH6lSgu/	image	2021-07-22	4197	83	no	no	party_no	1
ff98e5d7e2bc4eb8cd90c20d51477ce2	p/CRolc9vIQyd/	image	2021-07-22	903	16	no	yes	party_yes_neg	0
d19d7a97ecc0d202614f86d575122e80	p/CRojMljtH9I/	image	2021-07-22	217	7	yes	yes	party_yes_neg	0
6d28c8b93351a8ccfdaf5b46065c129e	p/CRoewwOM8C_/	image	2021-07-22	2110	24	no	no	party_no	0
eca2f9b2c9316bd55ebfa59a772625f9	p/CRoaX-FgyuI/	image	2021-07-22	39976	117	yes	yes	party_yes_pos	1
c6c3274af5099ade030972d5ced222b1	p/CRoXwXiFxkS/	image	2021-07-22	1334	47	no	yes	party_yes_neg	0
737f5d1796b09795ca3e544f1d1b8792	p/CRoVO9eMrOV/	image	2021-07-22	0	334	no	yes	party_yes_pos	1
a416141ea0939d3ed149f7a21887b1c4	p/CRoQeHZrTVn/	image	2021-07-22	1663	10	yes	no	party_no	1
e3b84111a8245e22e9034fc3a83b3a3b	p/CRoKierM5uL/	image	2021-07-22	13907	258	no	yes	party_yes_neg	1
46bcd29bb252a121e323f3a2c91d9e9d	tv/CRn_hIxKPKB/	video	2021-07-22	6831	405	no	yes	party_yes_pos	0
abb364b8fabce38da2e1212fe1445556	p/CRn9dAYJRlN/	image	2021-07-22	8428	45	yes	no	party_no	1
abb364b8fabce38da2e1212fe1445556	p/CRn8zxCpqIX/	image	2021-07-22	6112	60	yes	no	party_no	1
abb364b8fabce38da2e1212fe1445556	p/CRn8iRYJrCI/	image	2021-07-22	12673	61	yes	no	party_no	1
e3b84111a8245e22e9034fc3a83b3a3b	p/CRsyMTtsgLu/	image	2021-07-24	10493	496	no	yes	party_no	0
9348b4661a6dbc0004286afb82afd93c	p/CRrnijdsWtG/	image	2021-07-23	273	35	no	yes	party_no	0
1bae0eb586a07353cbae66acec390de1	p/CRrgUc8A5c6/	image	2021-07-23	71692	222	yes	no	party_no	0
a51f9cc0b672c20636dba6bd665f0143	p/CRrcjlNrXck/	image	2021-07-23	97730	368	no	no	party_no	1
4305f7ad511de6ee2ba458c283177399	p/CRrTvRVAcTz/	image	2021-07-23	1704	32	yes	no	party_no	1
737f5d1796b09795ca3e544f1d1b8792	p/CRrR7HmseAc/	image	2021-07-23	0	465	no	yes	party_no	1
30d52d191d094d0c5999ed827021e8a5	p/CRrQ3CXLUL5/	image	2021-07-23	559	19	no	no	party_no	1
ff98e5d7e2bc4eb8cd90c20d51477ce2	p/CRrPFo9I-Nb/	video	2021-07-23	987	50	no	yes	party_yes_neg	0
a416141ea0939d3ed149f7a21887b1c4	tv/CRrJSQfHxPO/	video	2021-07-23	620	4	yes	no	party_no	0
d19d7a97ecc0d202614f86d575122e80	p/CRq9XKVtHxw/	image	2021-07-23	137	1	no	no	party_no	0
ff98e5d7e2bc4eb8cd90c20d51477ce2	p/CRq8dSUIduS/	image	2021-07-23	3014	44	no	yes	party_yes_neg	0
e3b84111a8245e22e9034fc3a83b3a3b	tv/CRq3-gMol1C/	video	2021-07-23	3806	57	no	yes	party_yes_neg	0
6d28c8b93351a8ccfdaf5b46065c129e	p/CRqzT9CLmYy/	image	2021-07-23	2199	44	no	yes	party_no	0
d19d7a97ecc0d202614f86d575122e80	p/CRqulOVN7As/	image	2021-07-23	62	0	yes	no	party_yes_pos	0
18bb3a1994c6ac4d5d434ebbbc9ac438	p/CRqr6_zMLlY/	image	2021-07-23	988	23	no	no	party_no	1
e3709d249677e285f459ff923cb8eef2	p/CRqozJ5lQfK/	image	2021-07-23	1622	4	no	no	party_no	0
414fd19d3bf27f522543729f1abaf4bf	p/CRvn5PXIvLT/	video	2021-07-25	10923	171	no	no	party_no	1
04efabf9ee38896016be90e0a36f0116	p/CRvmCbYjchB/	image	2021-07-25	380	32	no	no	party_no	0
d19d7a97ecc0d202614f86d575122e80	p/CRvl0hijpOa/	video	2021-07-25	352	10	no	no	party_no	0
9280b43fc4589291743b48d67b5f8453	p/CRvjMljHFLM/	image	2021-07-25	15689	44	no	no	party_no	0
30d52d191d094d0c5999ed827021e8a5	p/CRvin4ALOJv/	image	2021-07-25	983	44	yes	no	party_no	1
7b0ad56a98c5c99204fa635d5c66e2e3	p/CRvhoRnHxlg/	image	2021-07-25	19278	293	yes	no	party_no	0
d19d7a97ecc0d202614f86d575122e80	p/CRuHv0ct0N5/	image	2021-07-24	176	2	no	no	party_no	0
a51f9cc0b672c20636dba6bd665f0143	p/CRuE2i1LYzv/	image	2021-07-24	108352	454	yes	no	party_no	1
d19d7a97ecc0d202614f86d575122e80	p/CRuBZgYDZ47/	video	2021-07-24	253	7	no	no	party_no	0
44532d9df81f73c4cba293f99de2e3cf	p/CRt7MeVrOMz/	image	2021-07-24	28734	160	no	yes	party_yes_pos	1
63380ce6bc4b0ca331f8919b3615e41d	p/CRt3l59t66g/	image	2021-07-24	107679	754	no	yes	party_no	1
18bb3a1994c6ac4d5d434ebbbc9ac438	p/CRt3WH0s63W/	image	2021-07-24	1111	19	no	no	party_no	1
fc9051ee6bee590671e57890af4adea8	p/CRt3SJ8lU_m/	image	2021-07-24	6628	130	no	no	party_no	1
29643a30042ea2c66083053117f14cf1	p/CRt3QBTAbHt/	image	2021-07-24	20889	217	no	no	party_no	0
f9794eccdcb70857e906c191cd262179	p/CRthje9DyHd/	image	2021-07-24	148	4	yes	no	party_no	1
46bcd29bb252a121e323f3a2c91d9e9d	p/CRtahVssc2F/	image	2021-07-24	13984	702	no	yes	party_yes_neg	1
9280b43fc4589291743b48d67b5f8453	p/CRtU8HCHUom/	image	2021-07-24	15343	52	no	no	party_no	0
02d2362a9cbe48bf56e74123a5d17a51	p/CRtQ0moMBil/	image	2021-07-24	621	10	no	no	party_no	1
d19d7a97ecc0d202614f86d575122e80	p/CRtNeeMNUbI/	image	2021-07-24	494	8	no	no	party_no	0
51a943c7059f8984b0c3267d087ba610	p/CRtJoNrjK2l/	image	2021-07-24	8930	94	yes	no	party_no	1
4305f7ad511de6ee2ba458c283177399	p/CRtH5bUgBHI/	image	2021-07-24	0	8	no	no	party_no	0
bbcfea1530c4aeb2f0a00e2f94064300	p/CRx_Aa9jx_w/	image	2021-07-26	55	0	yes	no	party_no	1
e3b84111a8245e22e9034fc3a83b3a3b	p/CRw3J8_s6SJ/	image	2021-07-25	5732	139	yes	yes	party_yes_neg	0
bf0477239c7c653961cd1a9dab396cf1	p/CRwwECxJF2X/	image	2021-07-25	9354	148	no	no	party_no	1
c6c3274af5099ade030972d5ced222b1	p/CRwuWJNlAYv/	image	2021-07-25	593	8	yes	no	party_no	1
e3709d249677e285f459ff923cb8eef2	p/CRwuKvsl8Ts/	image	2021-07-25	1769	4	no	no	party_no	1
a51f9cc0b672c20636dba6bd665f0143	p/CRwmOixL8SC/	image	2021-07-25	132523	688	yes	no	party_no	1
41796f0dfe474e750c6ce2898eca1736	p/CRwf9VLhBFI/	image	2021-07-25	3701	23	no	yes	party_no	1
b3fa9a6b502321f8f0e30b06f69a60ab	p/CRwfaf4I0tg/	image	2021-07-25	456	15	no	yes	party_yes_pos	0
f33c10f173a676eedcf535592d3e6812	p/CRwbHVRpNKr/	image	2021-07-25	1278	53	no	no	party_no	0
51a943c7059f8984b0c3267d087ba610	p/CRwZlSEj1iQ/	image	2021-07-25	7792	32	no	no	party_no	1
e6becd86c1252e619006b2c554bc68b1	p/CRwZUfMo-ck/	video	2021-07-25	11151	130	no	no	party_no	0
bbcfea1530c4aeb2f0a00e2f94064300	p/CRwXWDiD5Ym/	image	2021-07-25	398	6	yes	no	party_no	1
999ca23c12d60d2ffe616d20886ea3d5	p/CRwQkfgopGL/	image	2021-07-25	4487	24	no	no	party_no	1
02d2362a9cbe48bf56e74123a5d17a51	p/CRwGb32Mcyv/	image	2021-07-25	104	2	no	no	party_no	0
4d3cd7d71e60ad913f89cb051d0f40eb	p/CRv3bGvAzk4/	image	2021-07-25	98085	280	no	no	party_no	0
18bb3a1994c6ac4d5d434ebbbc9ac438	p/CRv1gfMMLUb/	image	2021-07-25	1328	15	no	no	party_no	1
d19d7a97ecc0d202614f86d575122e80	p/CRvunRwNgZw/	image	2021-07-25	213	5	no	no	party_no	0
4305f7ad511de6ee2ba458c283177399	p/CRzdkA1Akxy/	image	2021-07-26	1884	17	yes	no	party_no	0
717d66373741268b2293e72655414b72	p/CRzZrnPj0dr/	image	2021-07-26	5553	37	no	no	party_no	1
fc9051ee6bee590671e57890af4adea8	p/CRzZehVlqFw/	image	2021-07-26	3165	35	no	no	party_no	1
dbd1313429684accb33e0ceec9274d7b	p/CRzScfOlOLe/	image	2021-07-26	2763	95	no	no	party_no	0
a51f9cc0b672c20636dba6bd665f0143	p/CRzLwmYLB-w/	image	2021-07-26	93235	395	no	no	party_no	1
95e1ccd5a31c56d6141fd6d5d61ab17a	p/CRzLhMrMPxS/	image	2021-07-26	3638	36	yes	no	party_no	0
9280b43fc4589291743b48d67b5f8453	p/CRzGOu9nhY8/	image	2021-07-26	10041	46	yes	no	party_no	1
e79d13565432a6daaedafa89a1371bb3	p/CRzF6h7shAE/	image	2021-07-26	1068	7	no	no	party_no	0
c9064727402c71160531bde4c2f423e9	p/CRzEl3msJ9y/	image	2021-07-26	6171	628	yes	no	party_no	0
7a775131d1c2e8d51ff2962e7002d4d6	p/CRzDrkWF1KI/	image	2021-07-26	4128	49	no	yes	party_no	1
b3fa9a6b502321f8f0e30b06f69a60ab	tv/CRzA1QeomeX/	video	2021-07-26	107	5	no	yes	party_no	0
63380ce6bc4b0ca331f8919b3615e41d	p/CRzBJ0UtdKI/	image	2021-07-26	121943	987	no	yes	party_no	1
44532d9df81f73c4cba293f99de2e3cf	p/CRzA4h2r9h7/	image	2021-07-26	11737	59	yes	yes	party_no	1
7b0ad56a98c5c99204fa635d5c66e2e3	p/CRzAJt6nqIo/	image	2021-07-26	7028	174	no	no	party_no	0
d19d7a97ecc0d202614f86d575122e80	p/CRy3B3KtEt6/	image	2021-07-26	222	24	yes	yes	party_yes_neg	0
02d2362a9cbe48bf56e74123a5d17a51	p/CRy1aUyMdFX/	image	2021-07-26	205	0	no	no	party_no	1
e3709d249677e285f459ff923cb8eef2	p/CRy1AjZFFro/	image	2021-07-26	1590	9	no	no	party_no	1
d19d7a97ecc0d202614f86d575122e80	p/CRyywidN9qr/	image	2021-07-26	76	4	no	yes	party_yes_neg	0
ff98e5d7e2bc4eb8cd90c20d51477ce2	p/CRyxEkIo3D2/	image	2021-07-26	3016	282	yes	yes	party_yes_neg	0
2535ad1b1c1c85c3245e969cda1726bd	p/CRyr8S-rKCL/	image	2021-07-26	158	6	no	no	party_no	1
04c60c55696c64c0abe0c3fd65eac3a5	p/CRypDyKs9H-/	image	2021-07-26	2873	47	no	no	party_no	1
a416141ea0939d3ed149f7a21887b1c4	p/CRyo6hsrSK-/	image	2021-07-26	1813	13	yes	no	party_no	1
658c73b9d87f9c9168492328fd3a1a1e	p/CRynm9SH53s/	image	2021-07-26	553	14	no	no	party_no	1
737f5d1796b09795ca3e544f1d1b8792	p/CRyQ6zKMpm7/	image	2021-07-26	0	968	no	yes	party_yes_neg	0
e3b84111a8245e22e9034fc3a83b3a3b	p/CR3uC2csmCT/	image	2021-07-28	5046	122	no	yes	party_yes_neg	0
421ce1b028eee70a26e9962a2b31829d	p/CR3tEqKLII1/	image	2021-07-28	2523	11	yes	no	party_no	1
737f5d1796b09795ca3e544f1d1b8792	p/CR3eshNKPRo/	video	2021-07-28	0	359	no	yes	party_no	0
b30a30781c4318dfa6e9ebf3e2d7be33	p/CR3aOxCsUay/	image	2021-07-28	540	11	yes	yes	party_yes_neg	0
51a943c7059f8984b0c3267d087ba610	p/CR3WaO2jwmw/	image	2021-07-28	5987	17	no	no	party_no	0
eca2f9b2c9316bd55ebfa59a772625f9	p/CR3TNo7gOO8/	image	2021-07-28	20836	36	yes	no	party_no	1
bbcfea1530c4aeb2f0a00e2f94064300	p/CR3Ne45DsoO/	image	2021-07-28	580	11	yes	no	party_no	0
02d2362a9cbe48bf56e74123a5d17a51	p/CR3GMjxMaOj/	image	2021-07-28	336	4	no	no	party_no	1
843995b2f47a14055d3723f8a8617456	p/CR3F6M7qp7U/	video	2021-07-28	923	17	no	yes	party_yes_neg	0
f33c10f173a676eedcf535592d3e6812	p/CR2_DeNpw0n/	image	2021-07-28	755	22	no	no	party_no	0
d19d7a97ecc0d202614f86d575122e80	p/CR2HhI6IBKD/	video	2021-07-27	129	0	no	no	party_no	0
e3b84111a8245e22e9034fc3a83b3a3b	p/CR2BxJoMaCy/	image	2021-07-27	4699	23	yes	yes	party_yes_pos	1
a51f9cc0b672c20636dba6bd665f0143	p/CR15PWhrOGu/	image	2021-07-27	107716	314	no	no	party_no	1
dc9512ec1ce1e86aa1f440bd9000ba2b	p/CR14XndMnps/	image	2021-07-27	1511	14	yes	no	party_no	0
95e1ccd5a31c56d6141fd6d5d61ab17a	p/CR12xjYsILX/	image	2021-07-27	2801	60	no	yes	party_yes_neg	0
91527dbeb839b49f92fd2ba43724484f	p/CR1xl85FBpa/	image	2021-07-27	275	27	no	no	party_no	1
7a775131d1c2e8d51ff2962e7002d4d6	p/CR1woKkFsly/	image	2021-07-27	5808	82	no	yes	party_no	1
0260d8d15a0c0c75ca4aad9479e7de61	p/CR1smRGl65A/	image	2021-07-27	1512	25	no	no	party_no	0
e3709d249677e285f459ff923cb8eef2	p/CR1q_zAFBFL/	image	2021-07-27	1424	11	yes	no	party_no	1
abb364b8fabce38da2e1212fe1445556	p/CR1nYsnpPQu/	image	2021-07-27	6741	25	yes	no	party_no	1
91527dbeb839b49f92fd2ba43724484f	p/CR1mUUPFpeR/	image	2021-07-27	142	401	yes	no	party_no	1
4db79e097c0a133b2def2bf254f83dd9	p/CR1j8rkFq8P/	image	2021-07-27	5776	62	no	no	party_no	0
ff98e5d7e2bc4eb8cd90c20d51477ce2	p/CR1eKlZozTo/	image	2021-07-27	2549	81	no	yes	party_yes_neg	0
7b0ad56a98c5c99204fa635d5c66e2e3	p/CR4bmqCHkfI/	image	2021-07-28	9320	131	no	no	party_no	0
d19d7a97ecc0d202614f86d575122e80	p/CR4XKSajzEW/	video	2021-07-28	71	2	no	no	party_no	0
29643a30042ea2c66083053117f14cf1	p/CR4Tmf_gsXp/	image	2021-07-28	7605	40	no	no	party_no	0
29643a30042ea2c66083053117f14cf1	p/CR4TLo-ACjN/	image	2021-07-28	9135	43	no	no	party_no	0
0260d8d15a0c0c75ca4aad9479e7de61	p/CR4SBYIlvRq/	image	2021-07-28	1658	23	no	no	party_no	0
dc9512ec1ce1e86aa1f440bd9000ba2b	p/CR4R2JTMICL/	image	2021-07-28	6298	80	yes	no	party_no	0
30d52d191d094d0c5999ed827021e8a5	p/CR4ObibrR1v/	image	2021-07-28	899	20	yes	no	party_no	1
e3709d249677e285f459ff923cb8eef2	p/CR4NxrNFaLP/	image	2021-07-28	1013	1	yes	no	party_no	1
b3fa9a6b502321f8f0e30b06f69a60ab	p/CR4NaFMIq2r/	image	2021-07-28	314	9	no	yes	party_no	0
63380ce6bc4b0ca331f8919b3615e41d	p/CR4HTEGtFvz/	image	2021-07-28	57423	563	no	no	party_no	1
9280b43fc4589291743b48d67b5f8453	p/CR4DQJ6Nsse/	image	2021-07-28	22004	159	yes	no	party_no	1
737f5d1796b09795ca3e544f1d1b8792	p/CR37h29srcy/	image	2021-07-28	0	423	yes	yes	party_no	1
44532d9df81f73c4cba293f99de2e3cf	p/CR354HBr6f7/	image	2021-07-28	11184	57	yes	yes	party_yes_neg	1
999ca23c12d60d2ffe616d20886ea3d5	p/CR34jygIiuL/	image	2021-07-28	8991	51	no	no	party_no	1
e3709d249677e285f459ff923cb8eef2	p/CR3z_NAFlPM/	image	2021-07-28	4811	77	no	no	party_no	0
44532d9df81f73c4cba293f99de2e3cf	p/CR7IkTvrrJq/	image	2021-07-29	12125	37	no	no	party_no	1
dbd1313429684accb33e0ceec9274d7b	p/CR7DWpQl1m1/	image	2021-07-29	2622	79	no	no	party_no	0
998426ae2619d42a0549fba42cf19317	p/CR6_XhxLNXo/	image	2021-07-29	10248	267	no	no	party_no	1
a51f9cc0b672c20636dba6bd665f0143	p/CR6-1ifL82D/	image	2021-07-29	80177	177	no	no	party_no	1
b3fa9a6b502321f8f0e30b06f69a60ab	p/CR6-l68Ip7y/	video	2021-07-29	130	4	no	yes	party_yes_pos	0
7a775131d1c2e8d51ff2962e7002d4d6	p/CR6-aRoFNGR/	image	2021-07-29	4283	69	no	no	party_no	1
6d28c8b93351a8ccfdaf5b46065c129e	p/CR69Ca1sooR/	image	2021-07-29	1537	29	no	no	party_no	0
717d66373741268b2293e72655414b72	p/CR64ZP1jM4j/	image	2021-07-29	6140	28	no	no	party_no	1
fc9051ee6bee590671e57890af4adea8	p/CR64F1QFsC6/	image	2021-07-29	3023	39	no	no	party_no	1
abb364b8fabce38da2e1212fe1445556	p/CR62JNgJood/	video	2021-07-29	11112	368	no	no	party_no	0
4db79e097c0a133b2def2bf254f83dd9	p/CR6u-GOlG10/	image	2021-07-29	5184	75	no	yes	party_yes_pos	1
63380ce6bc4b0ca331f8919b3615e41d	p/CR6sN6oNYFc/	image	2021-07-29	46231	446	yes	no	party_no	1
ff98e5d7e2bc4eb8cd90c20d51477ce2	p/CR6qpA9oiPK/	image	2021-07-29	709	54	no	yes	party_yes_neg	0
e3709d249677e285f459ff923cb8eef2	p/CR6o490lphh/	image	2021-07-29	2015	13	yes	no	party_no	1
0260d8d15a0c0c75ca4aad9479e7de61	p/CR6miqulhY_/	image	2021-07-29	697	9	yes	no	party_no	1
999ca23c12d60d2ffe616d20886ea3d5	p/CR6kDamoJix/	image	2021-07-29	3138	39	yes	yes	party_yes_neg	1
c6c3274af5099ade030972d5ced222b1	p/CR6c-ySlxIa/	image	2021-07-29	1142	24	no	yes	party_yes_neg	0
4d3cd7d71e60ad913f89cb051d0f40eb	p/CR6bd39g_aB/	video	2021-07-29	83144	227	no	no	party_no	0
18bb3a1994c6ac4d5d434ebbbc9ac438	p/CR6YhYNMPVu/	image	2021-07-29	593	4	yes	yes	party_yes_pos	1
bbcfea1530c4aeb2f0a00e2f94064300	p/CR6U3Rqjyqc/	image	2021-07-29	509	19	no	no	party_no	1
e8dd5de276a74ab3abda0c6f828ac425	p/CR6TfoNMWFB/	image	2021-07-29	1392	35	no	yes	party_no	1
04c60c55696c64c0abe0c3fd65eac3a5	p/CR6JwV-sHmR/	image	2021-07-29	1706	25	no	yes	party_yes_neg	1
91527dbeb839b49f92fd2ba43724484f	p/CR6Ct1tCM25/	image	2021-07-29	299	19	no	no	party_no	1
02d2362a9cbe48bf56e74123a5d17a51	p/CR5_KM5M-3E/	image	2021-07-29	3570	97	no	yes	party_yes_neg	0
c9064727402c71160531bde4c2f423e9	p/CR9mg2bMUPc/	image	2021-07-30	7278	46	yes	no	party_no	0
44532d9df81f73c4cba293f99de2e3cf	p/CR9ck3po9ef/	image	2021-07-30	10935	62	no	no	party_no	1
d19d7a97ecc0d202614f86d575122e80	p/CR9T65mDEnb/	video	2021-07-30	167	8	no	no	party_no	0
fc9051ee6bee590671e57890af4adea8	p/CR9XmetMq2-/	image	2021-07-30	3564	106	no	no	party_no	1
4d3cd7d71e60ad913f89cb051d0f40eb	p/CR9WO5TtdWO/	video	2021-07-30	36138	75	no	no	party_no	0
6d28c8b93351a8ccfdaf5b46065c129e	p/CR9QSkyMO8w/	image	2021-07-30	2309	43	no	no	party_no	1
02d2362a9cbe48bf56e74123a5d17a51	p/CR9FHiOsLRR/	image	2021-07-30	191	1	no	no	party_no	0
132692cb5f1d5cbb0274051f0b7777b7	p/CR8_4edsZ2z/	image	2021-07-30	4257	44	yes	no	party_no	1
ff98e5d7e2bc4eb8cd90c20d51477ce2	p/CR8_qL_IYfv/	image	2021-07-30	725	10	yes	yes	party_yes_pos	0
843995b2f47a14055d3723f8a8617456	p/CR86zR4M035/	image	2021-07-30	962	14	yes	yes	party_yes_pos	0
9280b43fc4589291743b48d67b5f8453	p/CR85062N6Eh/	image	2021-07-30	5315	13	no	no	party_no	1
b3fa9a6b502321f8f0e30b06f69a60ab	p/CR85XY0oVih/	image	2021-07-30	110	1	no	yes	party_no	0
4d3cd7d71e60ad913f89cb051d0f40eb	p/CR85AyjAcXk/	image	2021-07-30	70179	136	no	no	party_no	0
e8dd5de276a74ab3abda0c6f828ac425	p/CR84JbxsOPa/	image	2021-07-30	2000	21	no	no	party_no	0
a416141ea0939d3ed149f7a21887b1c4	p/CR81bWRDYc3/	image	2021-07-30	992	1	yes	no	party_no	1
7b0ad56a98c5c99204fa635d5c66e2e3	p/CR8m0zSs7A0/	image	2021-07-30	8705	327	no	no	party_no	1
02d2362a9cbe48bf56e74123a5d17a51	p/CR8i_apMlQO/	image	2021-07-30	191	13	no	yes	party_no	0
7a775131d1c2e8d51ff2962e7002d4d6	p/CR8idWIs6Z8/	image	2021-07-30	2563	42	yes	no	party_no	1
d19d7a97ecc0d202614f86d575122e80	p/CSAYZ9EDh8s/	video	2021-07-31	337	7	no	no	party_no	0
e8dd5de276a74ab3abda0c6f828ac425	p/CSAOyShMnku/	image	2021-07-31	362	0	no	no	party_no	1
a51f9cc0b672c20636dba6bd665f0143	p/CSAI9JrIUDE/	image	2021-07-31	84499	304	no	no	party_no	1
44532d9df81f73c4cba293f99de2e3cf	p/CR_-BQ7IqFX/	image	2021-07-31	15398	88	no	no	party_no	1
a416141ea0939d3ed149f7a21887b1c4	p/CR_9edjliG2/	image	2021-07-31	1328	5	yes	no	party_no	1
63380ce6bc4b0ca331f8919b3615e41d	p/CR_1rP_NzFZ/	image	2021-07-31	85203	620	no	no	party_no	1
0260d8d15a0c0c75ca4aad9479e7de61	p/CR_yCA8CqLI/	image	2021-07-31	1349	23	no	no	party_no	0
04efabf9ee38896016be90e0a36f0116	p/CR_xfwjjGn3/	image	2021-07-31	117	10	yes	no	party_no	0
7b0ad56a98c5c99204fa635d5c66e2e3	p/CR_hfPDKvvH/	image	2021-07-31	7384	140	yes	no	party_no	1
f9794eccdcb70857e906c191cd262179	p/CR_bOmCIxzl/	image	2021-07-31	190	4	yes	no	party_no	1
4d3cd7d71e60ad913f89cb051d0f40eb	p/CR_R3legDO1/	video	2021-07-31	76145	735	yes	no	party_no	1
02d2362a9cbe48bf56e74123a5d17a51	p/CR_PYERMKWR/	image	2021-07-31	1389	39	yes	no	party_no	1
999ca23c12d60d2ffe616d20886ea3d5	tv/CR_LqQ_oee_/	video	2021-07-31	5447	88	yes	no	party_no	0
f33c10f173a676eedcf535592d3e6812	p/CSD0x9xK7xR/	image	2021-08-02	320	2	no	no	party_no	0
d19d7a97ecc0d202614f86d575122e80	p/CSCxYCbN9cv/	image	2021-08-01	352	8	no	no	party_no	0
717d66373741268b2293e72655414b72	p/CSCwUC_jQD3/	image	2021-08-01	7636	62	no	no	party_no	1
9280b43fc4589291743b48d67b5f8453	p/CSCuUl4NxsT/	image	2021-08-01	18208	143	no	no	party_no	0
d19d7a97ecc0d202614f86d575122e80	p/CSCtgJ1NnN4/	image	2021-08-01	155	0	no	yes	party_no	0
fc9051ee6bee590671e57890af4adea8	p/CSCrEA3MkT8/	image	2021-08-01	3822	111	yes	no	party_no	1
e8dd5de276a74ab3abda0c6f828ac425	p/CSCqWL4M9CR/	image	2021-08-01	1134	6	yes	no	party_no	0
c6c3274af5099ade030972d5ced222b1	p/CSCpO9fsz_7/	image	2021-08-01	638	13	no	yes	party_no	1
91527dbeb839b49f92fd2ba43724484f	p/CSClpWks8YN/	image	2021-08-01	482	20	no	no	party_no	1
bf0477239c7c653961cd1a9dab396cf1	p/CSCjxragscz/	image	2021-08-01	9430	103	no	no	party_no	1
c9064727402c71160531bde4c2f423e9	p/CSCi5b6MpVn/	image	2021-08-01	15284	237	no	no	party_no	0
7b0ad56a98c5c99204fa635d5c66e2e3	p/CSCd8VQs1lc/	image	2021-08-01	12224	2097	yes	yes	party_yes_pos	1
6d28c8b93351a8ccfdaf5b46065c129e	p/CSCaPlCsSjr/	image	2021-08-01	3842	48	no	no	party_no	0
d19d7a97ecc0d202614f86d575122e80	p/CSCU4bbDZ5C/	video	2021-08-01	229	7	no	no	party_no	0
b3fa9a6b502321f8f0e30b06f69a60ab	tv/CSCUGZsCoHF/	video	2021-08-01	75	0	no	yes	party_no	0
0260d8d15a0c0c75ca4aad9479e7de61	p/CSCT9ZwiHb1/	image	2021-08-01	2718	52	no	no	party_no	1
95e1ccd5a31c56d6141fd6d5d61ab17a	p/CSCMqZMs1cq/	image	2021-08-01	2495	32	yes	yes	party_yes_neg	0
4d3cd7d71e60ad913f89cb051d0f40eb	p/CSCJ9IsA1aD/	image	2021-08-01	482128	7218	no	no	party_no	1
b30a30781c4318dfa6e9ebf3e2d7be33	tv/CSB03m8gnHv/	video	2021-08-01	1338	60	no	yes	party_yes_pos	0
9348b4661a6dbc0004286afb82afd93c	p/CSBzKCaM26t/	image	2021-08-01	320	12	no	no	party_no	0
04c60c55696c64c0abe0c3fd65eac3a5	p/CSBvNXSssG3/	image	2021-08-01	1806	40	yes	no	party_no	1
737f5d1796b09795ca3e544f1d1b8792	p/CSBuxYuMyNm/	image	2021-08-01	0	1773	no	yes	party_yes_neg	1
bbcfea1530c4aeb2f0a00e2f94064300	p/CSBuWX7DwaH/	image	2021-08-01	644	12	no	no	party_no	1
abb364b8fabce38da2e1212fe1445556	p/CSBq0O2MTN-/	image	2021-08-01	10805	60	yes	no	party_no	1
dbd1313429684accb33e0ceec9274d7b	p/CSFUDzxsQqg/	image	2021-08-02	3737	140	no	no	party_no	0
9280b43fc4589291743b48d67b5f8453	p/CSFQrSSNR0L/	image	2021-08-02	5409	15	yes	no	party_no	1
02d2362a9cbe48bf56e74123a5d17a51	p/CSFQC76shzz/	image	2021-08-02	173	0	no	no	party_no	1
999ca23c12d60d2ffe616d20886ea3d5	p/CSFOj4dopk6/	image	2021-08-02	2018	5	yes	yes	party_no	1
fc9051ee6bee590671e57890af4adea8	p/CSFLd4BMMTN/	image	2021-08-02	2351	51	yes	no	party_no	1
a51f9cc0b672c20636dba6bd665f0143	p/CSFKkHOIXCX/	image	2021-08-02	82998	434	yes	no	party_no	1
f9794eccdcb70857e906c191cd262179	p/CSFKBX2orOd/	image	2021-08-02	82	1	yes	yes	party_yes_pos	1
c9064727402c71160531bde4c2f423e9	p/CSFGX4fMGo7/	image	2021-08-02	5322	547	no	no	party_no	0
95e1ccd5a31c56d6141fd6d5d61ab17a	p/CSFGCl8sAk-/	image	2021-08-02	3337	62	yes	yes	party_yes_neg	0
63380ce6bc4b0ca331f8919b3615e41d	p/CSFCsn4NBoY/	image	2021-08-02	76322	627	no	yes	party_no	1
a416141ea0939d3ed149f7a21887b1c4	p/CSE_h2vD-dd/	image	2021-08-02	1657	4	yes	no	party_no	1
ff98e5d7e2bc4eb8cd90c20d51477ce2	p/CSE-1TNonKP/	image	2021-08-02	5276	60	no	yes	party_no	0
d19d7a97ecc0d202614f86d575122e80	p/CSE9hTDt1dQ/	image	2021-08-02	230	11	yes	yes	party_yes_neg	0
30d52d191d094d0c5999ed827021e8a5	p/CSE6Uv3scZz/	image	2021-08-02	1461	39	no	no	party_no	1
843995b2f47a14055d3723f8a8617456	p/CSEZ9Fns-ha/	image	2021-08-02	453	0	no	yes	party_yes_neg	0
ff98e5d7e2bc4eb8cd90c20d51477ce2	p/CSEZQ71ottC/	image	2021-08-02	1213	70	no	yes	party_yes_neg	0
737f5d1796b09795ca3e544f1d1b8792	p/CSESlC3Mgc7/	image	2021-08-02	0	516	no	yes	party_yes_neg	1
b3fa9a6b502321f8f0e30b06f69a60ab	p/CSH9uyQoyhg/	image	2021-08-03	97	0	no	yes	party_yes_pos	0
843995b2f47a14055d3723f8a8617456	p/CSH7_YaM-sc/	image	2021-08-03	251	1	no	yes	party_yes_pos	0
29643a30042ea2c66083053117f14cf1	p/CSH3ogKA0xn/	image	2021-08-03	4820	9	no	no	party_no	0
29643a30042ea2c66083053117f14cf1	p/CSH3F16gKI6/	image	2021-08-03	8872	33	no	no	party_no	0
95e1ccd5a31c56d6141fd6d5d61ab17a	p/CSH1jO3sW41/	image	2021-08-03	3545	79	no	yes	party_no	0
d19d7a97ecc0d202614f86d575122e80	p/CSH0utuHkIH/	video	2021-08-03	268	6	no	yes	party_yes_pos	0
a51f9cc0b672c20636dba6bd665f0143	p/CSH0EOlobSt/	image	2021-08-03	82875	206	no	no	party_no	1
6d28c8b93351a8ccfdaf5b46065c129e	p/CSHzoXPssx1/	image	2021-08-03	3953	53	no	no	party_no	1
dc9512ec1ce1e86aa1f440bd9000ba2b	p/CSHwiINM3gg/	image	2021-08-03	2052	28	yes	no	party_no	0
7a775131d1c2e8d51ff2962e7002d4d6	p/CSHwNvWMzqw/	image	2021-08-03	7348	286	no	yes	party_no	1
02d2362a9cbe48bf56e74123a5d17a51	p/CSHsnwfs-hg/	image	2021-08-03	265	1	no	no	party_no	0
d19d7a97ecc0d202614f86d575122e80	p/CSHoqGwDnrM/	video	2021-08-03	223	9	no	yes	party_no	0
a416141ea0939d3ed149f7a21887b1c4	p/CSHnIbIDmgW/	image	2021-08-03	1708	6	yes	no	party_no	1
084bc5eda4c65fe9c3483d53ea84a4f8	p/CSHig3Dj1be/	image	2021-08-03	25285	58	no	no	party_no	1
e3709d249677e285f459ff923cb8eef2	p/CSHhoebozEx/	image	2021-08-03	1200	2	yes	no	party_no	1
ff98e5d7e2bc4eb8cd90c20d51477ce2	p/CSHa0LzojGq/	image	2021-08-03	4683	101	no	yes	party_yes_neg	0
bbcfea1530c4aeb2f0a00e2f94064300	p/CSHV0BVDwYY/	image	2021-08-03	659	12	no	yes	party_yes_neg	0
18bb3a1994c6ac4d5d434ebbbc9ac438	p/CSHPmzPMnU4/	image	2021-08-03	1014	7	no	no	party_no	1
a416141ea0939d3ed149f7a21887b1c4	p/CSHM6fCj0DJ/	image	2021-08-03	1617	6	yes	no	party_no	1
bbcfea1530c4aeb2f0a00e2f94064300	p/CSG4mlMj3GT/	image	2021-08-03	1021	61	no	no	party_yes_neg	0
bf0477239c7c653961cd1a9dab396cf1	p/CSG132kgzYE/	image	2021-08-03	4371	49	no	no	party_no	0
c6c3274af5099ade030972d5ced222b1	p/CSMAEgVsZKI/	image	2021-08-05	121	6	no	no	party_no	0
737f5d1796b09795ca3e544f1d1b8792	p/CSL60g5IwzM/	video	2021-08-05	0	328	no	yes	party_yes_neg	1
bbcfea1530c4aeb2f0a00e2f94064300	p/CSL5-NUDH0C/	image	2021-08-05	480	24	no	yes	party_yes_neg	0
d19d7a97ecc0d202614f86d575122e80	p/CSL1plbDW7P/	video	2021-08-05	162	18	no	yes	party_yes_neg	0
b3fa9a6b502321f8f0e30b06f69a60ab	tv/CSKhjBmIKXQ/	video	2021-08-04	99	1	no	yes	party_yes_pos	0
d19d7a97ecc0d202614f86d575122e80	p/CSKd-0BNsfi/	image	2021-08-04	685	22	no	no	party_no	0
a51f9cc0b672c20636dba6bd665f0143	p/CSKdFqDIpTM/	image	2021-08-04	78363	295	yes	no	party_no	1
999ca23c12d60d2ffe616d20886ea3d5	p/CSKcKGzIPkj/	image	2021-08-04	6540	24	no	no	party_no	1
02d2362a9cbe48bf56e74123a5d17a51	p/CSKbfmbMxP8/	image	2021-08-04	223	4	no	no	party_no	0
bf0477239c7c653961cd1a9dab396cf1	p/CSKZ7qJAx8S/	image	2021-08-04	9890	101	no	no	party_no	1
084bc5eda4c65fe9c3483d53ea84a4f8	p/CSKTbpLDQxt/	image	2021-08-04	15601	157	no	yes	party_yes_neg	1
7b0ad56a98c5c99204fa635d5c66e2e3	p/CSKRWSns7dz/	image	2021-08-04	3373	96	yes	no	party_no	1
63380ce6bc4b0ca331f8919b3615e41d	p/CSKPtjDtJiI/	image	2021-08-04	73994	435	yes	yes	party_no	1
04c60c55696c64c0abe0c3fd65eac3a5	p/CSKNyAOMoPL/	image	2021-08-04	1820	73	no	no	party_no	1
998426ae2619d42a0549fba42cf19317	p/CSKL6ZtsLVD/	image	2021-08-04	0	65	yes	no	party_no	0
658c73b9d87f9c9168492328fd3a1a1e	p/CSKLse6NApt/	image	2021-08-04	525	3	yes	no	party_no	1
e3709d249677e285f459ff923cb8eef2	p/CSKACY4IevB/	image	2021-08-04	4640	32	no	no	party_no	0
d19d7a97ecc0d202614f86d575122e80	p/CSJ_d2pjr6c/	video	2021-08-04	655	18	yes	no	party_no	0
ff98e5d7e2bc4eb8cd90c20d51477ce2	p/CSJ7ZnCIEt0/	image	2021-08-04	4943	117	no	yes	party_yes_neg	0
999ca23c12d60d2ffe616d20886ea3d5	p/CSJ39zNIhnq/	image	2021-08-04	4228	22	yes	no	party_no	1
dc9512ec1ce1e86aa1f440bd9000ba2b	p/CSJznACFrlL/	video	2021-08-04	550	10	yes	yes	party_yes_neg	0
dc9512ec1ce1e86aa1f440bd9000ba2b	p/CSOSgSAsyta/	image	2021-08-06	334	2	no	no	party_no	0
e8dd5de276a74ab3abda0c6f828ac425	p/CSNQux5sNir/	image	2021-08-05	347	0	no	no	party_no	0
04efabf9ee38896016be90e0a36f0116	p/CSNDNE8DirN/	image	2021-08-05	172	8	no	no	party_no	0
a51f9cc0b672c20636dba6bd665f0143	p/CSM_gJloIEj/	image	2021-08-05	85927	222	no	no	party_no	1
e3709d249677e285f459ff923cb8eef2	p/CSM8E9qI790/	image	2021-08-05	1084	5	no	no	party_no	0
0260d8d15a0c0c75ca4aad9479e7de61	p/CSM2YCoinFk/	image	2021-08-05	1034	15	no	no	party_no	0
084bc5eda4c65fe9c3483d53ea84a4f8	p/CSM0abPDTds/	image	2021-08-05	10743	1500	yes	yes	party_yes_pos	0
7b0ad56a98c5c99204fa635d5c66e2e3	p/CSM0W1xqHRh/	image	2021-08-05	22738	678	no	no	party_no	0
6d28c8b93351a8ccfdaf5b46065c129e	p/CSMywXXsfdb/	image	2021-08-05	3253	33	no	yes	party_no	0
30d52d191d094d0c5999ed827021e8a5	p/CSMvHneM1VR/	image	2021-08-05	859	25	no	no	party_no	0
d19d7a97ecc0d202614f86d575122e80	p/CSMsXbUD31O/	video	2021-08-05	241	6	no	no	party_no	0
95e1ccd5a31c56d6141fd6d5d61ab17a	p/CSMsL3NLgZQ/	image	2021-08-05	20675	396	no	no	party_no	0
7a775131d1c2e8d51ff2962e7002d4d6	p/CSMrD7mMV69/	image	2021-08-05	4867	106	no	no	party_no	1
6d28c8b93351a8ccfdaf5b46065c129e	p/CSMrDkzjL0A/	image	2021-08-05	1774	14	yes	no	party_no	1
4db79e097c0a133b2def2bf254f83dd9	p/CSMpfvdMZYX/	image	2021-08-05	3289	47	no	yes	party_no	1
e8dd5de276a74ab3abda0c6f828ac425	p/CSMivPLt2bC/	image	2021-08-05	553	3	no	no	party_no	0
02d2362a9cbe48bf56e74123a5d17a51	p/CSMaM98s2Gu/	image	2021-08-05	452	11	no	no	party_no	0
18bb3a1994c6ac4d5d434ebbbc9ac438	p/CSMZbsoMh9N/	image	2021-08-05	749	7	yes	yes	party_no	1
d19d7a97ecc0d202614f86d575122e80	p/CSMUYPCNQfS/	image	2021-08-05	123	0	yes	no	party_no	0
4d3cd7d71e60ad913f89cb051d0f40eb	p/CSMPOOPtSTQ/	image	2021-08-05	240517	622	no	no	party_no	1
b30a30781c4318dfa6e9ebf3e2d7be33	p/CSMMe1UsJvE/	video	2021-08-05	377	7	no	yes	party_no	0
e8dd5de276a74ab3abda0c6f828ac425	p/CSMEg-KMkHD/	image	2021-08-05	539	4	no	no	party_no	0
a416141ea0939d3ed149f7a21887b1c4	p/CSMD-gUFBbw/	image	2021-08-05	690	4	yes	no	party_no	0
abb364b8fabce38da2e1212fe1445556	p/CSMBQWcszjl/	image	2021-08-05	8003	1082	yes	no	party_no	1
91527dbeb839b49f92fd2ba43724484f	p/CSQ2kk5syZv/	image	2021-08-07	22	2	no	no	party_no	1
02d2362a9cbe48bf56e74123a5d17a51	p/CSPnR0NML9z/	image	2021-08-06	446	6	no	yes	party_no	0
f9794eccdcb70857e906c191cd262179	p/CSPnQ5vINmu/	image	2021-08-06	124	21	no	no	party_no	1
1bae0eb586a07353cbae66acec390de1	p/CSPlZaqou54/	image	2021-08-06	73489	354	no	no	party_no	0
04c60c55696c64c0abe0c3fd65eac3a5	p/CSPavLKMdTX/	image	2021-08-06	1515	197	yes	no	party_no	1
421ce1b028eee70a26e9962a2b31829d	p/CSPaH4UIVJ6/	image	2021-08-06	1911	5	yes	no	party_no	0
63380ce6bc4b0ca331f8919b3615e41d	p/CSPV5-0N44L/	image	2021-08-06	66535	943	no	no	party_no	1
9280b43fc4589291743b48d67b5f8453	p/CSPVDt2NLoj/	image	2021-08-06	12446	44	yes	no	party_no	1
95e1ccd5a31c56d6141fd6d5d61ab17a	p/CSPOpeLMMKO/	image	2021-08-06	7820	96	yes	yes	party_yes_pos	0
ff98e5d7e2bc4eb8cd90c20d51477ce2	p/CSPL22UI0PO/	image	2021-08-06	1705	10	no	yes	party_no	0
4db79e097c0a133b2def2bf254f83dd9	p/CSPJZ9cMCyZ/	image	2021-08-06	4006	27	yes	no	party_no	0
6d28c8b93351a8ccfdaf5b46065c129e	p/CSPBHxRs09g/	image	2021-08-06	2627	56	no	yes	party_yes_neg	0
e3b84111a8245e22e9034fc3a83b3a3b	p/CSOuhp9sSYR/	image	2021-08-06	8654	41	yes	no	party_no	1
843995b2f47a14055d3723f8a8617456	p/CSSHWCln3Fq/	video	2021-08-07	1757	24	no	yes	party_yes_pos	0
44532d9df81f73c4cba293f99de2e3cf	p/CSSAx9oorhX/	image	2021-08-07	12128	85	no	no	party_no	0
7a775131d1c2e8d51ff2962e7002d4d6	p/CSR4yTMsbuA/	image	2021-08-07	8514	238	no	yes	party_no	1
bbcfea1530c4aeb2f0a00e2f94064300	p/CSRx1TKjgoJ/	image	2021-08-07	559	18	yes	no	party_no	1
18bb3a1994c6ac4d5d434ebbbc9ac438	p/CSRwUBqs0nT/	image	2021-08-07	682	3	no	no	party_no	0
51a943c7059f8984b0c3267d087ba610	p/CSRvIB3jyMY/	image	2021-08-07	19373	156	no	no	party_no	0
a416141ea0939d3ed149f7a21887b1c4	p/CSRtYxcjIou/	video	2021-08-07	931	1	yes	no	party_no	1
421ce1b028eee70a26e9962a2b31829d	p/CSRntxgIFMq/	image	2021-08-07	5749	24	no	no	party_no	0
e3709d249677e285f459ff923cb8eef2	p/CSRnSKSIi5S/	image	2021-08-07	2942	22	no	no	party_no	0
2535ad1b1c1c85c3245e969cda1726bd	p/CSRczX7DQfw/	image	2021-08-07	156	7	no	no	party_no	1
737f5d1796b09795ca3e544f1d1b8792	p/CSRQrRNM9-L/	image	2021-08-07	0	463	no	yes	party_no	0
a416141ea0939d3ed149f7a21887b1c4	p/CSRMTwUDIVu/	image	2021-08-07	1665	6	yes	no	party_no	1
9280b43fc4589291743b48d67b5f8453	p/CSRJ06_NUow/	image	2021-08-07	10068	75	yes	no	party_no	1
b30a30781c4318dfa6e9ebf3e2d7be33	p/CSRIe0-M7OG/	image	2021-08-07	1212	18	no	yes	party_yes_pos	0
b30a30781c4318dfa6e9ebf3e2d7be33	p/CSV_JCCsRuX/	image	2021-08-09	130	1	no	yes	party_yes_neg	0
ff98e5d7e2bc4eb8cd90c20d51477ce2	p/CSV8W6aIUOX/	image	2021-08-09	1005	13	no	yes	party_yes_pos	0
f9794eccdcb70857e906c191cd262179	p/CSV70cxoSmF/	image	2021-08-09	82	6	no	yes	party_no	0
421ce1b028eee70a26e9962a2b31829d	p/CSU3fzdIJst/	image	2021-08-08	2244	10	no	no	party_no	0
a51f9cc0b672c20636dba6bd665f0143	p/CSU00a1Isz3/	image	2021-08-08	110443	209	no	no	party_no	1
999ca23c12d60d2ffe616d20886ea3d5	p/CSUzTAbozWo/	image	2021-08-08	4417	72	yes	yes	party_yes_pos	1
29643a30042ea2c66083053117f14cf1	p/CSUvBEKA5ls/	image	2021-08-08	7226	50	no	no	party_no	0
44532d9df81f73c4cba293f99de2e3cf	p/CSUurchoSm2/	image	2021-08-08	9977	39	no	no	party_no	1
f3f59483a3e45881e182e3e27b2ddfa6	p/CSUuLXuozx1/	image	2021-08-08	353	8	no	yes	party_yes_neg	0
e3709d249677e285f459ff923cb8eef2	p/CSUpjkZsXAo/	image	2021-08-08	3457	25	no	no	party_no	0
a416141ea0939d3ed149f7a21887b1c4	p/CSUoyqFjFyc/	image	2021-08-08	1313	3	yes	no	party_no	1
e8dd5de276a74ab3abda0c6f828ac425	p/CSUkA1zs2Ap/	image	2021-08-08	1509	6	no	no	party_no	0
63380ce6bc4b0ca331f8919b3615e41d	p/CSUcg5xt3pp/	image	2021-08-08	32695	210	yes	no	party_no	1
0260d8d15a0c0c75ca4aad9479e7de61	p/CSUcEeKiFEE/	image	2021-08-08	1261	26	no	no	party_no	0
843995b2f47a14055d3723f8a8617456	p/CSUbvBlMp3t/	image	2021-08-08	1066	2	no	yes	party_yes_neg	0
e3b84111a8245e22e9034fc3a83b3a3b	p/CSUIuIisoWX/	image	2021-08-08	7028	28	no	no	party_no	1
e8dd5de276a74ab3abda0c6f828ac425	p/CSUCOCwMtt6/	image	2021-08-08	533	2	no	no	party_no	1
c6c3274af5099ade030972d5ced222b1	p/CST9fxgM_Ge/	image	2021-08-08	1634	26	no	yes	party_yes_neg	0
41796f0dfe474e750c6ce2898eca1736	p/CSTyxaPjaeO/	image	2021-08-08	15766	37	no	no	party_no	0
a416141ea0939d3ed149f7a21887b1c4	p/CSTw2OgD_h9/	image	2021-08-08	1978	5	yes	no	party_no	1
02d2362a9cbe48bf56e74123a5d17a51	p/CSTvmqNskl_/	image	2021-08-08	2451	93	no	no	party_no	0
e3b84111a8245e22e9034fc3a83b3a3b	p/CSYb93Bs29l/	image	2021-08-10	7034	87	yes	no	party_no	0
d19d7a97ecc0d202614f86d575122e80	p/CSYVdNtILIX/	video	2021-08-10	112	40	no	yes	party_no	0
7a775131d1c2e8d51ff2962e7002d4d6	tv/CSXfIaMCK15/	video	2021-08-09	376	1	no	no	party_no	0
7b0ad56a98c5c99204fa635d5c66e2e3	tv/CSXYfQoKMQj/	video	2021-08-09	1095	20	no	no	party_no	0
a51f9cc0b672c20636dba6bd665f0143	p/CSXWKHEoV03/	image	2021-08-09	74615	242	no	no	party_no	1
717d66373741268b2293e72655414b72	p/CSXVoAQj-QV/	image	2021-08-09	7371	79	no	no	party_no	0
44532d9df81f73c4cba293f99de2e3cf	p/CSXVKW9IvYx/	image	2021-08-09	11843	51	no	no	party_no	0
dbd1313429684accb33e0ceec9274d7b	p/CSXVAfYshs6/	image	2021-08-09	3493	85	no	yes	party_no	0
04efabf9ee38896016be90e0a36f0116	p/CSXTjcFDXa4/	image	2021-08-09	176	5	no	no	party_no	0
04c60c55696c64c0abe0c3fd65eac3a5	p/CSXJbqhMaUd/	image	2021-08-09	1627	49	yes	no	party_no	1
fc9051ee6bee590671e57890af4adea8	p/CSXJOWOsTMr/	image	2021-08-09	2554	44	no	no	party_no	1
c9064727402c71160531bde4c2f423e9	p/CSXJBqlMlDJ/	image	2021-08-09	7266	302	yes	no	party_no	0
d19d7a97ecc0d202614f86d575122e80	p/CSXIX1njmUz/	video	2021-08-09	228	6	no	yes	party_yes_pos	0
4db79e097c0a133b2def2bf254f83dd9	p/CSXEwrGsB29/	image	2021-08-09	5997	29	no	no	party_no	0
e6becd86c1252e619006b2c554bc68b1	p/CSXCKjEIMVe/	image	2021-08-09	8926	112	no	no	party_no	0
30d52d191d094d0c5999ed827021e8a5	p/CSXBj5ns86O/	image	2021-08-09	1174	28	no	no	party_no	0
dc9512ec1ce1e86aa1f440bd9000ba2b	p/CSW79PooI3d/	image	2021-08-09	6323	137	no	no	party_no	0
421ce1b028eee70a26e9962a2b31829d	p/CSW24gzIovd/	image	2021-08-09	3832	10	yes	no	party_no	0
e8dd5de276a74ab3abda0c6f828ac425	p/CSWthrmsS0k/	image	2021-08-09	583	4	no	no	party_no	0
e3709d249677e285f459ff923cb8eef2	p/CSWs3SgMKDz/	image	2021-08-09	1492	4	no	no	party_no	0
18bb3a1994c6ac4d5d434ebbbc9ac438	p/CSWsAkasSSq/	image	2021-08-09	783	7	no	no	party_no	1
29643a30042ea2c66083053117f14cf1	p/CSWq4rjsVUJ/	image	2021-08-09	5466	18	no	no	party_no	0
658c73b9d87f9c9168492328fd3a1a1e	p/CSWkq8ONhRW/	image	2021-08-09	366	6	no	yes	party_no	0
e3b84111a8245e22e9034fc3a83b3a3b	p/CSWkaaGslXM/	image	2021-08-09	13123	259	no	yes	party_no	0
4d3cd7d71e60ad913f89cb051d0f40eb	p/CSWjfMygqkC/	image	2021-08-09	208860	459	no	no	party_no	0
02d2362a9cbe48bf56e74123a5d17a51	p/CSWZ_SWsAsr/	image	2021-08-09	479	1	no	no	party_no	1
91527dbeb839b49f92fd2ba43724484f	p/CSWZpl4l5se/	image	2021-08-09	461	54	yes	no	party_no	1
9be5cad1827883c1d2fb55994d187dc7	p/CSWWH_WsAzN/	image	2021-08-09	0	32	yes	no	party_no	0
51a943c7059f8984b0c3267d087ba610	p/CSbJMO6jNhT/	image	2021-08-11	1834	12	no	no	party_no	0
04efabf9ee38896016be90e0a36f0116	p/CSbFrHVDP4d/	image	2021-08-11	71	4	yes	no	party_no	1
578d7fb61abacbf376d68e402bccb27d	p/CSbA_vXjKcX/	image	2021-08-11	421	4	no	yes	party_no	0
9280b43fc4589291743b48d67b5f8453	p/CSaK3LIl_MF/	video	2021-08-10	4420	32	no	no	party_no	0
b79655cd998ca55b7eac33a2ba155d0a	p/CSaHmMLs6MS/	image	2021-08-10	432	14	no	no	party_no	0
95e1ccd5a31c56d6141fd6d5d61ab17a	p/CSaGhn8MvZZ/	image	2021-08-10	4356	81	no	yes	party_yes_neg	0
4d9563cb81f7788272feef0a8db35b66	p/CSZ4Tl5NXNe/	image	2021-08-10	10868	540	no	yes	party_yes_neg	0
509fd100a396a6346c9af819821e4d31	p/CSZ3JBZMWGP/	image	2021-08-10	997	15	no	no	party_no	0
bf0477239c7c653961cd1a9dab396cf1	p/CSZ16-gMJ-x/	image	2021-08-10	8635	74	yes	no	party_no	1
29643a30042ea2c66083053117f14cf1	p/CSZ1fAqsT_Z/	image	2021-08-10	5475	18	no	no	party_no	0
b3fa9a6b502321f8f0e30b06f69a60ab	tv/CSZzVhYIUzt/	video	2021-08-10	42	0	no	yes	party_yes_pos	0
414fd19d3bf27f522543729f1abaf4bf	p/CSZsZOIjL76/	image	2021-08-10	2364	171	no	yes	party_yes_neg	0
e8dd5de276a74ab3abda0c6f828ac425	p/CSZqWdvsFb5/	image	2021-08-10	845	3	no	no	party_no	0
30d52d191d094d0c5999ed827021e8a5	p/CSZplmLM2xv/	image	2021-08-10	767	22	no	no	party_no	0
fc9051ee6bee590671e57890af4adea8	p/CSZonc3MsbB/	image	2021-08-10	4786	112	no	no	party_no	1
63380ce6bc4b0ca331f8919b3615e41d	p/CSZlw0rt1zN/	image	2021-08-10	84645	5949	no	yes	party_no	1
4d9563cb81f7788272feef0a8db35b66	p/CSZlwqHtPS1/	image	2021-08-10	14040	395	no	yes	party_yes_neg	0
7040052f53fff5247ebb6071c14eca72	p/CSZjUNeqAG8/	image	2021-08-10	1583	16	yes	yes	party_yes_neg	0
1411160f41f5bc887e062a57fe62d548	p/CSZgLPHrq-y/	image	2021-08-10	172	3	yes	no	party_no	1
6d28c8b93351a8ccfdaf5b46065c129e	p/CSZS2kBMcqy/	image	2021-08-10	1213	22	no	no	party_no	1
4d3cd7d71e60ad913f89cb051d0f40eb	p/CSZJIP3AOYE/	image	2021-08-10	210966	370	no	no	party_no	1
843995b2f47a14055d3723f8a8617456	p/CSZHJkGsng0/	image	2021-08-10	201	0	no	yes	party_yes_pos	1
578d7fb61abacbf376d68e402bccb27d	p/CSZFWSos0Ms/	image	2021-08-10	2894	7	no	no	party_no	1
46bcd29bb252a121e323f3a2c91d9e9d	tv/CSZCqkzo392/	video	2021-08-10	15219	347	no	yes	party_yes_pos	0
9be5cad1827883c1d2fb55994d187dc7	p/CSY-FHAscUU/	image	2021-08-10	0	2	yes	yes	party_no	1
421ce1b028eee70a26e9962a2b31829d	p/CSY59IGIWMG/	image	2021-08-10	10056	38	no	no	party_no	0
578d7fb61abacbf376d68e402bccb27d	p/CSdkcNHD3H7/	image	2021-08-12	432	1	yes	no	party_no	1
d19d7a97ecc0d202614f86d575122e80	p/CSc1dnkNf4r/	image	2021-08-11	475	29	no	yes	party_yes_neg	0
02d2362a9cbe48bf56e74123a5d17a51	p/CScxUOlsbQ4/	image	2021-08-11	151	0	no	no	party_no	0
9280b43fc4589291743b48d67b5f8453	p/CSctREno8hs/	image	2021-08-11	25008	178	no	no	party_no	0
6d28c8b93351a8ccfdaf5b46065c129e	p/CScmG1UsX6P/	image	2021-08-11	3077	96	yes	no	party_no	0
7a775131d1c2e8d51ff2962e7002d4d6	p/CScix0gMEFk/	image	2021-08-11	6245	252	no	yes	party_no	1
04efabf9ee38896016be90e0a36f0116	p/CScgagpI1ma/	image	2021-08-11	116	4	no	no	party_no	0
b3fa9a6b502321f8f0e30b06f69a60ab	p/CScZ4kjo6Zt/	image	2021-08-11	303	4	no	yes	party_yes_pos	0
717d66373741268b2293e72655414b72	p/CScUg9FD4i2/	image	2021-08-11	6610	79	no	no	party_no	0
3a772b63ca0cf65622b4d5f70b364b75	tv/CScQqQlDFaZ/	video	2021-08-11	4796	199	yes	yes	party_yes_neg	0
e3b84111a8245e22e9034fc3a83b3a3b	p/CScNSs-Mwn_/	image	2021-08-11	21116	125	no	yes	party_yes_neg	1
7b0ad56a98c5c99204fa635d5c66e2e3	p/CScM2IBqaxp/	image	2021-08-11	6784	90	yes	no	party_no	1
0260d8d15a0c0c75ca4aad9479e7de61	p/CScLhJtiHkX/	image	2021-08-11	1270	20	no	no	party_no	0
30d52d191d094d0c5999ed827021e8a5	p/CScLMQeMozw/	image	2021-08-11	1246	33	yes	no	party_no	1
084bc5eda4c65fe9c3483d53ea84a4f8	p/CScK2LgDffW/	image	2021-08-11	15277	74	yes	no	party_no	0
e3709d249677e285f459ff923cb8eef2	p/CSb6GV1o-Of/	image	2021-08-11	5346	43	no	no	party_no	0
421ce1b028eee70a26e9962a2b31829d	p/CSb2lySIwU1/	image	2021-08-11	6155	24	yes	no	party_no	1
a87b62512ea38bddd84d26e94d8b8376	p/CSbyUQ3M4RD/	image	2021-08-11	500	6	no	yes	party_yes_pos	1
578d7fb61abacbf376d68e402bccb27d	p/CSbtBNQs28x/	image	2021-08-11	2148	11	no	no	party_no	1
44532d9df81f73c4cba293f99de2e3cf	p/CSbpVWSokFz/	image	2021-08-11	10575	21	no	no	party_no	1
beb7a24bb66e7c1b3e1d41bacb6186b4	p/CSboWdQsOpK/	image	2021-08-11	5530	32	no	no	party_no	1
2535ad1b1c1c85c3245e969cda1726bd	p/CSbjSqVj7TU/	image	2021-08-11	292	10	yes	no	party_no	1
6ae17935d1b5baf4f4b4f567eca8ff22	p/CSbfb-Ws_bE/	image	2021-08-11	484	1	no	no	party_no	0
02d2362a9cbe48bf56e74123a5d17a51	p/CSbdeY2Mv4N/	image	2021-08-11	214	6	no	no	party_no	0
4db79e097c0a133b2def2bf254f83dd9	p/CSbdT1gA9Q3/	image	2021-08-11	5769	80	no	no	party_no	0
7a775131d1c2e8d51ff2962e7002d4d6	p/CSbb_GUsbwO/	image	2021-08-11	5231	123	no	no	party_no	1
2901627895163b68e80ed17c4d72f13b	p/CSgUaqKMIcD/	image	2021-08-13	337	2	no	no	party_no	0
f33c10f173a676eedcf535592d3e6812	p/CSgQ5JHKGOv/	image	2021-08-13	243	20	yes	no	party_no	0
02d2362a9cbe48bf56e74123a5d17a51	p/CSfL3vjMM5L/	image	2021-08-12	92	1	no	no	party_no	0
6d28c8b93351a8ccfdaf5b46065c129e	p/CSfJoUqsI0L/	image	2021-08-12	2777	89	no	no	party_no	1
7b0ad56a98c5c99204fa635d5c66e2e3	p/CSfGVissLwk/	image	2021-08-12	5676	89	yes	no	party_no	0
f33c10f173a676eedcf535592d3e6812	p/CSfEHGwKxBm/	image	2021-08-12	524	28	no	no	party_no	0
dbd1313429684accb33e0ceec9274d7b	p/CSfECueMEE4/	image	2021-08-12	3410	156	no	yes	party_no	0
04c60c55696c64c0abe0c3fd65eac3a5	p/CSfDmbAsJ_H/	image	2021-08-12	1910	89	yes	no	party_no	1
a51f9cc0b672c20636dba6bd665f0143	p/CSfCBsGohnY/	image	2021-08-12	73486	319	yes	no	party_no	1
04efabf9ee38896016be90e0a36f0116	p/CSfBmXKD2fR/	image	2021-08-12	159	6	no	no	party_no	0
d19d7a97ecc0d202614f86d575122e80	p/CSe-r40DVon/	video	2021-08-12	285	17	no	yes	party_yes_neg	0
f9794eccdcb70857e906c191cd262179	p/CSe7YacID3D/	image	2021-08-12	252	14	no	yes	party_no	0
d19d7a97ecc0d202614f86d575122e80	p/CSe3j0jNMVA/	image	2021-08-12	69	13	yes	yes	party_no	0
421ce1b028eee70a26e9962a2b31829d	p/CSe0XMosboK/	image	2021-08-12	7188	26	no	no	party_no	0
63380ce6bc4b0ca331f8919b3615e41d	p/CSeyuF6tnhm/	image	2021-08-12	63989	606	yes	no	party_no	1
30d52d191d094d0c5999ed827021e8a5	p/CSexzT2sLpY/	image	2021-08-12	627	27	no	no	party_no	0
e3b84111a8245e22e9034fc3a83b3a3b	p/CSexM9Gsfdv/	image	2021-08-12	9945	91	yes	no	party_no	0
578d7fb61abacbf376d68e402bccb27d	p/CSewUoWMQm1/	image	2021-08-12	1809	6	no	no	party_no	0
0260d8d15a0c0c75ca4aad9479e7de61	p/CSevUrtC67U/	image	2021-08-12	592	8	yes	no	party_no	1
e3709d249677e285f459ff923cb8eef2	p/CSem4KiosOq/	image	2021-08-12	3324	15	no	no	party_no	1
578d7fb61abacbf376d68e402bccb27d	p/CSemHc0MLi-/	image	2021-08-12	4550	68	no	yes	party_no	0
6ae17935d1b5baf4f4b4f567eca8ff22	p/CSeT2_vsqON/	image	2021-08-12	429	2	no	no	party_no	0
999ca23c12d60d2ffe616d20886ea3d5	p/CSeQwhRIdlS/	image	2021-08-12	7114	60	no	no	party_no	1
e3709d249677e285f459ff923cb8eef2	p/CShmAdysP27/	image	2021-08-13	1004	2	yes	no	party_no	1
e8dd5de276a74ab3abda0c6f828ac425	p/CShkJxOsG_5/	image	2021-08-13	833	12	yes	no	party_no	1
6ae17935d1b5baf4f4b4f567eca8ff22	p/CShkG1fsN7Y/	image	2021-08-13	238	2	yes	no	party_no	1
bf0477239c7c653961cd1a9dab396cf1	p/CShjH__AC3i/	image	2021-08-13	4913	67	yes	no	party_no	1
c9064727402c71160531bde4c2f423e9	p/CShe-dgsJXV/	image	2021-08-13	10694	75	yes	no	party_no	0
dc9512ec1ce1e86aa1f440bd9000ba2b	p/CShZap-o9kV/	image	2021-08-13	3407	38	yes	no	party_no	0
d19d7a97ecc0d202614f86d575122e80	p/CShXLe_NnyS/	image	2021-08-13	204	25	yes	no	party_no	0
e6becd86c1252e619006b2c554bc68b1	p/CShUV97IY0Z/	image	2021-08-13	10622	48	yes	no	party_no	1
d77e6efe2975c90db6471402061abcf7	p/CShS2Kds6qi/	image	2021-08-13	432	83	yes	yes	party_no	0
9348b4661a6dbc0004286afb82afd93c	p/CShSLzSMo_V/	image	2021-08-13	165	16	yes	no	party_no	0
dc9512ec1ce1e86aa1f440bd9000ba2b	p/CShQbANFLZo/	video	2021-08-13	613	12	yes	yes	party_yes_pos	1
e79d13565432a6daaedafa89a1371bb3	p/CShPV2vsEp8/	image	2021-08-13	2804	25	no	no	party_no	0
d218d8f074ad51bf543eb6be1f4e8366	p/CShLwftMTeu/	image	2021-08-13	2105	50	no	yes	party_yes_neg	1
084bc5eda4c65fe9c3483d53ea84a4f8	p/CShGkCojJDu/	image	2021-08-13	32632	577	no	yes	party_no	0
e3b84111a8245e22e9034fc3a83b3a3b	p/CShAOeJMDkP/	image	2021-08-13	4531	112	yes	no	party_no	1
44532d9df81f73c4cba293f99de2e3cf	p/CShAIyIIrzs/	image	2021-08-13	12349	59	no	no	party_no	0
91527dbeb839b49f92fd2ba43724484f	p/CSg0btfMoLx/	image	2021-08-13	409	33	yes	no	party_no	1
d19d7a97ecc0d202614f86d575122e80	p/CSgzGSsNuOR/	image	2021-08-13	133	1	yes	yes	party_yes_neg	0
02d2362a9cbe48bf56e74123a5d17a51	p/CSgwL_IM12T/	image	2021-08-13	578	9	no	no	party_no	0
d89e163b0c43a89f9dbbeb4c008095a7	p/CSgsLNXtEyU/	image	2021-08-13	254029	944	no	no	party_no	0
abb364b8fabce38da2e1212fe1445556	p/CSgrXh1MKD8/	image	2021-08-13	16108	92	no	no	party_no	1
abb364b8fabce38da2e1212fe1445556	p/CSgrOctsJqb/	image	2021-08-13	6950	37	no	no	party_no	1
abb364b8fabce38da2e1212fe1445556	p/CSgp0Jss7cU/	image	2021-08-13	9762	36	no	no	party_no	1
b79655cd998ca55b7eac33a2ba155d0a	p/CSgoB2HMn8Z/	image	2021-08-13	444	18	no	no	party_no	0
c9064727402c71160531bde4c2f423e9	p/CSlbTFisVvt/	image	2021-08-15	1804	23	no	no	party_no	0
f33c10f173a676eedcf535592d3e6812	p/CSlWbl5K9Z9/	image	2021-08-15	299	5	no	no	party_no	1
04efabf9ee38896016be90e0a36f0116	p/CSkQwlqj42w/	image	2021-08-14	157	4	no	no	party_no	0
bf0477239c7c653961cd1a9dab396cf1	p/CSkPOhAA2_X/	image	2021-08-14	5140	41	no	no	party_no	1
6ae17935d1b5baf4f4b4f567eca8ff22	p/CSkNpb_MYah/	image	2021-08-14	374	2	no	no	party_no	1
c914dca22e622d4ada9246f9f4170126	p/CSkKI0YoCO1/	image	2021-08-14	1774	140	no	yes	party_no	0
c9064727402c71160531bde4c2f423e9	p/CSkDtwas0aV/	image	2021-08-14	11831	1549	no	no	party_no	1
30d52d191d094d0c5999ed827021e8a5	p/CSkCtSUMC1G/	image	2021-08-14	964	20	no	no	party_no	0
63380ce6bc4b0ca331f8919b3615e41d	p/CSj8MhftdpM/	image	2021-08-14	101229	367	no	no	party_no	1
fc9051ee6bee590671e57890af4adea8	p/CSj5OW8sp3W/	image	2021-08-14	4701	45	yes	no	party_no	1
b3fa9a6b502321f8f0e30b06f69a60ab	p/CSj4EW2IEcB/	image	2021-08-14	244	7	yes	yes	party_no	0
e3709d249677e285f459ff923cb8eef2	p/CSjsxrhoQyC/	image	2021-08-14	5736	18	no	no	party_no	1
8812e6e135f142629315652e363d740d	p/CSjr9ACien0/	image	2021-08-14	2061	12	no	no	party_no	1
421ce1b028eee70a26e9962a2b31829d	p/CSjqNqloQ2z/	image	2021-08-14	4296	8	no	no	party_no	0
02d2362a9cbe48bf56e74123a5d17a51	p/CSjlMGKs8xs/	image	2021-08-14	380	11	no	no	party_no	0
beb7a24bb66e7c1b3e1d41bacb6186b4	p/CSjgAPls_jl/	image	2021-08-14	7061	97	no	no	party_no	1
bf0477239c7c653961cd1a9dab396cf1	p/CSjfCBggBrv/	image	2021-08-14	2652	46	no	no	party_no	0
29643a30042ea2c66083053117f14cf1	p/CSjaKOBACQs/	image	2021-08-14	21223	222	no	no	party_no	0
9be5cad1827883c1d2fb55994d187dc7	p/CSjZGW6MKrd/	image	2021-08-14	0	2	no	no	party_no	0
e3b84111a8245e22e9034fc3a83b3a3b	p/CSjUkhosTmz/	image	2021-08-14	6738	42	no	no	party_no	1
0260d8d15a0c0c75ca4aad9479e7de61	p/CSjSDl5iQf6/	image	2021-08-14	2076	22	no	no	party_no	0
04c60c55696c64c0abe0c3fd65eac3a5	p/CSjRr4xstp7/	image	2021-08-14	1492	60	yes	no	party_no	1
b79655cd998ca55b7eac33a2ba155d0a	p/CSjRePCM-p0/	image	2021-08-14	927	25	no	no	party_no	0
bbcfea1530c4aeb2f0a00e2f94064300	p/CSjKAtujHaa/	image	2021-08-14	1768	48	no	yes	party_yes_neg	1
f33c10f173a676eedcf535592d3e6812	p/CSn6svDqxf-/	image	2021-08-16	272	4	yes	no	party_no	1
843995b2f47a14055d3723f8a8617456	p/CSnJnpYjyJb/	video	2021-08-15	314	4	no	yes	party_yes_neg	0
843995b2f47a14055d3723f8a8617456	p/CSnDO6oMWIa/	image	2021-08-15	1034	8	no	yes	party_yes_neg	0
bf0477239c7c653961cd1a9dab396cf1	p/CSmzkOaAl37/	image	2021-08-15	6965	50	no	no	party_no	1
fc9051ee6bee590671e57890af4adea8	p/CSmzjm-symH/	image	2021-08-15	3144	44	no	no	party_no	1
a51f9cc0b672c20636dba6bd665f0143	p/CSmy4PlIMJZ/	image	2021-08-15	66722	359	yes	no	party_no	1
999ca23c12d60d2ffe616d20886ea3d5	p/CSmvOtmoH6K/	image	2021-08-15	4736	16	yes	no	party_no	1
0260d8d15a0c0c75ca4aad9479e7de61	p/CSmsjVHi3Zc/	image	2021-08-15	1504	21	no	no	party_no	0
04c60c55696c64c0abe0c3fd65eac3a5	p/CSmqXEwMuGx/	image	2021-08-15	1547	44	no	no	party_no	1
f9794eccdcb70857e906c191cd262179	p/CSmnw7Lo1yh/	image	2021-08-15	152	27	yes	no	party_no	0
717d66373741268b2293e72655414b72	p/CSmm0awDapz/	image	2021-08-15	10372	138	no	no	party_no	0
7b0ad56a98c5c99204fa635d5c66e2e3	p/CSmmNzdsLAQ/	image	2021-08-15	4998	582	yes	no	party_no	1
578d7fb61abacbf376d68e402bccb27d	p/CSmhB1nM0ZS/	image	2021-08-15	3926	10	no	no	party_no	0
02d2362a9cbe48bf56e74123a5d17a51	p/CSmen_YswS1/	image	2021-08-15	237	5	no	no	party_no	0
6d28c8b93351a8ccfdaf5b46065c129e	p/CSmelO3M0d5/	image	2021-08-15	2331	25	no	no	party_no	0
4305f7ad511de6ee2ba458c283177399	p/CSmVW1IKGXm/	image	2021-08-15	3861	55	no	no	party_no	0
5653c041dc67c29eb0f955a0e5cde4cf	p/CSmULzssvDP/	image	2021-08-15	41	1	no	yes	party_yes_neg	0
44532d9df81f73c4cba293f99de2e3cf	p/CSmTqiNI4zr/	image	2021-08-15	14651	25	no	no	party_no	0
b3fa9a6b502321f8f0e30b06f69a60ab	p/CSmRmmNIS0j/	video	2021-08-15	130	2	no	yes	party_no	0
509fd100a396a6346c9af819821e4d31	p/CSmRThQM8eq/	image	2021-08-15	2264	15	no	no	party_no	1
04efabf9ee38896016be90e0a36f0116	p/CSmP7o4Dn-I/	image	2021-08-15	147	3	yes	no	party_no	0
d77e6efe2975c90db6471402061abcf7	p/CSmONQrMonY/	image	2021-08-15	907	21	no	yes	party_no	0
17a5f19a99b3cf48a48b91f6808d8030	p/CSmNQ_WC4w8/	image	2021-08-15	0	3	no	no	party_no	0
29643a30042ea2c66083053117f14cf1	p/CSmJ5NdMBfL/	image	2021-08-15	9013	60	no	no	party_no	0
18bb3a1994c6ac4d5d434ebbbc9ac438	p/CSl4GHmMxXi/	image	2021-08-15	902	5	no	no	party_no	0
02d2362a9cbe48bf56e74123a5d17a51	p/CSlxoijsmhv/	image	2021-08-15	436	6	no	no	party_no	0
abb364b8fabce38da2e1212fe1445556	p/CSluOhwMtYL/	image	2021-08-15	13388	56	no	no	party_no	1
6d28c8b93351a8ccfdaf5b46065c129e	p/CSqmGOoM1vm/	image	2021-08-17	254	3	no	yes	party_yes_neg	0
f33c10f173a676eedcf535592d3e6812	p/CSqhwgZq8es/	image	2021-08-17	146	6	no	no	party_no	1
02d2362a9cbe48bf56e74123a5d17a51	p/CSpij0cMRFF/	image	2021-08-16	192	1	no	yes	party_no	0
fc9051ee6bee590671e57890af4adea8	p/CSpdRtFMyIo/	image	2021-08-16	2009	25	no	no	party_no	1
dbd1313429684accb33e0ceec9274d7b	p/CSpXN-7sqtD/	image	2021-08-16	1758	40	yes	no	party_no	0
5653c041dc67c29eb0f955a0e5cde4cf	p/CSpWV8DsY7G/	image	2021-08-16	40	3	no	yes	party_yes_neg	0
a51f9cc0b672c20636dba6bd665f0143	p/CSpQ0skITBd/	image	2021-08-16	50057	168	yes	no	party_no	1
999ca23c12d60d2ffe616d20886ea3d5	p/CSpOOKwInra/	image	2021-08-16	4181	47	yes	no	party_no	1
e8dd5de276a74ab3abda0c6f828ac425	p/CSpNhbishYr/	image	2021-08-16	1648	11	yes	no	party_no	0
d19d7a97ecc0d202614f86d575122e80	p/CSpLGgLtE8t/	image	2021-08-16	105	1	no	yes	party_yes_neg	0
04c60c55696c64c0abe0c3fd65eac3a5	p/CSpIW2MMkA0/	image	2021-08-16	1437	49	yes	no	party_no	1
0260d8d15a0c0c75ca4aad9479e7de61	p/CSpEbZGiKse/	image	2021-08-16	1883	40	yes	no	party_no	0
e6becd86c1252e619006b2c554bc68b1	p/CSpCfL4opn-/	image	2021-08-16	8391	53	no	no	party_no	0
e3709d249677e285f459ff923cb8eef2	p/CSo9OfsoDRK/	image	2021-08-16	2714	16	no	no	party_no	1
51a943c7059f8984b0c3267d087ba610	p/CSo8XZSjpRH/	image	2021-08-16	21848	126	no	yes	party_yes_neg	0
63380ce6bc4b0ca331f8919b3615e41d	p/CSozIFntDXD/	image	2021-08-16	234901	3974	no	yes	party_no	1
9280b43fc4589291743b48d67b5f8453	p/CSovCo8NLo2/	image	2021-08-16	14401	247	no	yes	party_no	0
02d2362a9cbe48bf56e74123a5d17a51	p/CSollhksy50/	image	2021-08-16	539	5	no	no	party_no	0
d19d7a97ecc0d202614f86d575122e80	p/CSoisXhDdbf/	video	2021-08-16	109	3	yes	no	party_no	0
4d3cd7d71e60ad913f89cb051d0f40eb	p/CSoiOfAgE1s/	image	2021-08-16	265811	638	no	no	party_no	1
5653c041dc67c29eb0f955a0e5cde4cf	p/CSog-1DMVCo/	image	2021-08-16	35	3	yes	no	party_no	0
e3b84111a8245e22e9034fc3a83b3a3b	p/CSoeMbSsKk8/	image	2021-08-16	6177	149	no	no	party_yes_pos	1
9be5cad1827883c1d2fb55994d187dc7	p/CSoc2MXMXBV/	video	2021-08-16	0	7	yes	yes	party_yes_pos	1
b3fa9a6b502321f8f0e30b06f69a60ab	tv/CStJydjIgvI/	video	2021-08-18	13	0	no	yes	party_yes_pos	0
3f4101f715d42d39a3df3dd0057c3e07	p/CStJqQksros/	image	2021-08-18	92	2	yes	no	party_no	0
f33c10f173a676eedcf535592d3e6812	p/CStIZWxqluZ/	image	2021-08-18	202	5	no	no	party_no	1
dc9512ec1ce1e86aa1f440bd9000ba2b	p/CSsH8cgsTCu/	image	2021-08-17	3410	21	no	no	party_no	0
bf0477239c7c653961cd1a9dab396cf1	p/CSr-R8DAXop/	image	2021-08-17	11795	97	no	no	party_no	1
fc9051ee6bee590671e57890af4adea8	p/CSr900_Mb1s/	image	2021-08-17	2952	40	no	no	party_no	1
578d7fb61abacbf376d68e402bccb27d	p/CSr6MkpM3lG/	image	2021-08-17	2739	119	no	yes	party_no	0
a51f9cc0b672c20636dba6bd665f0143	p/CSr490oILo4/	image	2021-08-17	46591	184	yes	no	party_no	1
95e1ccd5a31c56d6141fd6d5d61ab17a	p/CSrzJRysAZD/	image	2021-08-17	5320	47	no	yes	party_yes_neg	0
95e1ccd5a31c56d6141fd6d5d61ab17a	p/CSrx8G9M3wj/	image	2021-08-17	5656	30	yes	yes	party_yes_neg	0
04c60c55696c64c0abe0c3fd65eac3a5	p/CSruwqVMBtv/	image	2021-08-17	1508	44	yes	yes	party_yes_pos	1
f15f2f073b64cddd0ee21ba60e8dd04a	p/CSrss1wiCoq/	image	2021-08-17	2885	13	no	no	party_no	0
7b0ad56a98c5c99204fa635d5c66e2e3	p/CSrrfkXKP6x/	image	2021-08-17	7782	156	yes	no	party_no	1
50ae8a403ea23858fe2dce4149927d95	tv/CSrlubHlKEB/	video	2021-08-17	79	3	no	yes	party_yes_neg	0
b3fa9a6b502321f8f0e30b06f69a60ab	p/CSrkExVI1M8/	image	2021-08-17	84	1	no	yes	party_no	0
f9794eccdcb70857e906c191cd262179	p/CSrbmOFo0At/	image	2021-08-17	230	18	no	yes	party_no	1
843995b2f47a14055d3723f8a8617456	p/CSrbUkHsc0j/	image	2021-08-17	729	5	no	yes	party_yes_neg	0
e3709d249677e285f459ff923cb8eef2	p/CSrYha9o_kn/	image	2021-08-17	2078	13	no	no	party_no	1
18bb3a1994c6ac4d5d434ebbbc9ac438	p/CSrUlojsZ5D/	image	2021-08-17	734	12	no	no	party_no	0
9280b43fc4589291743b48d67b5f8453	p/CSrOmLNNqUq/	image	2021-08-17	15897	86	yes	yes	party_no	1
dc9512ec1ce1e86aa1f440bd9000ba2b	p/CSrGDBTM2_z/	image	2021-08-17	2784	144	yes	no	party_no	0
44532d9df81f73c4cba293f99de2e3cf	p/CSrDs4EIlIv/	image	2021-08-17	20283	115	no	no	party_no	0
91527dbeb839b49f92fd2ba43724484f	p/CSq_HKqsvVD/	image	2021-08-17	291	13	no	no	party_no	1
46bcd29bb252a121e323f3a2c91d9e9d	p/CSuunSJsKef/	image	2021-08-18	23853	223	no	yes	party_yes_pos	0
5653c041dc67c29eb0f955a0e5cde4cf	p/CSustVKMksG/	image	2021-08-18	35	12	no	yes	party_yes_neg	0
a51f9cc0b672c20636dba6bd665f0143	p/CSuibnYoyYU/	image	2021-08-18	76601	378	yes	no	party_no	1
1f1cce919dd7476d910282e2048c4ed6	p/CSuiIePsEJX/	image	2021-08-18	772	61	no	no	party_no	0
421ce1b028eee70a26e9962a2b31829d	p/CSufNMeIAKw/	image	2021-08-18	17578	64	yes	no	party_no	1
bf0477239c7c653961cd1a9dab396cf1	p/CSuZSCdAo_4/	image	2021-08-18	13629	146	no	no	party_no	0
717d66373741268b2293e72655414b72	p/CSuWN1LjDQh/	image	2021-08-18	12755	174	no	no	party_no	0
d19d7a97ecc0d202614f86d575122e80	p/CSuPnh-NAmv/	image	2021-08-18	146	9	yes	yes	party_no	0
0260d8d15a0c0c75ca4aad9479e7de61	p/CSuOXykChha/	image	2021-08-18	1320	19	no	no	party_no	0
e6becd86c1252e619006b2c554bc68b1	p/CSuMSU5oxu2/	image	2021-08-18	4158	32	yes	yes	party_no	1
63380ce6bc4b0ca331f8919b3615e41d	p/CSuMCA7tgiF/	image	2021-08-18	186347	832	yes	no	party_no	1
2535ad1b1c1c85c3245e969cda1726bd	p/CSuLlhmjNqd/	image	2021-08-18	273	4	yes	no	party_no	1
e3709d249677e285f459ff923cb8eef2	p/CSuLSAKoxRF/	image	2021-08-18	1531	4	no	no	party_no	0
9280b43fc4589291743b48d67b5f8453	tv/CSuA0LNIAFx/	video	2021-08-18	3335	37	yes	no	party_no	0
44532d9df81f73c4cba293f99de2e3cf	p/CSt-lPWIrio/	image	2021-08-18	15392	39	no	no	party_no	0
9be5cad1827883c1d2fb55994d187dc7	p/CSttn2tMuYe/	image	2021-08-18	0	5	yes	yes	party_no	1
7040052f53fff5247ebb6071c14eca72	p/CStqGcqsVxx/	image	2021-08-18	1561	43	no	yes	party_no	1
999ca23c12d60d2ffe616d20886ea3d5	p/CStmcYgomrS/	image	2021-08-18	5663	40	no	no	party_no	1
084bc5eda4c65fe9c3483d53ea84a4f8	p/CStmSrdjvyp/	image	2021-08-18	17358	209	yes	no	party_no	0
9be5cad1827883c1d2fb55994d187dc7	p/CSyfmEHMcOp/	image	2021-08-20	686	6	yes	yes	party_no	0
165f4ad1f616ac1f05281d947d0a1a97	p/CSyZVwTsF0-/	image	2021-08-20	536	22	no	yes	party_yes_neg	1
d19d7a97ecc0d202614f86d575122e80	p/CSyYXD2DwuN/	video	2021-08-20	38	2	no	yes	party_yes_neg	0
bbcfea1530c4aeb2f0a00e2f94064300	p/CSyUWONjXYg/	image	2021-08-20	583	15	yes	no	party_no	1
3f4101f715d42d39a3df3dd0057c3e07	p/CSyQzplMEeu/	image	2021-08-20	420	4	no	no	party_no	0
9348b4661a6dbc0004286afb82afd93c	p/CSyO_InsSTJ/	image	2021-08-20	134	9	no	no	party_no	0
02d2362a9cbe48bf56e74123a5d17a51	p/CSxddYYj7Iz/	image	2021-08-19	124	0	no	no	party_no	0
dbd1313429684accb33e0ceec9274d7b	p/CSxF1NksurT/	image	2021-08-19	2403	54	no	no	party_no	0
717d66373741268b2293e72655414b72	p/CSw3aT_DhoU/	image	2021-08-19	6372	101	yes	yes	party_no	0
fc9051ee6bee590671e57890af4adea8	p/CSw0MrRsVom/	image	2021-08-19	1797	33	yes	no	party_no	1
e3709d249677e285f459ff923cb8eef2	p/CSwx9R2olc9/	image	2021-08-19	4306	31	no	no	party_no	1
e79d13565432a6daaedafa89a1371bb3	p/CSwxtFZsXx7/	image	2021-08-19	666	8	yes	yes	party_no	0
e6becd86c1252e619006b2c554bc68b1	p/CSwwBSJI1br/	image	2021-08-19	5098	46	yes	no	party_no	1
7a775131d1c2e8d51ff2962e7002d4d6	p/CSwvmI_seMe/	image	2021-08-19	5719	105	no	yes	party_yes_neg	1
0260d8d15a0c0c75ca4aad9479e7de61	p/CSwrQJAiS0z/	image	2021-08-19	1020	18	yes	no	party_no	0
b79655cd998ca55b7eac33a2ba155d0a	p/CSwlRhmDaSO/	video	2021-08-19	348	18	no	no	party_no	0
f15f2f073b64cddd0ee21ba60e8dd04a	tv/CSwjd7gicpO/	video	2021-08-19	1374	14	no	yes	party_no	0
5653c041dc67c29eb0f955a0e5cde4cf	p/CSwgRRIsNVW/	image	2021-08-19	26	4	no	yes	party_no	0
578d7fb61abacbf376d68e402bccb27d	p/CSwfE7-sJwd/	image	2021-08-19	4082	19	no	yes	party_yes_pos	0
95e1ccd5a31c56d6141fd6d5d61ab17a	p/CSwcJTLMzgL/	image	2021-08-19	5790	21	no	no	party_no	0
d19d7a97ecc0d202614f86d575122e80	p/CSwY9dFN9EK/	image	2021-08-19	185	4	yes	no	party_no	0
421ce1b028eee70a26e9962a2b31829d	p/CSwXG_GopZR/	image	2021-08-19	2663	8	yes	no	party_no	0
999ca23c12d60d2ffe616d20886ea3d5	tv/CSwVYJ9FJIu/	video	2021-08-19	1487	56	yes	no	party_no	0
bf0477239c7c653961cd1a9dab396cf1	p/CSwUm8oAf3P/	image	2021-08-19	5525	73	yes	no	party_no	1
c6c3274af5099ade030972d5ced222b1	p/CSwUHvZMuJm/	image	2021-08-19	912	24	no	yes	party_yes_neg	0
bf0477239c7c653961cd1a9dab396cf1	p/CSzzQZ_AXTQ/	image	2021-08-20	10346	73	yes	no	party_no	1
fc9051ee6bee590671e57890af4adea8	p/CSzsqOsMEXs/	image	2021-08-20	4486	121	no	no	party_no	1
44532d9df81f73c4cba293f99de2e3cf	p/CSznvk3roVa/	image	2021-08-20	13030	44	yes	no	party_no	1
eca2f9b2c9316bd55ebfa59a772625f9	p/CSzkZ2wAmrH/	image	2021-08-20	45442	159	yes	no	party_no	1
a51f9cc0b672c20636dba6bd665f0143	p/CSze6MjIQVw/	image	2021-08-20	69357	186	no	no	party_no	1
30d52d191d094d0c5999ed827021e8a5	p/CSze0BHrQdN/	image	2021-08-20	1640	21	no	no	party_no	0
999ca23c12d60d2ffe616d20886ea3d5	p/CSzar2PoONz/	image	2021-08-20	9383	93	no	no	party_no	0
63380ce6bc4b0ca331f8919b3615e41d	p/CSzZDbXNphk/	image	2021-08-20	193785	776	no	yes	party_no	1
e3709d249677e285f459ff923cb8eef2	p/CSzXOX8sMX7/	image	2021-08-20	935	3	no	no	party_no	1
b3fa9a6b502321f8f0e30b06f69a60ab	p/CSzSQTqIg5G/	image	2021-08-20	259	21	yes	yes	party_yes_pos	0
5653c041dc67c29eb0f955a0e5cde4cf	p/CSzPUA-M0Al/	image	2021-08-20	69	0	yes	yes	party_no	0
5653c041dc67c29eb0f955a0e5cde4cf	p/CSzNnm0lYM1/	video	2021-08-20	35	4	no	yes	party_yes_neg	0
46bcd29bb252a121e323f3a2c91d9e9d	p/CSzJ789Nfl_/	image	2021-08-20	20153	188	no	yes	party_yes_neg	1
421ce1b028eee70a26e9962a2b31829d	p/CSzFKddIswy/	image	2021-08-20	7778	33	no	no	party_no	0
18bb3a1994c6ac4d5d434ebbbc9ac438	p/CSzALG9MeMz/	image	2021-08-20	1095	15	no	no	party_no	1
dc9512ec1ce1e86aa1f440bd9000ba2b	p/CSy4vrjMjqu/	image	2021-08-20	4730	99	yes	yes	party_no	0
46bcd29bb252a121e323f3a2c91d9e9d	tv/CSyuel9ilCk/	video	2021-08-20	7127	293	no	yes	party_yes_pos	0
6de3f6b28222b00127fc038bf7bb4f33	p/CSysOKmMVn4/	image	2021-08-20	832	1	no	yes	party_yes_pos	0
44532d9df81f73c4cba293f99de2e3cf	p/CSypZzPI6Vj/	image	2021-08-20	14442	54	no	no	party_no	0
e3b84111a8245e22e9034fc3a83b3a3b	p/CS2aZagsfuD/	image	2021-08-21	9638	103	yes	no	party_no	1
44532d9df81f73c4cba293f99de2e3cf	p/CS2ZBbSoDJr/	image	2021-08-21	15959	28	no	no	party_no	1
29643a30042ea2c66083053117f14cf1	p/CS2TdVFAof6/	image	2021-08-21	8343	13	yes	no	party_no	0
fc9051ee6bee590671e57890af4adea8	p/CS2Rhe4MDzn/	image	2021-08-21	3450	29	no	no	party_no	1
bf0477239c7c653961cd1a9dab396cf1	p/CS2RMqXgXIq/	image	2021-08-21	17106	147	no	no	party_no	1
d19d7a97ecc0d202614f86d575122e80	p/CS2JA7nt7nm/	image	2021-08-21	328	10	yes	no	party_no	0
0260d8d15a0c0c75ca4aad9479e7de61	p/CS18EjSC2WL/	image	2021-08-21	2507	24	no	no	party_no	0
e3709d249677e285f459ff923cb8eef2	p/CS15QeXInce/	image	2021-08-21	3396	23	no	no	party_no	1
e6becd86c1252e619006b2c554bc68b1	tv/CS1z_oAIB2n/	video	2021-08-21	1369	16	yes	no	party_no	0
b79655cd998ca55b7eac33a2ba155d0a	p/CS1xu2VMOCw/	image	2021-08-21	808	28	no	no	party_no	0
509fd100a396a6346c9af819821e4d31	p/CS1uWYyM5do/	image	2021-08-21	1210	2	no	yes	party_yes_pos	0
abb364b8fabce38da2e1212fe1445556	p/CS1rZ68s_aE/	image	2021-08-21	21488	1417	no	no	party_no	0
d19d7a97ecc0d202614f86d575122e80	p/CS1pPZ9j3Xd/	video	2021-08-21	204	20	no	no	party_no	0
7040052f53fff5247ebb6071c14eca72	p/CS1oAHwDPHk/	image	2021-08-21	2613	22	no	no	party_no	1
abb364b8fabce38da2e1212fe1445556	p/CS1iboFs6Fy/	video	2021-08-21	39830	1501	no	no	party_no	0
8812e6e135f142629315652e363d740d	p/CS1bCJtiakC/	video	2021-08-21	1309	27	no	no	party_no	1
7b0ad56a98c5c99204fa635d5c66e2e3	p/CS1SHUBlH7c/	video	2021-08-21	5071	112	no	no	party_no	1
02d2362a9cbe48bf56e74123a5d17a51	p/CS1R7rQMs6I/	image	2021-08-21	490	4	no	no	party_no	0
6d28c8b93351a8ccfdaf5b46065c129e	p/CS1RFz4sQ39/	image	2021-08-21	8190	180	no	no	party_no	1
717d66373741268b2293e72655414b72	p/CS1I-UdDZPE/	image	2021-08-21	8146	89	yes	no	party_no	1
165f4ad1f616ac1f05281d947d0a1a97	p/CS1IIbHsHTT/	image	2021-08-21	1962	130	no	no	party_no	1
d19d7a97ecc0d202614f86d575122e80	p/CS1GXh4jHty/	video	2021-08-21	395	26	no	yes	party_yes_neg	0
658c73b9d87f9c9168492328fd3a1a1e	p/CS1FD_INuVq/	image	2021-08-21	319	1	yes	yes	party_yes_pos	1
9be5cad1827883c1d2fb55994d187dc7	p/CS1BmXSMLRy/	image	2021-08-21	4080	28	no	yes	party_no	1
578d7fb61abacbf376d68e402bccb27d	p/CS1AkGSslqT/	image	2021-08-21	14509	366	no	yes	party_no	0
9280b43fc4589291743b48d67b5f8453	p/CS1AR2mNxVJ/	image	2021-08-21	20974	256	no	no	party_no	0
9348b4661a6dbc0004286afb82afd93c	p/CS09PzUsQB2/	image	2021-08-21	273	53	yes	no	party_no	1
d19d7a97ecc0d202614f86d575122e80	p/CS08fBHtwfr/	image	2021-08-21	157	1	no	no	party_no	0
f33c10f173a676eedcf535592d3e6812	p/CS03qerKpZt/	image	2021-08-21	619	36	yes	no	party_no	0
f33c10f173a676eedcf535592d3e6812	p/CS5_DgHqCUV/	image	2021-08-23	341	8	yes	yes	party_no	1
29643a30042ea2c66083053117f14cf1	p/CS43p3Fg5wj/	image	2021-08-22	9305	44	no	yes	party_no	0
717d66373741268b2293e72655414b72	p/CS40RYDDPft/	image	2021-08-22	7452	37	no	no	party_no	1
bf0477239c7c653961cd1a9dab396cf1	p/CS4yaLxgdT1/	image	2021-08-22	10936	88	yes	no	party_no	1
6ae17935d1b5baf4f4b4f567eca8ff22	p/CS4x8r9MxsZ/	image	2021-08-22	519	14	no	no	party_no	1
fc9051ee6bee590671e57890af4adea8	p/CS4tkuEsn0R/	image	2021-08-22	3042	29	no	no	party_no	1
a51f9cc0b672c20636dba6bd665f0143	p/CS4l9bsIokg/	image	2021-08-22	91149	284	no	no	party_no	1
0260d8d15a0c0c75ca4aad9479e7de61	p/CS4lB3aiO8w/	image	2021-08-22	948	10	yes	no	party_no	0
44532d9df81f73c4cba293f99de2e3cf	p/CS4gkDOIpF_/	image	2021-08-22	13258	57	yes	no	party_no	1
63380ce6bc4b0ca331f8919b3615e41d	p/CS4fIqyNaFe/	image	2021-08-22	42808	419	yes	no	party_no	1
bbcfea1530c4aeb2f0a00e2f94064300	p/CS4bkBcD8Ow/	image	2021-08-22	679	15	yes	no	party_no	1
1f1cce919dd7476d910282e2048c4ed6	p/CS4Q4aisOo0/	image	2021-08-22	0	15	no	no	party_no	0
f9794eccdcb70857e906c191cd262179	p/CS4M6iXIayj/	image	2021-08-22	148	112	yes	no	party_no	1
d77e6efe2975c90db6471402061abcf7	p/CS4Fif7Mj35/	image	2021-08-22	883	45	no	yes	party_no	0
b3fa9a6b502321f8f0e30b06f69a60ab	p/CS4FGjuoF4K/	video	2021-08-22	198	6	no	yes	party_no	0
04efabf9ee38896016be90e0a36f0116	p/CS4BpWyjQJd/	image	2021-08-22	246	8	no	no	party_no	0
9280b43fc4589291743b48d67b5f8453	p/CS3_t7PN8ZB/	image	2021-08-22	5842	69	yes	no	party_no	0
02d2362a9cbe48bf56e74123a5d17a51	p/CS394rNs4Kv/	image	2021-08-22	749	4	no	no	party_no	0
d19d7a97ecc0d202614f86d575122e80	p/CS34J7ntAhN/	image	2021-08-22	82	0	yes	yes	party_no	0
414fd19d3bf27f522543729f1abaf4bf	p/CS32srdjRCA/	image	2021-08-22	11161	75	no	no	party_no	1
91527dbeb839b49f92fd2ba43724484f	p/CS3wtXlMMCl/	image	2021-08-22	553	26	no	no	party_no	1
beb7a24bb66e7c1b3e1d41bacb6186b4	p/CS8opXSM73n/	image	2021-08-24	764	11	no	no	party_no	1
fc9051ee6bee590671e57890af4adea8	p/CS8nn2XszN_/	image	2021-08-24	634	24	no	no	party_no	1
f33c10f173a676eedcf535592d3e6812	p/CS8kgvYqX9e/	image	2021-08-24	241	7	no	no	party_no	1
578d7fb61abacbf376d68e402bccb27d	p/CS7l4GzMQ2c/	image	2021-08-23	1788	15	no	no	party_no	0
578d7fb61abacbf376d68e402bccb27d	p/CS7juYfMrTq/	image	2021-08-23	3224	174	no	yes	party_yes_neg	0
d77e6efe2975c90db6471402061abcf7	p/CS7g7R7MAsF/	image	2021-08-23	1075	29	no	no	party_no	0
6ae17935d1b5baf4f4b4f567eca8ff22	tv/CS7byiiFNzn/	video	2021-08-23	211	4	no	no	party_no	0
fc9051ee6bee590671e57890af4adea8	p/CS7aq27MbRa/	image	2021-08-23	3712	35	no	no	party_no	1
dbd1313429684accb33e0ceec9274d7b	p/CS7YtEjMQ08/	image	2021-08-23	2874	176	no	no	party_no	0
084bc5eda4c65fe9c3483d53ea84a4f8	p/CS7THL6D09_/	image	2021-08-23	19127	240	no	no	party_no	0
717d66373741268b2293e72655414b72	p/CS7SJUTD9yf/	image	2021-08-23	7305	105	no	no	party_no	0
e3b84111a8245e22e9034fc3a83b3a3b	p/CS7Qca9ML-5/	image	2021-08-23	5702	54	no	yes	party_yes_neg	0
e3709d249677e285f459ff923cb8eef2	p/CS7Pir6st8M/	image	2021-08-23	2768	12	no	no	party_no	1
44532d9df81f73c4cba293f99de2e3cf	p/CS7ORdKo6N8/	image	2021-08-23	13896	88	yes	no	party_no	1
c9064727402c71160531bde4c2f423e9	p/CS7Ljc0Mp7X/	image	2021-08-23	8494	512	yes	no	party_no	0
a51f9cc0b672c20636dba6bd665f0143	p/CS7Fx8Woqee/	image	2021-08-23	75364	263	no	no	party_no	1
d19d7a97ecc0d202614f86d575122e80	p/CS7AL84NQc-/	image	2021-08-23	110	0	no	yes	party_no	0
8812e6e135f142629315652e363d740d	p/CS6_DmuCyJG/	video	2021-08-23	1322	25	no	no	party_no	1
4db79e097c0a133b2def2bf254f83dd9	p/CS67WBJsvBh/	image	2021-08-23	6361	77	no	yes	party_no	0
165f4ad1f616ac1f05281d947d0a1a97	p/CS60um1MoqM/	image	2021-08-23	1133	32	no	yes	party_no	0
02d2362a9cbe48bf56e74123a5d17a51	p/CS6u3mnMXR5/	image	2021-08-23	353	7	no	no	party_no	1
a87b62512ea38bddd84d26e94d8b8376	p/CS6ugNrMcqU/	image	2021-08-23	1149	21	no	yes	party_yes_neg	0
e3b84111a8245e22e9034fc3a83b3a3b	p/CS6g4eyMB2a/	image	2021-08-23	13144	186	no	yes	party_yes_neg	0
9be5cad1827883c1d2fb55994d187dc7	p/CS6Y44FMuui/	video	2021-08-23	500	5	no	yes	party_yes_pos	0
fc9051ee6bee590671e57890af4adea8	p/CS6WoU4sqLn/	image	2021-08-23	2687	49	no	no	party_no	1
bf0477239c7c653961cd1a9dab396cf1	p/CS6UueGAFZm/	image	2021-08-23	8613	51	no	no	party_no	1
1411160f41f5bc887e062a57fe62d548	p/CS_MYgnMZyN/	image	2021-08-25	37	1	yes	no	party_no	1
f33c10f173a676eedcf535592d3e6812	p/CS_H7Cqq4JD/	image	2021-08-25	226	21	no	yes	party_yes_neg	1
5653c041dc67c29eb0f955a0e5cde4cf	p/CS_E11YDrq0/	image	2021-08-25	6	0	yes	yes	party_yes_pos	0
bf0477239c7c653961cd1a9dab396cf1	p/CS-GQucgXm1/	image	2021-08-24	7581	42	no	no	party_no	1
46bcd29bb252a121e323f3a2c91d9e9d	p/CS-DAo6MDcE/	image	2021-08-24	13095	216	no	yes	party_yes_neg	0
e3709d249677e285f459ff923cb8eef2	p/CS98F8FMBJO/	image	2021-08-24	1565	4	no	no	party_no	0
9348b4661a6dbc0004286afb82afd93c	p/CS97raasM30/	image	2021-08-24	183	18	yes	no	party_no	1
421ce1b028eee70a26e9962a2b31829d	p/CS95xgqoGmh/	image	2021-08-24	2557	9	yes	no	party_no	1
02d2362a9cbe48bf56e74123a5d17a51	p/CS92uS7sgMj/	image	2021-08-24	168	0	no	no	party_no	0
d19d7a97ecc0d202614f86d575122e80	p/CS91unANLmz/	image	2021-08-24	85	0	no	no	party_no	0
30d52d191d094d0c5999ed827021e8a5	p/CS90ZxvMGTy/	image	2021-08-24	763	16	no	no	party_no	0
eca2f9b2c9316bd55ebfa59a772625f9	p/CS90M3lA44Y/	image	2021-08-24	40463	114	no	no	party_no	0
5653c041dc67c29eb0f955a0e5cde4cf	p/CS9vQSxsNE4/	image	2021-08-24	31	3	no	no	party_no	0
63380ce6bc4b0ca331f8919b3615e41d	p/CS9s8VttWhW/	image	2021-08-24	105520	840	no	yes	party_no	1
6ae17935d1b5baf4f4b4f567eca8ff22	p/CS9pESJsVgV/	image	2021-08-24	208	2	yes	no	party_no	1
95e1ccd5a31c56d6141fd6d5d61ab17a	p/CS9nKceMRIT/	image	2021-08-24	2827	19	no	yes	party_yes_neg	0
578d7fb61abacbf376d68e402bccb27d	p/CS9lWmqsPhJ/	image	2021-08-24	3075	54	no	no	party_no	0
04c60c55696c64c0abe0c3fd65eac3a5	p/CS9jSTCMpoq/	image	2021-08-24	1206	32	yes	no	party_no	1
e79d13565432a6daaedafa89a1371bb3	p/CS9hZmkM5yu/	video	2021-08-24	569	11	yes	no	party_no	0
18bb3a1994c6ac4d5d434ebbbc9ac438	p/CS9auZisBlY/	image	2021-08-24	860	10	no	no	party_no	1
02d2362a9cbe48bf56e74123a5d17a51	p/CS9ZO2QMb_o/	image	2021-08-24	89	0	no	yes	party_yes_neg	0
2535ad1b1c1c85c3245e969cda1726bd	p/CS9Rqf7DuZL/	image	2021-08-24	297	16	yes	no	party_no	1
9be5cad1827883c1d2fb55994d187dc7	p/CS9Ot0SMZMV/	image	2021-08-24	1479	4	no	no	party_no	0
e3709d249677e285f459ff923cb8eef2	p/CTB_OQMsb0M/	image	2021-08-26	1593	28	no	no	party_no	1
1411160f41f5bc887e062a57fe62d548	p/CTB-olpsCSV/	image	2021-08-26	230	7	yes	no	party_no	1
bbcfea1530c4aeb2f0a00e2f94064300	p/CTB3BGkD27v/	image	2021-08-26	1052	52	yes	no	party_no	0
9348b4661a6dbc0004286afb82afd93c	p/CTB1x8RMQxy/	image	2021-08-26	219	12	yes	no	party_no	1
d77e6efe2975c90db6471402061abcf7	p/CTB0vjNMzwi/	image	2021-08-26	977	19	no	yes	party_no	0
0260d8d15a0c0c75ca4aad9479e7de61	p/CTByTERiUL3/	image	2021-08-26	1362	50	yes	no	party_no	1
f33c10f173a676eedcf535592d3e6812	p/CTBuBZeKZ4s/	image	2021-08-26	1190	35	no	no	party_no	0
8812e6e135f142629315652e363d740d	p/CTBuAN2idu2/	image	2021-08-26	1555	4	no	no	party_no	1
c9064727402c71160531bde4c2f423e9	p/CTBktklsL0z/	image	2021-08-26	12539	152	no	no	party_no	0
dffe5ecd94845ecc2e7f9b16f5fc8abd	p/CTAeMi_slp1/	image	2021-08-25	0	10	no	no	party_no	1
bf0477239c7c653961cd1a9dab396cf1	p/CTAczy4gUFM/	image	2021-08-25	13832	177	no	no	party_no	0
f15f2f073b64cddd0ee21ba60e8dd04a	p/CTAX1xDCwek/	image	2021-08-25	4146	19	yes	no	party_no	1
9280b43fc4589291743b48d67b5f8453	p/CTAR5tnNV15/	image	2021-08-25	16629	112	no	no	party_no	0
18bb3a1994c6ac4d5d434ebbbc9ac438	p/CTARdtmMQEM/	image	2021-08-25	1806	42	no	yes	party_yes_neg	1
7a775131d1c2e8d51ff2962e7002d4d6	p/CTAPbctMxMG/	image	2021-08-25	8293	149	no	no	party_no	1
0260d8d15a0c0c75ca4aad9479e7de61	p/CTAPWRLiFJ-/	image	2021-08-25	2557	66	no	no	party_no	0
b79655cd998ca55b7eac33a2ba155d0a	p/CTAPLJDM2aR/	image	2021-08-25	799	20	no	no	party_no	0
30d52d191d094d0c5999ed827021e8a5	p/CTAO3WCMDNh/	image	2021-08-25	1026	29	yes	no	party_no	1
132692cb5f1d5cbb0274051f0b7777b7	p/CTAOlSiMjQX/	image	2021-08-25	15980	86	no	no	party_no	1
3a772b63ca0cf65622b4d5f70b364b75	p/CTALeWYsSNC/	image	2021-08-25	20656	611	no	yes	party_no	0
e3709d249677e285f459ff923cb8eef2	p/CTAHFIFoXEY/	image	2021-08-25	1524	3	yes	no	party_no	1
44532d9df81f73c4cba293f99de2e3cf	p/CTAFq0NoTbA/	image	2021-08-25	33146	354	no	no	party_no	1
999ca23c12d60d2ffe616d20886ea3d5	p/CTAEk9rIjMj/	image	2021-08-25	9796	153	yes	yes	party_no	1
8812e6e135f142629315652e363d740d	p/CTAB7KtiHBz/	image	2021-08-25	1424	7	yes	no	party_no	1
509fd100a396a6346c9af819821e4d31	p/CS__3BXMqBG/	image	2021-08-25	1113	14	no	no	party_no	0
4db79e097c0a133b2def2bf254f83dd9	p/CS_97ERsE9V/	image	2021-08-25	7261	79	no	yes	party_no	0
f9794eccdcb70857e906c191cd262179	tv/CS_7MhCI8hn/	video	2021-08-25	170	7	yes	no	party_no	0
4d3cd7d71e60ad913f89cb051d0f40eb	p/CS_3Iq3t0CG/	image	2021-08-25	175737	512	no	no	party_no	0
bbcfea1530c4aeb2f0a00e2f94064300	p/CS_1j_Uje_f/	image	2021-08-25	1122	35	no	no	party_no	1
7040052f53fff5247ebb6071c14eca72	p/CS_1MvICEQX/	image	2021-08-25	1383	40	no	yes	party_no	1
b3fa9a6b502321f8f0e30b06f69a60ab	p/CS_swGpomOR/	image	2021-08-25	179	10	no	yes	party_yes_neg	0
421ce1b028eee70a26e9962a2b31829d	p/CS_qggQIA-R/	image	2021-08-25	9453	86	no	no	party_no	0
5653c041dc67c29eb0f955a0e5cde4cf	p/CTEVoS7MXL_/	image	2021-08-27	3	0	no	yes	party_yes_neg	0
97b40a328bdb6609dbd6b2d4ba416180	p/CTDe0_NJkqm/	image	2021-08-26	72872	135	no	no	party_no	0
843995b2f47a14055d3723f8a8617456	p/CTDceWFj_AX/	image	2021-08-26	616	0	no	yes	party_yes_neg	0
bf0477239c7c653961cd1a9dab396cf1	p/CTDIWe8AUOH/	image	2021-08-26	8320	58	no	no	party_no	0
a51f9cc0b672c20636dba6bd665f0143	p/CTDG1xCo7Q6/	image	2021-08-26	65360	270	no	no	party_no	1
7b0ad56a98c5c99204fa635d5c66e2e3	p/CTDCeHKMYqz/	image	2021-08-26	4858	113	no	no	party_no	0
658c73b9d87f9c9168492328fd3a1a1e	p/CTDAxRlNUgU/	image	2021-08-26	409	2	yes	no	party_no	1
6ae17935d1b5baf4f4b4f567eca8ff22	p/CTDAvQEsXYE/	image	2021-08-26	856	12	yes	no	party_no	1
f9794eccdcb70857e906c191cd262179	p/CTC_HgCoSVX/	image	2021-08-26	0	22	no	yes	party_yes_neg	1
fc9051ee6bee590671e57890af4adea8	p/CTC83bRMAne/	image	2021-08-26	3512	38	yes	no	party_no	1
0260d8d15a0c0c75ca4aad9479e7de61	p/CTC65yfCtru/	image	2021-08-26	1119	20	yes	no	party_no	0
578d7fb61abacbf376d68e402bccb27d	p/CTC2KwvLe26/	image	2021-08-26	1922	75	no	yes	party_yes_pos	0
63380ce6bc4b0ca331f8919b3615e41d	p/CTC16sGNvNP/	image	2021-08-26	110142	1089	no	no	party_no	1
02d2362a9cbe48bf56e74123a5d17a51	p/CTCyd3hM1tP/	image	2021-08-26	1954	17	no	yes	party_yes_neg	0
8812e6e135f142629315652e363d740d	p/CTCyNsLCMRj/	video	2021-08-26	939	15	yes	no	party_no	1
843995b2f47a14055d3723f8a8617456	p/CTCx1upslAa/	image	2021-08-26	234	0	no	yes	party_yes_neg	0
d19d7a97ecc0d202614f86d575122e80	p/CTCtjn8N6ME/	image	2021-08-26	111	1	yes	no	party_no	0
e3b84111a8245e22e9034fc3a83b3a3b	p/CTCqb4zsgED/	image	2021-08-26	7975	277	no	yes	party_no	0
084bc5eda4c65fe9c3483d53ea84a4f8	p/CTCqWjkj8-i/	image	2021-08-26	22652	102	no	yes	party_no	0
e8dd5de276a74ab3abda0c6f828ac425	p/CTCm3m_NkQS/	image	2021-08-26	235	1	no	no	party_no	0
7040052f53fff5247ebb6071c14eca72	p/CTCk5NDKqX6/	image	2021-08-26	6601	251	yes	yes	party_no	0
5653c041dc67c29eb0f955a0e5cde4cf	p/CTCe0BUMC2p/	image	2021-08-26	25	2	yes	no	party_no	0
18bb3a1994c6ac4d5d434ebbbc9ac438	p/CTCezy1sLh1/	image	2021-08-26	1227	22	no	no	party_no	0
beb7a24bb66e7c1b3e1d41bacb6186b4	p/CTCcGzgML2D/	image	2021-08-26	3751	71	yes	yes	party_no	1
9be5cad1827883c1d2fb55994d187dc7	p/CTCabTzMhVL/	image	2021-08-26	5696	187	no	yes	party_yes_neg	0
578d7fb61abacbf376d68e402bccb27d	p/CTCVvM0rwae/	image	2021-08-26	5936	70	no	yes	party_no	1
999ca23c12d60d2ffe616d20886ea3d5	p/CTCMwARIeW2/	image	2021-08-26	8595	317	no	no	party_no	1
6de3f6b28222b00127fc038bf7bb4f33	p/CTCDOn6snkq/	image	2021-08-26	487	17	yes	no	party_no	0
a87b62512ea38bddd84d26e94d8b8376	p/CTFzrQVspB6/	image	2021-08-27	1102	46	no	yes	party_yes_pos	0
97b40a328bdb6609dbd6b2d4ba416180	p/CTFyQxCoOPL/	image	2021-08-27	40099	93	yes	no	party_no	1
e3709d249677e285f459ff923cb8eef2	p/CTFqtfCMlf2/	image	2021-08-27	3664	11	no	no	party_no	1
29643a30042ea2c66083053117f14cf1	p/CTFqpfhJSxB/	image	2021-08-27	4359	10	yes	no	party_no	0
c6c3274af5099ade030972d5ced222b1	p/CTFm8lxMwoR/	image	2021-08-27	1372	35	yes	yes	party_yes_neg	0
717d66373741268b2293e72655414b72	p/CTFlYqNjnhx/	image	2021-08-27	5878	100	yes	no	party_no	0
6ae17935d1b5baf4f4b4f567eca8ff22	p/CTFkUFEs7u6/	image	2021-08-27	437	10	no	no	party_no	1
e3b84111a8245e22e9034fc3a83b3a3b	p/CTFj6ZYst-l/	image	2021-08-27	4629	29	yes	no	party_no	1
f15f2f073b64cddd0ee21ba60e8dd04a	p/CTFhMMDiO8k/	image	2021-08-27	2176	14	no	no	party_no	1
4db79e097c0a133b2def2bf254f83dd9	p/CTFe1REsyMJ/	image	2021-08-27	8615	103	no	no	party_no	1
c9064727402c71160531bde4c2f423e9	p/CTFes4FsHhf/	image	2021-08-27	8754	57	yes	no	party_no	1
e3b84111a8245e22e9034fc3a83b3a3b	tv/CTFchHmiguK/	video	2021-08-27	985	18	yes	yes	party_no	0
18bb3a1994c6ac4d5d434ebbbc9ac438	p/CTFZ4uxMf1r/	image	2021-08-27	428	6	yes	no	party_no	1
e6becd86c1252e619006b2c554bc68b1	p/CTFXH_EIxzg/	image	2021-08-27	7944	75	no	no	party_no	0
7a775131d1c2e8d51ff2962e7002d4d6	p/CTFRYlSsHLE/	image	2021-08-27	15270	514	no	yes	party_yes_neg	1
44532d9df81f73c4cba293f99de2e3cf	p/CTFQTB7IhPW/	image	2021-08-27	18693	125	no	no	party_no	0
5653c041dc67c29eb0f955a0e5cde4cf	p/CTFQEcDM2lM/	image	2021-08-27	43	4	yes	no	party_no	0
d218d8f074ad51bf543eb6be1f4e8366	p/CTFOPWPMzs4/	image	2021-08-27	1787	51	no	yes	party_yes_neg	1
132692cb5f1d5cbb0274051f0b7777b7	p/CTFM2NID77C/	video	2021-08-27	4679	27	no	no	party_no	0
46bcd29bb252a121e323f3a2c91d9e9d	tv/CTFJiW2joCX/	video	2021-08-27	8532	207	no	yes	party_yes_neg	0
bbcfea1530c4aeb2f0a00e2f94064300	p/CTFAOKWjSmt/	image	2021-08-27	856	76	yes	yes	party_no	1
d19d7a97ecc0d202614f86d575122e80	p/CTE99Y9jQ1P/	video	2021-08-27	173	9	no	no	party_no	0
51a943c7059f8984b0c3267d087ba610	p/CTE8HfQDGuP/	image	2021-08-27	16975	82	no	no	party_no	1
9280b43fc4589291743b48d67b5f8453	p/CTEyrsDNh2L/	image	2021-08-27	16200	122	yes	no	party_no	1
91527dbeb839b49f92fd2ba43724484f	p/CTEo-fgsaJ0/	image	2021-08-27	546	20	no	no	party_no	1
8812e6e135f142629315652e363d740d	p/CTEnYSWCl6m/	video	2021-08-27	1119	23	yes	no	party_no	1
bf0477239c7c653961cd1a9dab396cf1	p/CTIZvO4gvcZ/	image	2021-08-28	7953	60	no	no	party_no	0
a51f9cc0b672c20636dba6bd665f0143	p/CTIPAivIjEk/	image	2021-08-28	48740	102	yes	no	party_no	1
3a772b63ca0cf65622b4d5f70b364b75	p/CTINvetLadS/	image	2021-08-28	15347	297	no	yes	party_yes_neg	0
5653c041dc67c29eb0f955a0e5cde4cf	tv/CTILH3DlxAL/	video	2021-08-28	22	1	no	no	party_no	0
7b0ad56a98c5c99204fa635d5c66e2e3	p/CTII1NUlmUc/	video	2021-08-28	3004	39	no	no	party_no	1
999ca23c12d60d2ffe616d20886ea3d5	p/CTIGMFoI872/	image	2021-08-28	3916	10	yes	no	party_no	1
04c60c55696c64c0abe0c3fd65eac3a5	p/CTIBJBfsR5Q/	image	2021-08-28	1484	36	yes	no	party_no	1
6ae17935d1b5baf4f4b4f567eca8ff22	p/CTIAL0vsyK1/	image	2021-08-28	449	6	no	no	party_no	1
0260d8d15a0c0c75ca4aad9479e7de61	p/CTH_mfBiGgB/	image	2021-08-28	1195	15	no	yes	party_no	1
63380ce6bc4b0ca331f8919b3615e41d	p/CTH_WiQN_rN/	image	2021-08-28	90546	4267	yes	no	party_no	1
d19d7a97ecc0d202614f86d575122e80	p/CTH38vNDDjc/	video	2021-08-28	391	8	no	yes	party_no	0
eca2f9b2c9316bd55ebfa59a772625f9	p/CTH08UNNCzI/	image	2021-08-28	49347	114	no	no	party_no	0
02d2362a9cbe48bf56e74123a5d17a51	p/CTHjpJtMNSJ/	image	2021-08-28	262	5	yes	yes	party_yes_neg	0
421ce1b028eee70a26e9962a2b31829d	p/CTHhBkooK4a/	image	2021-08-28	6769	28	no	no	party_no	0
bbcfea1530c4aeb2f0a00e2f94064300	p/CTHd67ODaqf/	image	2021-08-28	958	19	no	yes	party_yes_neg	0
b3fa9a6b502321f8f0e30b06f69a60ab	tv/CTHM0PWIE72/	video	2021-08-28	237	15	no	yes	party_no	0
f33c10f173a676eedcf535592d3e6812	p/CTL6pRbq2iQ/	image	2021-08-30	310	3	no	no	party_no	0
c6c3274af5099ade030972d5ced222b1	p/CTLEJoYsoTk/	image	2021-08-29	1191	35	no	yes	party_yes_neg	0
7040052f53fff5247ebb6071c14eca72	p/CTLBAoijIjJ/	image	2021-08-29	6159	122	no	yes	party_no	0
6d28c8b93351a8ccfdaf5b46065c129e	p/CTK50wEs3HD/	image	2021-08-29	2329	27	no	yes	party_yes_neg	0
6ae17935d1b5baf4f4b4f567eca8ff22	p/CTK3Sl4sbnE/	image	2021-08-29	364	2	no	no	party_no	1
165f4ad1f616ac1f05281d947d0a1a97	p/CTKw1O5siVL/	image	2021-08-29	2169	71	no	yes	party_yes_neg	0
bf0477239c7c653961cd1a9dab396cf1	p/CTKwfEqA1xl/	image	2021-08-29	10649	81	no	no	party_no	0
999ca23c12d60d2ffe616d20886ea3d5	p/CTKt09woyXO/	image	2021-08-29	4248	30	no	no	party_no	1
a51f9cc0b672c20636dba6bd665f0143	p/CTKsQ23IC3Z/	image	2021-08-29	78040	302	no	no	party_no	1
30d52d191d094d0c5999ed827021e8a5	p/CTKkCDUMWZh/	image	2021-08-29	802	18	no	no	party_no	0
7a775131d1c2e8d51ff2962e7002d4d6	p/CTKj1m1MDZR/	image	2021-08-29	15138	484	no	no	party_no	1
18bb3a1994c6ac4d5d434ebbbc9ac438	p/CTKhVXlsqmW/	image	2021-08-29	452	2	yes	no	party_no	1
0260d8d15a0c0c75ca4aad9479e7de61	p/CTKgaz8i4Zi/	image	2021-08-29	723	10	no	no	party_no	0
8812e6e135f142629315652e363d740d	p/CTKd9_fi_XC/	video	2021-08-29	1532	15	yes	no	party_no	1
e8dd5de276a74ab3abda0c6f828ac425	p/CTKdECysNWY/	image	2021-08-29	1134	11	yes	no	party_no	0
02d2362a9cbe48bf56e74123a5d17a51	p/CTKQBazsnTQ/	image	2021-08-29	344	1	yes	no	party_no	0
f9794eccdcb70857e906c191cd262179	p/CTKECb1oxzS/	image	2021-08-29	194	9	no	no	party_no	1
421ce1b028eee70a26e9962a2b31829d	p/CTKCVfFojEl/	image	2021-08-29	6604	16	no	no	party_no	1
b3fa9a6b502321f8f0e30b06f69a60ab	p/CTJ_zCToDL2/	video	2021-08-29	141	13	no	yes	party_no	0
843995b2f47a14055d3723f8a8617456	p/CTJ4eASMHt8/	image	2021-08-29	423	0	no	yes	party_yes_neg	0
97b40a328bdb6609dbd6b2d4ba416180	p/CTJ1-X5odaH/	image	2021-08-29	275726	1476	no	no	party_no	1
9280b43fc4589291743b48d67b5f8453	p/CTJ0fyQt4-J/	image	2021-08-29	26461	306	no	no	party_no	0
bbcfea1530c4aeb2f0a00e2f94064300	p/CTOqa0bi9fg/	image	2021-08-31	86	7	yes	yes	party_yes_pos	1
f33c10f173a676eedcf535592d3e6812	p/CTOn7eoKqkj/	image	2021-08-31	172	8	yes	no	party_no	0
97b40a328bdb6609dbd6b2d4ba416180	p/CTN3oL1pE0I/	image	2021-08-30	66429	185	yes	no	party_no	0
b79655cd998ca55b7eac33a2ba155d0a	p/CTNw38wslr0/	image	2021-08-30	240	10	no	no	party_no	1
4db79e097c0a133b2def2bf254f83dd9	p/CTNeA7dsf9H/	image	2021-08-30	5508	28	no	no	party_no	0
dbd1313429684accb33e0ceec9274d7b	p/CTNag0cMgSn/	image	2021-08-30	2421	70	no	no	party_no	0
91527dbeb839b49f92fd2ba43724484f	p/CTNTB2Bsr9Z/	image	2021-08-30	519	17	yes	no	party_no	1
6ae17935d1b5baf4f4b4f567eca8ff22	p/CTNSyDLswEg/	image	2021-08-30	280	4	no	no	party_no	1
6d28c8b93351a8ccfdaf5b46065c129e	p/CTNSi-QsRwu/	image	2021-08-30	2002	70	no	yes	party_yes_neg	0
f9794eccdcb70857e906c191cd262179	p/CTNQaj4o5bz/	image	2021-08-30	57	36	yes	no	party_no	1
1b681edf149c774c3911235f7c94d231	p/CTNOhHZMufh/	image	2021-08-30	1797	27	yes	no	party_no	1
04c60c55696c64c0abe0c3fd65eac3a5	p/CTNLGdfsmqu/	image	2021-08-30	1323	35	yes	no	party_no	1
7040052f53fff5247ebb6071c14eca72	p/CTNLFdhD4Uc/	image	2021-08-30	3127	45	no	yes	party_yes_pos	1
63380ce6bc4b0ca331f8919b3615e41d	p/CTNI8dRNl-j/	image	2021-08-30	86382	758	no	no	party_no	1
d19d7a97ecc0d202614f86d575122e80	p/CTNFNZPNmYK/	image	2021-08-30	93	2	no	yes	party_yes_neg	0
46bcd29bb252a121e323f3a2c91d9e9d	p/CTNEtO9MgA0/	image	2021-08-30	7168	89	yes	no	party_no	1
165f4ad1f616ac1f05281d947d0a1a97	p/CTND2D6svAv/	image	2021-08-30	885	72	yes	yes	party_yes_neg	0
e3709d249677e285f459ff923cb8eef2	p/CTM_KtOoirJ/	image	2021-08-30	2651	9	no	no	party_no	1
084bc5eda4c65fe9c3483d53ea84a4f8	p/CTM-0Gfj2mt/	image	2021-08-30	21899	51	no	no	party_no	0
bf0477239c7c653961cd1a9dab396cf1	p/CTM8ddYsaKc/	image	2021-08-30	7463	82	no	no	party_no	0
18bb3a1994c6ac4d5d434ebbbc9ac438	p/CTMzPkzMwCF/	image	2021-08-30	703	4	no	no	party_no	0
421ce1b028eee70a26e9962a2b31829d	p/CTMy8Y6INbl/	image	2021-08-30	5569	21	no	no	party_no	0
29643a30042ea2c66083053117f14cf1	p/CTMryrxM_V8/	image	2021-08-30	9732	53	no	no	party_no	1
d19d7a97ecc0d202614f86d575122e80	p/CTMlAkTDkG-/	video	2021-08-30	128	1	no	no	party_no	0
02d2362a9cbe48bf56e74123a5d17a51	p/CTMkWzisVLg/	image	2021-08-30	427	2	no	no	party_no	0
578d7fb61abacbf376d68e402bccb27d	p/CTMhrhAM4Yy/	image	2021-08-30	3948	7	no	yes	party_yes_pos	1
9be5cad1827883c1d2fb55994d187dc7	p/CTMfroNszX1/	image	2021-08-30	0	10	yes	yes	party_yes_pos	1
0260d8d15a0c0c75ca4aad9479e7de61	p/CTMeHHKiTZd/	image	2021-08-30	2383	31	no	no	party_no	1
1411160f41f5bc887e062a57fe62d548	p/CTMcgsmMTYE/	image	2021-08-30	267	3	yes	yes	party_no	1
a87b62512ea38bddd84d26e94d8b8376	p/CTMXc7LAB47/	video	2021-08-30	218	9	no	yes	party_yes_neg	1
29643a30042ea2c66083053117f14cf1	p/CTQIHHmPoTl/	image	2021-08-31	10979	36	no	no	party_no	1
02d2362a9cbe48bf56e74123a5d17a51	p/CTQGIPcMKeD/	image	2021-08-31	549	11	no	no	party_no	0
b3fa9a6b502321f8f0e30b06f69a60ab	p/CTQDCZxICRq/	image	2021-08-31	144	4	no	yes	party_no	0
1b681edf149c774c3911235f7c94d231	p/CTP_ALfsS0q/	image	2021-08-31	1019	15	yes	no	party_no	1
717d66373741268b2293e72655414b72	p/CTP8JMtDcvT/	image	2021-08-31	10397	103	yes	no	party_no	1
a51f9cc0b672c20636dba6bd665f0143	p/CTP7VhMIZi_/	image	2021-08-31	69294	650	yes	no	party_no	1
998426ae2619d42a0549fba42cf19317	p/CTP4GLur3Tv/	image	2021-08-31	0	113	no	no	party_no	1
e3b84111a8245e22e9034fc3a83b3a3b	p/CTP2Ut6sPXh/	image	2021-08-31	22060	361	no	yes	party_yes_neg	0
95e1ccd5a31c56d6141fd6d5d61ab17a	p/CTP2GxtMjBy/	image	2021-08-31	14101	146	no	yes	party_no	0
95e1ccd5a31c56d6141fd6d5d61ab17a	p/CTP0wYdsq4p/	image	2021-08-31	2898	10	no	no	party_no	0
8812e6e135f142629315652e363d740d	p/CTPrXjsiob5/	image	2021-08-31	1457	23	yes	no	party_no	1
e6becd86c1252e619006b2c554bc68b1	p/CTPqxOsoOsK/	image	2021-08-31	14121	98	no	no	party_no	1
29643a30042ea2c66083053117f14cf1	p/CTPqtnPM6Bo/	image	2021-08-31	16325	82	no	no	party_no	0
7a775131d1c2e8d51ff2962e7002d4d6	p/CTPqYwwMo3y/	image	2021-08-31	8531	299	no	yes	party_no	1
0260d8d15a0c0c75ca4aad9479e7de61	p/CTPqYTwCUmO/	image	2021-08-31	2808	38	yes	no	party_no	1
d19d7a97ecc0d202614f86d575122e80	p/CTPoWPYD_zL/	video	2021-08-31	113	3	no	no	party_no	0
1411160f41f5bc887e062a57fe62d548	p/CTPmdAZsBcD/	image	2021-08-31	150	1	no	yes	party_no	1
9be5cad1827883c1d2fb55994d187dc7	p/CTPhJrdM-_f/	image	2021-08-31	0	18	no	yes	party_no	0
18bb3a1994c6ac4d5d434ebbbc9ac438	p/CTPWYKIMs4o/	image	2021-08-31	619	3	yes	no	party_no	1
e3709d249677e285f459ff923cb8eef2	p/CTPR5wysPNb/	image	2021-08-31	2221	7	yes	no	party_no	1
b79655cd998ca55b7eac33a2ba155d0a	p/CTPH_6-sAt0/	image	2021-08-31	504	13	no	no	party_no	1
9280b43fc4589291743b48d67b5f8453	p/CTPFCtqojJ0/	image	2021-08-31	33200	729	no	no	party_no	0
421ce1b028eee70a26e9962a2b31829d	p/CTPEER4ogcL/	image	2021-08-31	7300	22	no	no	party_no	1
02d2362a9cbe48bf56e74123a5d17a51	p/CTPDS3Dsnzi/	image	2021-08-31	330	2	yes	no	party_no	0
6d28c8b93351a8ccfdaf5b46065c129e	p/CTO4llCs5I1/	image	2021-08-31	7977	139	no	no	party_no	1
d19d7a97ecc0d202614f86d575122e80	p/CTO0pnJt_Ch/	image	2021-08-31	192	8	no	no	party_no	0
7b0ad56a98c5c99204fa635d5c66e2e3	p/CTOwPzRsgKL/	image	2021-08-31	25597	670	no	yes	party_no	0
9348b4661a6dbc0004286afb82afd93c	p/CTOthuHMfr6/	image	2021-08-31	961	104	no	yes	party_yes_neg	0
30d52d191d094d0c5999ed827021e8a5	p/CTOr0DBsRsl/	image	2021-08-31	939	51	no	no	party_no	1
bf0477239c7c653961cd1a9dab396cf1	p/CTShrEDAyCJ/	image	2021-09-01	7455	77	no	no	party_no	1
4db79e097c0a133b2def2bf254f83dd9	p/CTSguePsstQ/	image	2021-09-01	1615	6	no	no	party_no	0
6ae17935d1b5baf4f4b4f567eca8ff22	p/CTSfyeRsH0y/	image	2021-09-01	0	1	no	no	party_no	1
998426ae2619d42a0549fba42cf19317	p/CTSfvG9MRm7/	image	2021-09-01	0	71	no	yes	party_yes_neg	0
3a772b63ca0cf65622b4d5f70b364b75	p/CTSVebsLhsW/	image	2021-09-01	9986	160	no	yes	party_yes_neg	0
e3709d249677e285f459ff923cb8eef2	p/CTSUJozls5g/	image	2021-09-01	2759	11	yes	no	party_no	1
8812e6e135f142629315652e363d740d	p/CTST4jXilAW/	image	2021-09-01	1020	1	yes	no	party_no	0
e6becd86c1252e619006b2c554bc68b1	p/CTSPPiLoRN9/	image	2021-09-01	6419	34	yes	no	party_no	1
63380ce6bc4b0ca331f8919b3615e41d	p/CTSPIL9NJ7y/	image	2021-09-01	127334	786	no	no	party_no	1
02d2362a9cbe48bf56e74123a5d17a51	p/CTSO4_EM2Ix/	image	2021-09-01	345	4	no	no	party_no	0
9280b43fc4589291743b48d67b5f8453	p/CTSNLApI9zz/	image	2021-09-01	17553	136	no	yes	party_yes_pos	1
7b0ad56a98c5c99204fa635d5c66e2e3	p/CTSDJwAMIq4/	image	2021-09-01	16261	1160	no	no	party_no	0
91527dbeb839b49f92fd2ba43724484f	p/CTRyn--McWv/	image	2021-09-01	876	28	yes	no	party_no	1
4305f7ad511de6ee2ba458c283177399	p/CTRrkQYAzWv/	image	2021-09-01	4616	33	no	no	party_no	0
e3b84111a8245e22e9034fc3a83b3a3b	p/CTRqDJwMD48/	image	2021-09-01	8788	139	no	yes	party_yes_neg	1
9be5cad1827883c1d2fb55994d187dc7	p/CTRo4jgMfjv/	image	2021-09-01	0	61	no	yes	party_no	0
bf0477239c7c653961cd1a9dab396cf1	p/CTRoivygUOk/	image	2021-09-01	5624	27	no	no	party_no	0
a87b62512ea38bddd84d26e94d8b8376	p/CTRm-dHsqFV/	image	2021-09-01	1260	20	no	yes	party_yes_neg	0
eca2f9b2c9316bd55ebfa59a772625f9	p/CTRkeLjgI4-/	image	2021-09-01	27402	58	no	no	party_no	0
51a943c7059f8984b0c3267d087ba610	p/CTRfeqPDis6/	image	2021-09-01	9407	22	yes	no	party_no	1
421ce1b028eee70a26e9962a2b31829d	p/CTRee70obOA/	image	2021-09-01	3583	52	yes	no	party_no	1
beb7a24bb66e7c1b3e1d41bacb6186b4	p/CTRdAurM1gn/	image	2021-09-01	6584	41	no	no	party_no	1
e3709d249677e285f459ff923cb8eef2	p/CTRbyOvFXb5/	image	2021-09-01	683	1	no	no	party_no	0
bbcfea1530c4aeb2f0a00e2f94064300	p/CTRNg0LjjPq/	image	2021-09-01	2336	97	no	yes	party_yes_neg	0
f33c10f173a676eedcf535592d3e6812	p/CTRG7BdK1CG/	image	2021-09-01	887	31	no	no	party_no	1
d19d7a97ecc0d202614f86d575122e80	p/CTVVPQ0D_jA/	video	2021-09-02	1124	53	no	no	party_no	0
dbd1313429684accb33e0ceec9274d7b	p/CTVIqSGMgCd/	image	2021-09-02	10000	1201	no	no	party_no	0
c6c3274af5099ade030972d5ced222b1	p/CTVIeC_sZPV/	image	2021-09-02	1559	116	no	yes	party_yes_neg	1
d19d7a97ecc0d202614f86d575122e80	p/CTVA920Dh50/	video	2021-09-02	180	2	no	no	party_no	0
a51f9cc0b672c20636dba6bd665f0143	p/CTU8xHLIRIN/	image	2021-09-02	86271	337	no	no	party_no	1
7b0ad56a98c5c99204fa635d5c66e2e3	p/CTU8w6ZMqAV/	image	2021-09-02	10600	173	no	no	party_no	0
44532d9df81f73c4cba293f99de2e3cf	p/CTU5kZ6ohu6/	image	2021-09-02	14086	64	no	no	party_no	1
578d7fb61abacbf376d68e402bccb27d	p/CTU5YiTsNva/	image	2021-09-02	4289	19	no	no	party_no	0
717d66373741268b2293e72655414b72	p/CTU0jEWjgLt/	image	2021-09-02	15419	3417	yes	no	party_no	1
18bb3a1994c6ac4d5d434ebbbc9ac438	p/CTU0OQKsCrr/	image	2021-09-02	1359	5	yes	no	party_no	1
d19d7a97ecc0d202614f86d575122e80	p/CTUzJUaNxrh/	image	2021-09-02	207	14	yes	no	party_no	0
7040052f53fff5247ebb6071c14eca72	p/CTUwed-KZ6M/	image	2021-09-02	3530	96	no	yes	party_yes_neg	0
4db79e097c0a133b2def2bf254f83dd9	p/CTUteKAs-Na/	image	2021-09-02	6593	81	no	no	party_no	1
4d3cd7d71e60ad913f89cb051d0f40eb	p/CTUrpFngt64/	image	2021-09-02	240595	869	no	no	party_no	0
beb7a24bb66e7c1b3e1d41bacb6186b4	p/CTUd5LtMHp6/	image	2021-09-02	6191	30	no	no	party_no	1
1f1cce919dd7476d910282e2048c4ed6	tv/CTUbtcTD1jg/	video	2021-09-02	52	17	no	yes	party_no	1
7a775131d1c2e8d51ff2962e7002d4d6	p/CTUOVK0ML__/	image	2021-09-02	9641	380	no	yes	party_no	1
91527dbeb839b49f92fd2ba43724484f	p/CTUJaoeMsNo/	image	2021-09-02	623	31	yes	no	party_no	1
9be5cad1827883c1d2fb55994d187dc7	p/CTUI_kTMsf_/	image	2021-09-02	3688	47	yes	yes	party_yes_neg	0
843995b2f47a14055d3723f8a8617456	p/CTUGHf7MS8r/	image	2021-09-02	2132	22	no	yes	party_yes_neg	0
51a943c7059f8984b0c3267d087ba610	p/CTUBxt9DUsX/	image	2021-09-02	12352	114	no	no	party_no	1
9280b43fc4589291743b48d67b5f8453	p/CTUBvjgoZmV/	image	2021-09-02	12129	255	yes	no	party_no	0
b3fa9a6b502321f8f0e30b06f69a60ab	p/CTT6d9zINJw/	video	2021-09-02	226	20	no	yes	party_no	0
165f4ad1f616ac1f05281d947d0a1a97	p/CTT4_FOMe3y/	image	2021-09-02	1967	115	yes	yes	party_no	1
0260d8d15a0c0c75ca4aad9479e7de61	p/CTT31tNiGb6/	image	2021-09-02	2950	350	yes	no	party_no	1
97b40a328bdb6609dbd6b2d4ba416180	p/CTTg7jmrobo/	image	2021-09-02	160914	372	no	no	party_no	1
97b40a328bdb6609dbd6b2d4ba416180	p/CTTG3JHpaC9/	video	2021-09-02	128538	649	yes	no	party_no	0
29643a30042ea2c66083053117f14cf1	p/CTX5XCbMo5H/	image	2021-09-03	10065	99	no	no	party_no	0
1f1cce919dd7476d910282e2048c4ed6	p/CTX4GYiMyMg/	image	2021-09-03	646	28	no	no	party_no	0
d77e6efe2975c90db6471402061abcf7	p/CTX3zHHMquG/	image	2021-09-03	238	1	no	no	party_no	0
e8dd5de276a74ab3abda0c6f828ac425	p/CTX00xZs9SV/	image	2021-09-03	1634	16	no	yes	party_yes_neg	0
bf0477239c7c653961cd1a9dab396cf1	p/CTXwvLngOGw/	image	2021-09-03	14029	149	no	no	party_no	1
b3fa9a6b502321f8f0e30b06f69a60ab	p/CTXtaz3IXkd/	image	2021-09-03	281	2	no	no	party_no	0
91527dbeb839b49f92fd2ba43724484f	p/CTXrXJpCXvn/	image	2021-09-03	827	35	yes	no	party_no	1
7b0ad56a98c5c99204fa635d5c66e2e3	p/CTXqSYdMUXP/	image	2021-09-03	7173	221	no	no	party_no	0
04efabf9ee38896016be90e0a36f0116	p/CTXomDrjie7/	image	2021-09-03	195	14	no	no	party_no	0
04c60c55696c64c0abe0c3fd65eac3a5	p/CTXnu-cMKUR/	image	2021-09-03	2669	35	no	no	party_no	1
d19d7a97ecc0d202614f86d575122e80	p/CTXidinjg9h/	video	2021-09-03	180	1	no	no	party_no	0
30d52d191d094d0c5999ed827021e8a5	p/CTXg_vUs7if/	image	2021-09-03	1146	35	no	no	party_no	1
9280b43fc4589291743b48d67b5f8453	p/CTXd44josDJ/	image	2021-09-03	45534	706	no	yes	party_yes_pos	1
63380ce6bc4b0ca331f8919b3615e41d	p/CTXcNaPNgUe/	image	2021-09-03	111690	822	yes	no	party_no	1
132692cb5f1d5cbb0274051f0b7777b7	p/CTXaQVos6C1/	image	2021-09-03	4263	20	yes	no	party_no	1
1b681edf149c774c3911235f7c94d231	p/CTXaISbs7am/	image	2021-09-03	2133	63	no	no	party_no	1
0260d8d15a0c0c75ca4aad9479e7de61	p/CTXZrXHCvhp/	image	2021-09-03	2258	36	no	no	party_no	1
e3709d249677e285f459ff923cb8eef2	p/CTXZK6HoCal/	image	2021-09-03	3135	22	no	no	party_no	1
e6becd86c1252e619006b2c554bc68b1	p/CTXYn12oGp0/	image	2021-09-03	11004	138	yes	no	party_no	0
6ae17935d1b5baf4f4b4f567eca8ff22	p/CTXJtMWMCqM/	image	2021-09-03	0	12	yes	no	party_no	1
421ce1b028eee70a26e9962a2b31829d	p/CTXJfYoowOa/	image	2021-09-03	6868	26	no	no	party_no	0
b79655cd998ca55b7eac33a2ba155d0a	p/CTXIQzHsqVb/	image	2021-09-03	871	19	no	no	party_no	0
02d2362a9cbe48bf56e74123a5d17a51	p/CTXHkaRsYQy/	image	2021-09-03	112	18	yes	no	party_no	1
8a20805268a91bf8fc6bb42a3cf942da	p/CTXFed_DhAQ/	video	2021-09-03	479	28	yes	yes	party_no	0
7040052f53fff5247ebb6071c14eca72	p/CTXCcWoq9u7/	image	2021-09-03	563	5	no	yes	party_yes_pos	0
e3b84111a8245e22e9034fc3a83b3a3b	p/CTXCbiLMbi-/	image	2021-09-03	10798	195	no	yes	party_yes_neg	0
46bcd29bb252a121e323f3a2c91d9e9d	p/CTW7eC4sHwE/	image	2021-09-03	21227	742	no	yes	party_yes_neg	0
a87b62512ea38bddd84d26e94d8b8376	p/CTW6bqAsUJ9/	image	2021-09-03	1178	32	no	no	party_no	1
91527dbeb839b49f92fd2ba43724484f	p/CTWxWd3CeMT/	image	2021-09-03	560	42	yes	no	party_no	1
843995b2f47a14055d3723f8a8617456	p/CTWvJQMMurS/	image	2021-09-03	567	2	no	yes	party_yes_neg	0
e3b84111a8245e22e9034fc3a83b3a3b	p/CTWuvfeMkuD/	image	2021-09-03	4922	106	yes	yes	party_no	0
9be5cad1827883c1d2fb55994d187dc7	p/CTWrzOXMZcx/	image	2021-09-03	1546	7	no	no	party_no	0
999ca23c12d60d2ffe616d20886ea3d5	p/CTWqLtpI_-P/	image	2021-09-03	3257	34	yes	no	party_no	1
dc9512ec1ce1e86aa1f440bd9000ba2b	p/CTWk98OMbrG/	image	2021-09-03	2737	47	yes	yes	party_no	0
bbcfea1530c4aeb2f0a00e2f94064300	p/CTWkvpeDTlO/	image	2021-09-03	2222	50	yes	yes	party_yes_neg	0
084bc5eda4c65fe9c3483d53ea84a4f8	p/CTWfmt8jLSC/	image	2021-09-03	52695	711	no	yes	party_yes_neg	0
02d2362a9cbe48bf56e74123a5d17a51	p/CTWebQ5s4zV/	image	2021-09-03	238	0	no	no	party_no	0
9280b43fc4589291743b48d67b5f8453	p/CTWcQ88Ikcp/	image	2021-09-03	16155	137	no	no	party_no	0
30d52d191d094d0c5999ed827021e8a5	p/CTWaPlfMCSh/	image	2021-09-03	1650	23	yes	yes	party_yes_pos	1
bbcfea1530c4aeb2f0a00e2f94064300	p/CTWZAnrjWFk/	image	2021-09-03	1243	61	yes	no	party_no	0
9348b4661a6dbc0004286afb82afd93c	p/CTaQKtOsdME/	image	2021-09-04	236	30	no	no	party_no	0
e3709d249677e285f459ff923cb8eef2	p/CTaNESQs_St/	image	2021-09-04	4255	14	no	no	party_no	0
509fd100a396a6346c9af819821e4d31	p/CTaMTWKMlwX/	image	2021-09-04	917	6	yes	no	party_no	0
a51f9cc0b672c20636dba6bd665f0143	p/CTaL54UoLFx/	image	2021-09-04	79341	291	yes	no	party_no	1
c914dca22e622d4ada9246f9f4170126	p/CTaLOpMokNa/	image	2021-09-04	2346	50	no	yes	party_no	0
fc9051ee6bee590671e57890af4adea8	p/CTaHinmMAHO/	image	2021-09-04	3624	50	no	no	party_no	1
4d9563cb81f7788272feef0a8db35b66	p/CTaEygqNWsM/	image	2021-09-04	26630	327	yes	yes	party_no	1
0260d8d15a0c0c75ca4aad9479e7de61	p/CTaD2Cjiut7/	image	2021-09-04	2052	19	yes	no	party_no	1
bbcfea1530c4aeb2f0a00e2f94064300	p/CTaCaFajmfw/	image	2021-09-04	2027	59	no	no	party_no	1
f15f2f073b64cddd0ee21ba60e8dd04a	p/CTZ-shVCGKo/	image	2021-09-04	7624	66	no	yes	party_yes_neg	1
c6c3274af5099ade030972d5ced222b1	p/CTZ71w0MSTh/	image	2021-09-04	1258	35	no	yes	party_no	0
578d7fb61abacbf376d68e402bccb27d	p/CTZ3TL4sGLb/	image	2021-09-04	5084	42	no	yes	party_no	0
4d9563cb81f7788272feef0a8db35b66	p/CTZyEGlttaI/	image	2021-09-04	4949	70	yes	yes	party_no	0
beb7a24bb66e7c1b3e1d41bacb6186b4	p/CTZiPX9MhCY/	image	2021-09-04	4009	25	no	no	party_no	1
9be5cad1827883c1d2fb55994d187dc7	p/CTZbmjZMLP_/	image	2021-09-04	2671	7	no	no	party_no	0
02d2362a9cbe48bf56e74123a5d17a51	p/CTZQPLssGV_/	image	2021-09-04	301	2	yes	no	party_no	0
d19d7a97ecc0d202614f86d575122e80	p/CTZOYGdNNmQ/	image	2021-09-04	165	4	no	no	party_no	0
51a943c7059f8984b0c3267d087ba610	p/CTZOAWCjjHe/	image	2021-09-04	23786	142	no	yes	party_yes_pos	0
578d7fb61abacbf376d68e402bccb27d	p/CTZMBE5ML7p/	image	2021-09-04	5582	38	no	yes	party_no	0
c9064727402c71160531bde4c2f423e9	p/CTY_OIEs0Yd/	image	2021-09-04	11226	155	no	no	party_no	0
b645c1a0fe2ac8266cd11de1847e16fc	p/CTY_OE4M9P5/	image	2021-09-04	291	6	yes	yes	party_yes_neg	1
91527dbeb839b49f92fd2ba43724484f	p/CTY9Wjdibfj/	image	2021-09-04	550	24	no	no	party_no	0
30d52d191d094d0c5999ed827021e8a5	p/CTY8XyjMxvw/	image	2021-09-04	1248	55	no	no	party_no	0
97b40a328bdb6609dbd6b2d4ba416180	p/CTYlrG5nLRe/	image	2021-09-04	150458	282	no	no	party_no	1
44532d9df81f73c4cba293f99de2e3cf	p/CTcziuUoQfw/	image	2021-09-05	23454	98	no	yes	party_no	0
02d2362a9cbe48bf56e74123a5d17a51	p/CTcySp5snJz/	image	2021-09-05	1226	23	no	no	party_no	0
fc9051ee6bee590671e57890af4adea8	p/CTcxXPHMLCN/	image	2021-09-05	4012	66	no	no	party_no	1
a51f9cc0b672c20636dba6bd665f0143	p/CTcwXBfIBX5/	image	2021-09-05	122138	641	no	no	party_no	1
4d9563cb81f7788272feef0a8db35b66	p/CTcu0pNNIUf/	image	2021-09-05	17753	181	yes	yes	party_no	1
509fd100a396a6346c9af819821e4d31	p/CTcug2VMMJC/	image	2021-09-05	1861	21	no	no	party_no	1
30d52d191d094d0c5999ed827021e8a5	p/CTcs9VlMJv_/	image	2021-09-05	1331	37	no	no	party_no	0
165f4ad1f616ac1f05281d947d0a1a97	p/CTcoKfHMtIg/	image	2021-09-05	1387	101	yes	yes	party_no	1
4db79e097c0a133b2def2bf254f83dd9	p/CTcnFEIsQzk/	image	2021-09-05	6366	48	no	no	party_no	1
8812e6e135f142629315652e363d740d	p/CTcmTesCFO2/	image	2021-09-05	2702	77	yes	no	party_no	0
63380ce6bc4b0ca331f8919b3615e41d	p/CTclsuPNvdo/	image	2021-09-05	90042	604	no	no	party_no	1
e3709d249677e285f459ff923cb8eef2	p/CTcgb_dICLK/	image	2021-09-05	3145	14	no	no	party_no	0
beb7a24bb66e7c1b3e1d41bacb6186b4	p/CTccRLvMuAu/	image	2021-09-05	4779	38	no	no	party_no	0
eca2f9b2c9316bd55ebfa59a772625f9	p/CTcO-SRNRUt/	image	2021-09-05	19454	47	yes	no	party_no	1
d19d7a97ecc0d202614f86d575122e80	p/CTcElEvNUnv/	image	2021-09-05	147	2	yes	yes	party_yes_neg	0
d19d7a97ecc0d202614f86d575122e80	p/CTb-25pDIFG/	video	2021-09-05	231	22	no	no	party_no	0
02d2362a9cbe48bf56e74123a5d17a51	p/CTb4OtosvRQ/	image	2021-09-05	165	2	yes	no	party_no	0
084bc5eda4c65fe9c3483d53ea84a4f8	p/CTbxSP3DSTR/	image	2021-09-05	25616	288	no	yes	party_yes_neg	0
91527dbeb839b49f92fd2ba43724484f	p/CTboa5oMuBk/	image	2021-09-05	861	59	no	no	party_no	1
95e1ccd5a31c56d6141fd6d5d61ab17a	p/CTa3geajcon/	image	2021-09-05	3529	31	yes	yes	party_no	0
0260d8d15a0c0c75ca4aad9479e7de61	p/CTgsJCyCxwQ/	image	2021-09-07	208	4	no	no	party_no	1
29643a30042ea2c66083053117f14cf1	p/CTgsA9rsnZj/	image	2021-09-07	1156	25	yes	no	party_no	0
29643a30042ea2c66083053117f14cf1	p/CTgqZmhMWdv/	image	2021-09-07	1314	7	no	no	party_no	1
843995b2f47a14055d3723f8a8617456	p/CTgeggfDFoC/	image	2021-09-07	781	2	no	yes	party_yes_neg	0
dbd1313429684accb33e0ceec9274d7b	p/CTfcU6CsokS/	image	2021-09-06	2619	106	no	yes	party_no	0
46bcd29bb252a121e323f3a2c91d9e9d	p/CTfarpMsH8Z/	image	2021-09-06	31264	239	no	yes	party_yes_neg	1
7b0ad56a98c5c99204fa635d5c66e2e3	p/CTfXj6JMJ4T/	image	2021-09-06	7097	89	no	no	party_no	1
578d7fb61abacbf376d68e402bccb27d	p/CTfV9pfsfZB/	image	2021-09-06	3390	14	no	yes	party_yes_neg	1
44532d9df81f73c4cba293f99de2e3cf	p/CTfV7G6IRbk/	image	2021-09-06	16930	68	no	no	party_no	0
c914dca22e622d4ada9246f9f4170126	p/CTfVVI2ofaJ/	image	2021-09-06	1177	37	no	yes	party_no	0
8a20805268a91bf8fc6bb42a3cf942da	p/CTfMJUdMuOY/	image	2021-09-06	782	27	no	no	party_no	0
7a775131d1c2e8d51ff2962e7002d4d6	p/CTfKj_4MD1M/	image	2021-09-06	7374	167	no	yes	party_yes_neg	1
1b681edf149c774c3911235f7c94d231	p/CTfJ5K0sPza/	image	2021-09-06	2190	413	yes	yes	party_no	1
d19d7a97ecc0d202614f86d575122e80	p/CTfGjEKtAiG/	image	2021-09-06	117	4	no	yes	party_no	0
e3b84111a8245e22e9034fc3a83b3a3b	p/CTfE5qQMSrl/	image	2021-09-06	18003	73	no	no	party_no	0
c9064727402c71160531bde4c2f423e9	p/CTfDxWQM2L3/	image	2021-09-06	7018	59	yes	no	party_yes_pos	1
4db79e097c0a133b2def2bf254f83dd9	p/CTe8vgLMiBG/	image	2021-09-06	3766	58	yes	no	party_no	1
e3709d249677e285f459ff923cb8eef2	p/CTe6ElTIB1M/	image	2021-09-06	1257	1	no	no	party_no	0
d77e6efe2975c90db6471402061abcf7	p/CTezLeRsBFr/	image	2021-09-06	975	46	no	yes	party_no	0
18bb3a1994c6ac4d5d434ebbbc9ac438	p/CTeyTUdMt15/	image	2021-09-06	982	16	no	no	party_no	1
02d2362a9cbe48bf56e74123a5d17a51	p/CTete0ns7K0/	image	2021-09-06	128	0	no	no	party_no	0
e79d13565432a6daaedafa89a1371bb3	p/CTenINusnKN/	image	2021-09-06	2216	32	yes	no	party_no	0
0260d8d15a0c0c75ca4aad9479e7de61	p/CTekcg_isan/	image	2021-09-06	3638	38	no	no	party_no	0
9be5cad1827883c1d2fb55994d187dc7	p/CTefWmNs3dC/	video	2021-09-06	0	9	yes	yes	party_no	1
a87b62512ea38bddd84d26e94d8b8376	p/CTeaYwfMT2O/	image	2021-09-06	2380	41	no	yes	party_yes_pos	0
5653c041dc67c29eb0f955a0e5cde4cf	p/CTjULTksb5Q/	image	2021-09-08	5	0	yes	no	party_no	0
578d7fb61abacbf376d68e402bccb27d	p/CTjJbyYsobb/	image	2021-09-08	724	8	no	yes	party_yes_pos	1
9280b43fc4589291743b48d67b5f8453	p/CTiEhpqIXH3/	image	2021-09-07	9498	26	no	no	party_no	0
17a5f19a99b3cf48a48b91f6808d8030	p/CTiDDL9CAgH/	image	2021-09-07	0	4	yes	no	party_no	1
30d52d191d094d0c5999ed827021e8a5	p/CTh6J-2sxut/	image	2021-09-07	1031	20	no	no	party_no	0
f3f59483a3e45881e182e3e27b2ddfa6	p/CTh5KbwoE8_/	image	2021-09-07	337	5	yes	no	party_no	1
fc9051ee6bee590671e57890af4adea8	p/CTh4xJHsPuJ/	image	2021-09-07	1930	30	yes	yes	party_no	1
95e1ccd5a31c56d6141fd6d5d61ab17a	p/CThyrNlsT0a/	image	2021-09-07	6371	39	no	yes	party_yes_neg	0
717d66373741268b2293e72655414b72	p/CThyZxoDSL4/	image	2021-09-07	7753	45	no	no	party_no	1
084bc5eda4c65fe9c3483d53ea84a4f8	p/CThvtR5j2ZF/	image	2021-09-07	15002	108	no	yes	party_yes_neg	0
63380ce6bc4b0ca331f8919b3615e41d	p/CThvVgoNMo8/	image	2021-09-07	110925	735	no	yes	party_no	1
e6becd86c1252e619006b2c554bc68b1	p/CThvBfynlrh/	image	2021-09-07	3092	19	yes	no	party_no	1
7b0ad56a98c5c99204fa635d5c66e2e3	p/CThu6X9sgtd/	image	2021-09-07	17073	1476	no	no	party_no	1
509fd100a396a6346c9af819821e4d31	p/CThguQ3MPzr/	image	2021-09-07	705	7	yes	no	party_no	0
132692cb5f1d5cbb0274051f0b7777b7	tv/CThbyB8FVj4/	video	2021-09-07	4665	29	yes	yes	party_yes_neg	0
843995b2f47a14055d3723f8a8617456	p/CThaxwtM0_O/	image	2021-09-07	470	0	no	yes	party_yes_neg	0
f15f2f073b64cddd0ee21ba60e8dd04a	p/CThanBAivK6/	image	2021-09-07	4387	36	no	yes	party_yes_neg	1
b3fa9a6b502321f8f0e30b06f69a60ab	p/CThWwVDIkUb/	image	2021-09-07	294	4	no	yes	party_no	0
1f1cce919dd7476d910282e2048c4ed6	p/CThVCDJsN_E/	image	2021-09-07	0	117	no	yes	party_yes_neg	0
d19d7a97ecc0d202614f86d575122e80	p/CThTPHNHM61/	video	2021-09-07	271	15	no	no	party_no	0
9be5cad1827883c1d2fb55994d187dc7	p/CThNKDPMRpt/	image	2021-09-07	0	79	no	no	party_no	0
3f4101f715d42d39a3df3dd0057c3e07	p/CThK297M2-L/	image	2021-09-07	248	0	no	yes	party_yes_neg	1
e3b84111a8245e22e9034fc3a83b3a3b	p/CThJgeOMqj-/	image	2021-09-07	11541	148	no	yes	party_yes_pos	1
3f4101f715d42d39a3df3dd0057c3e07	p/CThJZcdM4EL/	image	2021-09-07	197	1	no	yes	party_yes_neg	1
1411160f41f5bc887e062a57fe62d548	p/CThDiCvMhND/	image	2021-09-07	202	6	yes	no	party_no	1
02d2362a9cbe48bf56e74123a5d17a51	p/CTg_5vmMHyw/	image	2021-09-07	1192	10	yes	yes	party_yes_neg	0
6ae17935d1b5baf4f4b4f567eca8ff22	p/CTlzvCmFtHu/	video	2021-09-09	0	20	yes	no	party_no	1
f33c10f173a676eedcf535592d3e6812	p/CTlxnfKKNAc/	image	2021-09-09	209	8	yes	no	party_no	1
e3b84111a8245e22e9034fc3a83b3a3b	tv/CTltziZC4uT/	video	2021-09-09	1622	108	no	yes	party_yes_neg	0
843995b2f47a14055d3723f8a8617456	p/CTls5sJMXLq/	image	2021-09-09	164	0	no	yes	party_yes_neg	0
46bcd29bb252a121e323f3a2c91d9e9d	p/CTk_a7stcTJ/	image	2021-09-08	4106	28	no	yes	party_yes_neg	0
9280b43fc4589291743b48d67b5f8453	p/CTk25tUoaf3/	image	2021-09-08	9813	32	no	no	party_no	0
dc9512ec1ce1e86aa1f440bd9000ba2b	p/CTkxK13MhUz/	image	2021-09-08	3984	64	yes	no	party_no	0
6d28c8b93351a8ccfdaf5b46065c129e	p/CTkuQlMsiJM/	image	2021-09-08	1377	39	no	no	party_no	0
421ce1b028eee70a26e9962a2b31829d	p/CTksXTsoTkO/	image	2021-09-08	4614	19	no	no	party_no	0
91527dbeb839b49f92fd2ba43724484f	p/CTknNT9sUDi/	image	2021-09-08	536	43	no	no	party_no	1
f9794eccdcb70857e906c191cd262179	p/CTklVZ3IzKL/	image	2021-09-08	114	3	yes	no	party_no	1
bf0477239c7c653961cd1a9dab396cf1	p/CTkciyfs32J/	image	2021-09-08	1075	15	no	no	party_no	1
04efabf9ee38896016be90e0a36f0116	p/CTkaHhnD0Dc/	image	2021-09-08	320	15	no	no	party_no	0
998426ae2619d42a0549fba42cf19317	p/CTkY6CcsWOZ/	image	2021-09-08	0	140	yes	no	party_no	0
b3fa9a6b502321f8f0e30b06f69a60ab	p/CTkYa7Koyv-/	image	2021-09-08	274	9	yes	no	party_no	1
95e1ccd5a31c56d6141fd6d5d61ab17a	p/CTkYH1WMBq1/	image	2021-09-08	15093	277	no	no	party_no	0
30d52d191d094d0c5999ed827021e8a5	p/CTkXPCNsQqM/	image	2021-09-08	905	15	no	no	party_no	0
4d9563cb81f7788272feef0a8db35b66	p/CTkQw-pFyQl/	video	2021-09-08	2039	26	yes	no	party_no	1
7a775131d1c2e8d51ff2962e7002d4d6	p/CTkOdhAsDz1/	image	2021-09-08	8356	234	no	yes	party_yes_neg	1
18bb3a1994c6ac4d5d434ebbbc9ac438	p/CTkGWEusUGy/	image	2021-09-08	659	14	no	no	party_no	1
999ca23c12d60d2ffe616d20886ea3d5	p/CTj8QIQoOIc/	image	2021-09-08	3960	28	no	no	party_no	1
b645c1a0fe2ac8266cd11de1847e16fc	p/CTj4HxpMg5s/	image	2021-09-08	146	4	yes	no	party_no	0
a87b62512ea38bddd84d26e94d8b8376	p/CTj1u6MMbuh/	image	2021-09-08	1208	28	no	yes	party_yes_neg	0
e8dd5de276a74ab3abda0c6f828ac425	p/CTj0dPMMJQL/	image	2021-09-08	1476	13	no	no	party_no	1
421ce1b028eee70a26e9962a2b31829d	p/CTjyMxQojV6/	image	2021-09-08	6882	21	no	no	party_no	0
7040052f53fff5247ebb6071c14eca72	p/CTjsEeUqYb4/	image	2021-09-08	1197	38	yes	yes	party_no	1
d19d7a97ecc0d202614f86d575122e80	p/CTjn4uYDkBm/	video	2021-09-08	117	8	yes	yes	party_yes_neg	0
e8dd5de276a74ab3abda0c6f828ac425	p/CToY0pdM5ML/	image	2021-09-10	160	1	no	yes	party_no	0
97b40a328bdb6609dbd6b2d4ba416180	p/CTnj2zzozPA/	video	2021-09-09	48750	80	no	no	party_no	0
dbd1313429684accb33e0ceec9274d7b	p/CTnKTeRMXrH/	image	2021-09-09	5111	166	no	no	party_no	0
a51f9cc0b672c20636dba6bd665f0143	p/CTnIBdQobWm/	image	2021-09-09	61910	428	yes	no	party_no	1
b3fa9a6b502321f8f0e30b06f69a60ab	tv/CTnFucEo6Yg/	video	2021-09-09	65	2	no	no	party_yes_pos	0
658c73b9d87f9c9168492328fd3a1a1e	p/CTnHasbMEDA/	image	2021-09-09	563	11	yes	yes	party_no	0
421ce1b028eee70a26e9962a2b31829d	p/CTnF2WXo_jX/	image	2021-09-09	10875	42	no	no	party_no	1
44532d9df81f73c4cba293f99de2e3cf	p/CTnB0fBo-v3/	image	2021-09-09	16519	85	no	no	party_no	1
fc9051ee6bee590671e57890af4adea8	p/CTnALc4s_mV/	image	2021-09-09	3391	132	yes	no	party_no	1
63380ce6bc4b0ca331f8919b3615e41d	p/CTm8WBMN2P4/	image	2021-09-09	48642	477	no	no	party_no	1
b79655cd998ca55b7eac33a2ba155d0a	p/CTm7w1nMTE9/	image	2021-09-09	290	15	no	no	party_no	0
d77e6efe2975c90db6471402061abcf7	p/CTm5aCzMe2j/	image	2021-09-09	1418	40	no	no	party_no	0
e6becd86c1252e619006b2c554bc68b1	p/CTm4IdroZ5X/	image	2021-09-09	4053	20	yes	no	party_no	1
0260d8d15a0c0c75ca4aad9479e7de61	p/CTm23fLCPgd/	image	2021-09-09	1683	27	yes	no	party_no	1
1f1cce919dd7476d910282e2048c4ed6	p/CTm2WZHspFx/	image	2021-09-09	527	65	yes	no	party_no	1
d19d7a97ecc0d202614f86d575122e80	p/CTm00luNh4N/	image	2021-09-09	151	5	yes	yes	party_no	0
30d52d191d094d0c5999ed827021e8a5	p/CTm0vMHs5w4/	image	2021-09-09	1092	54	no	no	party_no	0
7040052f53fff5247ebb6071c14eca72	p/CTmyGchqSD_/	image	2021-09-09	3171	34	no	yes	party_no	0
084bc5eda4c65fe9c3483d53ea84a4f8	p/CTmrXedDJDe/	image	2021-09-09	14153	135	yes	yes	party_no	0
9348b4661a6dbc0004286afb82afd93c	p/CTmpHznsup-/	image	2021-09-09	358	57	no	no	party_no	0
132692cb5f1d5cbb0274051f0b7777b7	p/CTmn8E4MXwW/	image	2021-09-09	4831	13	yes	no	party_no	1
e3709d249677e285f459ff923cb8eef2	p/CTmnL_8IwYw/	image	2021-09-09	1770	11	no	no	party_no	0
d19d7a97ecc0d202614f86d575122e80	p/CTmduq5j8vc/	video	2021-09-09	71	0	no	no	party_no	0
4d3cd7d71e60ad913f89cb051d0f40eb	p/CTmaIQEgqFY/	image	2021-09-09	97341	174	no	no	party_no	0
02d2362a9cbe48bf56e74123a5d17a51	p/CTmY_0_MzJ0/	image	2021-09-09	519	10	yes	yes	party_no	0
64bdaea8f3443e40b6eb6cb6df43e6f1	p/CTmXhxVIpcn/	image	2021-09-09	0	28	no	no	party_no	0
9be5cad1827883c1d2fb55994d187dc7	p/CTmWf-jsyEu/	image	2021-09-09	0	30	yes	yes	party_no	1
04c60c55696c64c0abe0c3fd65eac3a5	p/CTmM3RYM4xk/	image	2021-09-09	3894	65	no	no	party_no	1
02d2362a9cbe48bf56e74123a5d17a51	p/CTrQI6vsH-0/	image	2021-09-11	64	0	no	no	party_no	0
5653c041dc67c29eb0f955a0e5cde4cf	tv/CTrQCHZlkCl/	video	2021-09-11	3	0	no	no	party_no	0
91527dbeb839b49f92fd2ba43724484f	p/CTrOwM_sC0m/	image	2021-09-11	54	10	yes	no	party_no	1
44532d9df81f73c4cba293f99de2e3cf	p/CTrOIWXIvVJ/	image	2021-09-11	3956	12	no	no	party_no	1
e3709d249677e285f459ff923cb8eef2	p/CTrN28sMl9B/	image	2021-09-11	861	6	no	no	party_no	1
578d7fb61abacbf376d68e402bccb27d	p/CTrMr7vMe3H/	image	2021-09-11	1358	11	no	yes	party_yes_neg	0
30d52d191d094d0c5999ed827021e8a5	p/CTrGOqtMVJa/	image	2021-09-11	380	25	yes	no	party_no	1
bbcfea1530c4aeb2f0a00e2f94064300	p/CTrF9s7oL69/	image	2021-09-11	543	15	no	yes	party_yes_neg	0
9280b43fc4589291743b48d67b5f8453	p/CTp0AZNt75r/	image	2021-09-10	10439	18	no	no	party_no	0
b3fa9a6b502321f8f0e30b06f69a60ab	p/CTpyjiFoOER/	image	2021-09-10	40	1	no	yes	party_no	0
6ae17935d1b5baf4f4b4f567eca8ff22	p/CTpv--xoulB/	image	2021-09-10	699	27	yes	no	party_no	1
c914dca22e622d4ada9246f9f4170126	p/CTpvPqNoqD2/	image	2021-09-10	1418	55	no	yes	party_no	0
421ce1b028eee70a26e9962a2b31829d	p/CTpvMDWI4HQ/	image	2021-09-10	2512	8	yes	no	party_no	1
d77e6efe2975c90db6471402061abcf7	tv/CTpsfS3J4oX/	video	2021-09-10	167	6	yes	no	party_no	0
578d7fb61abacbf376d68e402bccb27d	p/CTpnuLTrHpV/	image	2021-09-10	1208	22	no	yes	party_no	0
fc9051ee6bee590671e57890af4adea8	p/CTpl6FLskHJ/	image	2021-09-10	3106	49	no	no	party_no	1
3a772b63ca0cf65622b4d5f70b364b75	p/CTpkmUWLXIf/	image	2021-09-10	11058	335	no	yes	party_yes_neg	0
7b0ad56a98c5c99204fa635d5c66e2e3	p/CTpigY9M2uB/	image	2021-09-10	7614	460	no	no	party_no	0
e3709d249677e285f459ff923cb8eef2	p/CTphZdgMdv1/	image	2021-09-10	4235	18	no	no	party_no	0
d19d7a97ecc0d202614f86d575122e80	p/CTpeFf4NwZc/	image	2021-09-10	117	6	yes	yes	party_yes_neg	0
c6c3274af5099ade030972d5ced222b1	p/CTpdJLcsmiy/	image	2021-09-10	0	9	no	no	party_no	0
30d52d191d094d0c5999ed827021e8a5	p/CTpbcrts7GB/	image	2021-09-10	942	37	no	no	party_no	1
6d28c8b93351a8ccfdaf5b46065c129e	p/CTpZRUSMNQi/	image	2021-09-10	4654	112	yes	no	party_no	0
7a775131d1c2e8d51ff2962e7002d4d6	p/CTpXZmGMsIm/	image	2021-09-10	10172	204	no	yes	party_yes_neg	1
9280b43fc4589291743b48d67b5f8453	tv/CTpSbkNoTge/	video	2021-09-10	189	10	yes	no	party_no	0
f15f2f073b64cddd0ee21ba60e8dd04a	p/CTpQjELKB4j/	image	2021-09-10	1973	7	yes	no	party_no	1
d218d8f074ad51bf543eb6be1f4e8366	p/CTpQdeoMe6K/	image	2021-09-10	2093	143	no	yes	party_yes_neg	0
64bdaea8f3443e40b6eb6cb6df43e6f1	p/CTpPRhoo0i0/	video	2021-09-10	0	13	no	no	party_no	0
64bdaea8f3443e40b6eb6cb6df43e6f1	p/CTpNq4Ko-Tt/	image	2021-09-10	0	2	no	no	party_no	0
b79655cd998ca55b7eac33a2ba155d0a	p/CTpDbYiDMyb/	video	2021-09-10	431	38	yes	no	party_no	1
7a775131d1c2e8d51ff2962e7002d4d6	p/CTthY55MYx_/	image	2021-09-12	2010	60	no	no	party_no	1
8a20805268a91bf8fc6bb42a3cf942da	p/CTtg4vCjpx_/	video	2021-09-12	24	2	yes	no	party_no	0
97b40a328bdb6609dbd6b2d4ba416180	p/CTtZ0VDIx7G/	image	2021-09-12	36089	143	no	no	party_no	0
97b40a328bdb6609dbd6b2d4ba416180	p/CTsj4FloArh/	image	2021-09-11	46019	101	yes	no	party_no	0
f9794eccdcb70857e906c191cd262179	p/CTsWULrIe4X/	image	2021-09-11	158	6	no	no	party_no	1
fc9051ee6bee590671e57890af4adea8	p/CTsM2NJsFli/	image	2021-09-11	1899	34	yes	no	party_no	1
04c60c55696c64c0abe0c3fd65eac3a5	p/CTsLwtVMLb0/	image	2021-09-11	1241	24	no	no	party_no	1
30d52d191d094d0c5999ed827021e8a5	p/CTsGza3MWia/	image	2021-09-11	752	21	yes	no	party_no	1
4db79e097c0a133b2def2bf254f83dd9	p/CTsGXkXMgZz/	image	2021-09-11	7306	65	no	no	party_no	0
9280b43fc4589291743b48d67b5f8453	p/CTsD6K3ojuz/	image	2021-09-11	21174	134	no	no	party_no	0
bbcfea1530c4aeb2f0a00e2f94064300	p/CTsB2cvIu3n/	image	2021-09-11	1188	23	no	no	party_no	1
02d2362a9cbe48bf56e74123a5d17a51	p/CTsBxs3MFoY/	image	2021-09-11	127	0	yes	yes	party_no	1
63380ce6bc4b0ca331f8919b3615e41d	tv/CTr_tihgbei/	video	2021-09-11	48037	545	no	no	party_no	0
509fd100a396a6346c9af819821e4d31	p/CTr70jxrudb/	image	2021-09-11	848	4	no	no	party_no	0
d19d7a97ecc0d202614f86d575122e80	p/CTr7uSDtVY1/	image	2021-09-11	135	8	no	yes	party_yes_neg	0
d19d7a97ecc0d202614f86d575122e80	p/CTr7dY_D3VQ/	video	2021-09-11	101	3	no	yes	party_yes_neg	0
44532d9df81f73c4cba293f99de2e3cf	p/CTr5_-hoQHL/	image	2021-09-11	13448	51	no	no	party_no	0
843995b2f47a14055d3723f8a8617456	p/CTr4v7pMXdl/	image	2021-09-11	695	4	no	yes	party_yes_neg	0
04efabf9ee38896016be90e0a36f0116	p/CTr3zpwog23/	image	2021-09-11	154	7	yes	no	party_no	1
421ce1b028eee70a26e9962a2b31829d	p/CTrrgldIuCv/	image	2021-09-11	3151	13	no	no	party_no	1
9be5cad1827883c1d2fb55994d187dc7	p/CTrppKWMKOJ/	image	2021-09-11	0	5	no	no	party_no	0
578d7fb61abacbf376d68e402bccb27d	p/CTrlaP_Mwpy/	image	2021-09-11	4213	31	no	yes	party_yes_neg	0
421ce1b028eee70a26e9962a2b31829d	p/CTrhFeYo0Ur/	image	2021-09-11	7786	29	no	no	party_no	0
843995b2f47a14055d3723f8a8617456	p/CTrdLetMcN2/	image	2021-09-11	163	0	no	yes	party_no	0
b3fa9a6b502321f8f0e30b06f69a60ab	tv/CTrbMqbooEH/	video	2021-09-11	54	3	yes	yes	party_no	0
717d66373741268b2293e72655414b72	p/CTrZ6FlDJbJ/	image	2021-09-11	6311	48	no	no	party_no	1
843995b2f47a14055d3723f8a8617456	p/CTrZA-nMWiF/	image	2021-09-11	341	1	no	yes	party_yes_neg	0
7040052f53fff5247ebb6071c14eca72	p/CTrXFjCNANf/	image	2021-09-11	3116	28	no	no	party_no	1
d19d7a97ecc0d202614f86d575122e80	p/CTrVs3zD3_X/	video	2021-09-11	150	4	no	yes	party_yes_neg	0
2535ad1b1c1c85c3245e969cda1726bd	p/CTrVXicFJ9r/	image	2021-09-11	471	18	yes	no	party_no	1
4d3cd7d71e60ad913f89cb051d0f40eb	p/CTrVQRHAD7S/	image	2021-09-11	226154	580	no	no	party_no	1
2535ad1b1c1c85c3245e969cda1726bd	p/CTrUiDHl4vV/	image	2021-09-11	139	1	no	no	party_no	1
f33c10f173a676eedcf535592d3e6812	p/CTwEQbrKQaT/	image	2021-09-13	195	2	no	no	party_no	1
8ff35745e419d6dfedd47713b9c8a2c2	p/CTvvz1Yo2y8/	image	2021-09-13	760	6	no	yes	party_yes_pos	1
578d7fb61abacbf376d68e402bccb27d	p/CTvAUzUMQRg/	image	2021-09-12	2669	14	no	yes	party_yes_neg	1
c6c3274af5099ade030972d5ced222b1	p/CTu_AwcsaTm/	image	2021-09-12	1448	24	no	yes	party_yes_neg	0
578d7fb61abacbf376d68e402bccb27d	p/CTu-gFvsjEW/	image	2021-09-12	858	11	no	no	party_no	0
658c73b9d87f9c9168492328fd3a1a1e	p/CTuyA1psLUP/	image	2021-09-12	262	2	yes	yes	party_yes_pos	0
44532d9df81f73c4cba293f99de2e3cf	p/CTuvwRuorT-/	image	2021-09-12	13875	46	no	yes	party_no	1
fc9051ee6bee590671e57890af4adea8	p/CTusV3EMPFL/	image	2021-09-12	2544	42	yes	no	party_no	1
97b40a328bdb6609dbd6b2d4ba416180	p/CTusUnbIvwS/	image	2021-09-12	173710	436	yes	no	party_no	0
97b40a328bdb6609dbd6b2d4ba416180	p/CTuq3CXI2R1/	image	2021-09-12	44264	65	no	no	party_no	1
97b40a328bdb6609dbd6b2d4ba416180	p/CTuqRozoYm0/	image	2021-09-12	63340	94	yes	no	party_no	1
63380ce6bc4b0ca331f8919b3615e41d	p/CTuj2FXtwZs/	image	2021-09-12	59533	712	no	no	party_no	1
30d52d191d094d0c5999ed827021e8a5	p/CTujSkrsJVQ/	image	2021-09-12	1194	56	no	no	party_no	1
0260d8d15a0c0c75ca4aad9479e7de61	p/CTuiPZYoi--/	image	2021-09-12	1444	28	no	no	party_no	1
1f1cce919dd7476d910282e2048c4ed6	p/CTuhngbMEEL/	image	2021-09-12	0	3	no	yes	party_yes_pos	0
084bc5eda4c65fe9c3483d53ea84a4f8	p/CTuZNhfjIVm/	image	2021-09-12	19656	66	yes	no	party_no	0
8ff35745e419d6dfedd47713b9c8a2c2	p/CTuUzVJIndn/	video	2021-09-12	923	21	no	yes	party_no	0
41796f0dfe474e750c6ce2898eca1736	p/CTuV--uMJhW/	image	2021-09-12	6072	46	no	yes	party_yes_pos	0
bbcfea1530c4aeb2f0a00e2f94064300	p/CTuVyRFoQsm/	image	2021-09-12	646	14	no	yes	party_no	0
e8dd5de276a74ab3abda0c6f828ac425	p/CTuVPnDMlCo/	image	2021-09-12	1597	18	no	no	party_no	0
9280b43fc4589291743b48d67b5f8453	p/CTuU7Dxo2W-/	image	2021-09-12	17749	47	yes	no	party_no	1
e3b84111a8245e22e9034fc3a83b3a3b	p/CTuRnYsMekg/	image	2021-09-12	6917	77	no	yes	party_yes_neg	0
29643a30042ea2c66083053117f14cf1	p/CTuMeptArHY/	image	2021-09-12	19014	134	no	no	party_no	1
e79d13565432a6daaedafa89a1371bb3	p/CTuLDNSsbyR/	image	2021-09-12	825	25	yes	yes	party_no	0
e3b84111a8245e22e9034fc3a83b3a3b	p/CTuJi_TMDJg/	image	2021-09-12	9829	61	no	no	party_no	1
02d2362a9cbe48bf56e74123a5d17a51	p/CTuGdQcsKXp/	image	2021-09-12	2633	38	no	yes	party_no	0
beb7a24bb66e7c1b3e1d41bacb6186b4	p/CTuFKsqMTZk/	image	2021-09-12	4382	25	yes	no	party_no	1
6de3f6b28222b00127fc038bf7bb4f33	p/CTyrK2JMoyY/	image	2021-09-14	286	5	no	no	party_no	0
f33c10f173a676eedcf535592d3e6812	p/CTyrEy_KEy5/	image	2021-09-14	138	9	yes	no	party_no	0
7a775131d1c2e8d51ff2962e7002d4d6	p/CTypDzXslXw/	image	2021-09-14	1452	142	no	yes	party_yes_neg	1
1f1cce919dd7476d910282e2048c4ed6	tv/CTxn-5CDvdZ/	video	2021-09-13	66	0	no	yes	party_no	0
843995b2f47a14055d3723f8a8617456	p/CTxiRirMOKQ/	image	2021-09-13	703	4	no	yes	party_yes_neg	1
b3fa9a6b502321f8f0e30b06f69a60ab	p/CTxepogoSG0/	image	2021-09-13	559	7	no	yes	party_yes_pos	1
dbd1313429684accb33e0ceec9274d7b	p/CTxdxxLstjW/	image	2021-09-13	2833	148	no	no	party_no	0
02d2362a9cbe48bf56e74123a5d17a51	p/CTxcy6Ds3Jy/	image	2021-09-13	326	9	no	no	party_no	0
4d9563cb81f7788272feef0a8db35b66	p/CTxb9RbNJRg/	image	2021-09-13	2401	18	no	no	party_no	0
6ae17935d1b5baf4f4b4f567eca8ff22	p/CTxZ9hZoKvi/	image	2021-09-13	611	7	no	no	party_no	1
c9064727402c71160531bde4c2f423e9	p/CTxQJl5oBRN/	image	2021-09-13	8741	433	yes	no	party_no	0
717d66373741268b2293e72655414b72	p/CTxOQZcjPZt/	image	2021-09-13	5172	57	yes	no	party_no	1
a87b62512ea38bddd84d26e94d8b8376	tv/CTxL3lzgTh1/	video	2021-09-13	304	20	yes	yes	party_no	0
a87b62512ea38bddd84d26e94d8b8376	tv/CTxLAD0Agya/	video	2021-09-13	38	1	yes	yes	party_no	0
d19d7a97ecc0d202614f86d575122e80	p/CTxHplMtI9m/	image	2021-09-13	107	2	no	yes	party_no	0
0260d8d15a0c0c75ca4aad9479e7de61	p/CTxF-heIjTr/	image	2021-09-13	1268	16	no	yes	party_no	0
3f4101f715d42d39a3df3dd0057c3e07	p/CTw4mLKMbo-/	image	2021-09-13	578	1	no	yes	party_yes_neg	0
d19d7a97ecc0d202614f86d575122e80	p/CTw4RhAN92L/	image	2021-09-13	98	1	no	no	party_no	0
5653c041dc67c29eb0f955a0e5cde4cf	p/CTwuHLcM3E_/	image	2021-09-13	75	2	no	yes	party_no	0
2535ad1b1c1c85c3245e969cda1726bd	p/CTwq1cNIbWL/	image	2021-09-13	323	0	no	no	party_no	1
17a5f19a99b3cf48a48b91f6808d8030	p/CTwqkY2IgYi/	image	2021-09-13	339	41	yes	no	party_no	1
2535ad1b1c1c85c3245e969cda1726bd	p/CTwpW_loVie/	image	2021-09-13	119	2	yes	no	party_no	1
4db79e097c0a133b2def2bf254f83dd9	p/CTwnVd1gaoz/	image	2021-09-13	4301	64	no	yes	party_no	0
02d2362a9cbe48bf56e74123a5d17a51	p/CTwhO4wMBxD/	image	2021-09-13	1313	7	no	no	party_no	0
9be5cad1827883c1d2fb55994d187dc7	p/CTwgIlNsXIC/	image	2021-09-13	0	6	yes	yes	party_no	1
18bb3a1994c6ac4d5d434ebbbc9ac438	p/CTwfhoJMPBV/	image	2021-09-13	791	9	no	no	party_no	0
17a5f19a99b3cf48a48b91f6808d8030	p/CTwb2SwoQ_W/	video	2021-09-13	263	22	yes	no	party_no	1
17a5f19a99b3cf48a48b91f6808d8030	p/CTwaXIzIBwY/	image	2021-09-13	254	15	no	no	party_no	1
3f4101f715d42d39a3df3dd0057c3e07	p/CT1Q0VdsIkj/	image	2021-09-15	86	0	yes	no	party_no	0
02d2362a9cbe48bf56e74123a5d17a51	p/CT0NynssIxp/	image	2021-09-14	405	13	yes	no	party_no	1
b3fa9a6b502321f8f0e30b06f69a60ab	tv/CT0Juu2os75/	video	2021-09-14	159	5	no	yes	party_yes_pos	0
e3b84111a8245e22e9034fc3a83b3a3b	p/CT0BuVsMxcA/	image	2021-09-14	10113	152	yes	no	party_no	1
bf0477239c7c653961cd1a9dab396cf1	p/CTz-WxZgOfT/	image	2021-09-14	5027	63	yes	no	party_no	1
fc9051ee6bee590671e57890af4adea8	p/CTz6pu3srWM/	image	2021-09-14	2397	47	yes	no	party_no	1
717d66373741268b2293e72655414b72	p/CTz6jwAD1Ng/	image	2021-09-14	8289	52	no	no	party_no	0
9348b4661a6dbc0004286afb82afd93c	p/CTz5dTeMpF9/	image	2021-09-14	285	29	yes	no	party_no	0
e3b84111a8245e22e9034fc3a83b3a3b	tv/CTz1Ne3KPf9/	video	2021-09-14	983	29	yes	no	party_no	0
d19d7a97ecc0d202614f86d575122e80	p/CTzzPAFNQnD/	image	2021-09-14	259	9	no	yes	party_no	0
a51f9cc0b672c20636dba6bd665f0143	p/CTzy2OioNPP/	image	2021-09-14	69816	483	yes	no	party_no	1
9280b43fc4589291743b48d67b5f8453	p/CTzyqaQo5fp/	image	2021-09-14	28057	77	no	no	party_no	0
f9794eccdcb70857e906c191cd262179	p/CTzyPqjII2K/	image	2021-09-14	0	5	no	no	party_no	1
30d52d191d094d0c5999ed827021e8a5	p/CTzxGA1LpUd/	image	2021-09-14	753	33	no	no	party_no	1
e3709d249677e285f459ff923cb8eef2	p/CTzxEZQIGdl/	image	2021-09-14	1695	11	no	no	party_no	1
63380ce6bc4b0ca331f8919b3615e41d	p/CTzxA4ItJZ_/	image	2021-09-14	57930	468	yes	no	party_no	0
8a20805268a91bf8fc6bb42a3cf942da	p/CTzwHQXIicx/	image	2021-09-14	493	8	no	no	party_no	1
7a775131d1c2e8d51ff2962e7002d4d6	p/CTztRMzIit3/	image	2021-09-14	6402	207	no	no	party_no	1
8812e6e135f142629315652e363d740d	p/CTzoOqVs0m5/	image	2021-09-14	2294	34	yes	no	party_no	0
4305f7ad511de6ee2ba458c283177399	p/CTzfMA1AW1N/	image	2021-09-14	2450	27	yes	yes	party_no	0
f3775ce4f11fcabeb916f3c1d2eb4985	p/CTzUNbysPxm/	image	2021-09-14	711	13	yes	yes	party_no	0
843995b2f47a14055d3723f8a8617456	p/CTzPjHVs2GK/	image	2021-09-14	67	1	no	yes	party_no	0
64bdaea8f3443e40b6eb6cb6df43e6f1	p/CTzNR-bIaVU/	image	2021-09-14	0	9	no	no	party_no	0
421ce1b028eee70a26e9962a2b31829d	p/CTzLfx_om9P/	image	2021-09-14	9749	37	no	no	party_no	0
5653c041dc67c29eb0f955a0e5cde4cf	p/CTzIl5BM-Xx/	image	2021-09-14	32	1	yes	yes	party_no	0
44532d9df81f73c4cba293f99de2e3cf	p/CTzCDWSoUuN/	image	2021-09-14	12550	40	no	no	party_no	0
658c73b9d87f9c9168492328fd3a1a1e	p/CTy-TAZsV7G/	image	2021-09-14	852	8	no	no	party_no	0
8ff35745e419d6dfedd47713b9c8a2c2	p/CT3seVboWkJ/	image	2021-09-16	952	11	no	yes	party_no	1
b645c1a0fe2ac8266cd11de1847e16fc	p/CT22HZ-gXMW/	video	2021-09-15	127	3	no	no	party_no	0
8a20805268a91bf8fc6bb42a3cf942da	p/CT20ZLoM-6t/	image	2021-09-15	339	14	no	no	party_no	0
421ce1b028eee70a26e9962a2b31829d	p/CT2j_1OIewN/	image	2021-09-15	7300	19	no	no	party_no	1
6d28c8b93351a8ccfdaf5b46065c129e	p/CT2fpL4sUHW/	image	2021-09-15	1631	45	no	no	party_no	0
97b40a328bdb6609dbd6b2d4ba416180	p/CT2c3TIIcLM/	image	2021-09-15	59710	122	no	no	party_no	0
c6c3274af5099ade030972d5ced222b1	tv/CT2cEXNoKIg/	video	2021-09-15	172	5	no	yes	party_yes_neg	0
658c73b9d87f9c9168492328fd3a1a1e	p/CT2Yr9Otn9k/	image	2021-09-15	191	1	yes	no	party_no	1
18bb3a1994c6ac4d5d434ebbbc9ac438	p/CT2YAnrofmG/	image	2021-09-15	1221	14	no	no	party_no	0
b3fa9a6b502321f8f0e30b06f69a60ab	p/CT2TO9IIRZB/	image	2021-09-15	568	17	no	yes	party_yes_pos	0
30d52d191d094d0c5999ed827021e8a5	p/CT2SR46LBbg/	image	2021-09-15	748	19	no	no	party_no	0
eca2f9b2c9316bd55ebfa59a772625f9	p/CT2N6LGgyhj/	image	2021-09-15	11422	25	yes	no	party_no	1
0260d8d15a0c0c75ca4aad9479e7de61	p/CT2NIUXokb8/	image	2021-09-15	784	11	yes	no	party_no	1
3f4101f715d42d39a3df3dd0057c3e07	p/CT2MqvCMGAp/	image	2021-09-15	366	4	no	yes	party_yes_pos	0
578d7fb61abacbf376d68e402bccb27d	p/CT2IGyVskVu/	image	2021-09-15	1646	6	no	no	party_no	0
7040052f53fff5247ebb6071c14eca72	p/CT2Ex6sqFsh/	image	2021-09-15	349	1	no	yes	party_yes_neg	1
9348b4661a6dbc0004286afb82afd93c	p/CT1-mfis1An/	image	2021-09-15	223	17	yes	yes	party_no	1
084bc5eda4c65fe9c3483d53ea84a4f8	p/CT1-btHDXSg/	image	2021-09-15	14382	92	no	yes	party_yes_neg	0
d19d7a97ecc0d202614f86d575122e80	p/CT16jqOjB2E/	video	2021-09-15	248	11	no	yes	party_yes_neg	0
e8dd5de276a74ab3abda0c6f828ac425	p/CT16gCdMTFL/	image	2021-09-15	592	5	no	no	party_no	0
f15f2f073b64cddd0ee21ba60e8dd04a	p/CT16E7aKczX/	image	2021-09-15	1328	4	yes	yes	party_yes_pos	1
02d2362a9cbe48bf56e74123a5d17a51	p/CT16Cb_sm4U/	image	2021-09-15	1468	32	yes	no	party_no	1
8a20805268a91bf8fc6bb42a3cf942da	p/CT13AM2Dyz9/	video	2021-09-15	327	4	yes	yes	party_no	0
421ce1b028eee70a26e9962a2b31829d	p/CT1voKbI5fd/	image	2021-09-15	5736	19	yes	no	party_no	0
9be5cad1827883c1d2fb55994d187dc7	p/CT1tHI3sIGV/	image	2021-09-15	0	34	no	yes	party_yes_neg	0
7b0ad56a98c5c99204fa635d5c66e2e3	p/CT1n8S_suIn/	image	2021-09-15	17121	431	no	no	party_no	0
e3709d249677e285f459ff923cb8eef2	p/CT1mEVgs6Z_/	image	2021-09-15	1591	6	no	no	party_no	1
578d7fb61abacbf376d68e402bccb27d	p/CT1lBA0szIl/	image	2021-09-15	1712	105	no	yes	party_yes_neg	0
51a943c7059f8984b0c3267d087ba610	p/CT6bqTQs1Pc/	image	2021-09-17	1522	23	yes	no	party_no	1
f33c10f173a676eedcf535592d3e6812	p/CT6VBy1tE0U/	image	2021-09-17	375	10	no	no	party_no	1
bf0477239c7c653961cd1a9dab396cf1	p/CT5SquGA6Zc/	image	2021-09-16	5087	73	yes	no	party_no	1
fc9051ee6bee590671e57890af4adea8	p/CT5QUmysCyA/	image	2021-09-16	3506	68	no	no	party_no	1
a51f9cc0b672c20636dba6bd665f0143	p/CT5MuASIkO2/	image	2021-09-16	45213	158	yes	no	party_no	1
b3fa9a6b502321f8f0e30b06f69a60ab	p/CT5LM0zIPRu/	image	2021-09-16	155	8	yes	yes	party_yes_pos	1
658c73b9d87f9c9168492328fd3a1a1e	p/CT5G6nLMc5G/	image	2021-09-16	432	10	no	no	party_no	0
44532d9df81f73c4cba293f99de2e3cf	p/CT5GRJNoBq2/	image	2021-09-16	11395	42	no	no	party_no	0
e3709d249677e285f459ff923cb8eef2	p/CT5BWbaILFP/	image	2021-09-16	3258	22	yes	no	party_no	1
29643a30042ea2c66083053117f14cf1	p/CT4-zZtoIWo/	image	2021-09-16	4731	19	no	yes	party_no	1
6d28c8b93351a8ccfdaf5b46065c129e	p/CT4-duXMVR1/	image	2021-09-16	4154	56	no	yes	party_yes_neg	0
e3b84111a8245e22e9034fc3a83b3a3b	p/CT49D-_MlkB/	image	2021-09-16	0	21	no	no	party_no	0
30d52d191d094d0c5999ed827021e8a5	p/CT47rtdsKCk/	image	2021-09-16	864	35	no	no	party_no	1
63380ce6bc4b0ca331f8919b3615e41d	p/CT46mvuNI2n/	image	2021-09-16	69741	555	no	no	party_no	1
6ae17935d1b5baf4f4b4f567eca8ff22	tv/CT452G2FwPw/	video	2021-09-16	264	8	no	no	party_no	0
64bdaea8f3443e40b6eb6cb6df43e6f1	p/CT427aEIPdR/	image	2021-09-16	0	58	no	no	party_no	0
4db79e097c0a133b2def2bf254f83dd9	p/CT4yKM0Mgwt/	image	2021-09-16	1323	40	yes	no	party_no	0
7040052f53fff5247ebb6071c14eca72	p/CT4x9bCKSu4/	image	2021-09-16	2068	21	no	yes	party_yes_neg	0
3f4101f715d42d39a3df3dd0057c3e07	p/CT4vSbvMmsE/	image	2021-09-16	227	1	no	yes	party_yes_neg	0
e3b84111a8245e22e9034fc3a83b3a3b	p/CT4oWjWM5YZ/	image	2021-09-16	0	27	yes	yes	party_yes_neg	0
3f4101f715d42d39a3df3dd0057c3e07	p/CT4mp0KMMna/	image	2021-09-16	508	6	no	yes	party_yes_neg	0
d19d7a97ecc0d202614f86d575122e80	p/CT4jK6mtJ4y/	image	2021-09-16	135	1	no	no	party_no	0
3f4101f715d42d39a3df3dd0057c3e07	p/CT4hRXKMypI/	image	2021-09-16	360	4	no	yes	party_yes_pos	0
3f4101f715d42d39a3df3dd0057c3e07	p/CT4c69EMIOu/	image	2021-09-16	994	15	no	yes	party_yes_neg	0
f15f2f073b64cddd0ee21ba60e8dd04a	p/CT4cYAkqAhP/	image	2021-09-16	4518	63	no	yes	party_yes_neg	1
9be5cad1827883c1d2fb55994d187dc7	p/CT4awyCMOhV/	image	2021-09-16	5122	55	no	yes	party_yes_neg	0
e3709d249677e285f459ff923cb8eef2	p/CT4YOziMnVA/	image	2021-09-16	975	7	no	no	party_no	0
3f4101f715d42d39a3df3dd0057c3e07	p/CT4RgDWljLB/	image	2021-09-16	880	11	no	yes	party_yes_neg	0
c6c3274af5099ade030972d5ced222b1	p/CT4Q60JqU80/	image	2021-09-16	1092	16	no	yes	party_yes_neg	0
7040052f53fff5247ebb6071c14eca72	tv/CT4OcGXDUy8/	video	2021-09-16	1122	21	no	yes	party_yes_pos	0
46bcd29bb252a121e323f3a2c91d9e9d	tv/CT4MYGvDgfc/	video	2021-09-16	18281	402	no	yes	party_yes_neg	0
9280b43fc4589291743b48d67b5f8453	p/CT4MzxIIieb/	image	2021-09-16	17106	81	no	no	party_no	0
3f4101f715d42d39a3df3dd0057c3e07	p/CT4IovPsy_q/	image	2021-09-16	169	0	no	yes	party_no	0
17a5f19a99b3cf48a48b91f6808d8030	p/CT4Ioa2Ijob/	video	2021-09-16	0	11	no	no	party_no	0
5653c041dc67c29eb0f955a0e5cde4cf	p/CT4Hloys3xo/	image	2021-09-16	33	6	no	no	party_no	0
165f4ad1f616ac1f05281d947d0a1a97	p/CT9BfbTrhVZ/	image	2021-09-18	93	5	yes	no	party_no	1
e3709d249677e285f459ff923cb8eef2	p/CT70W1uouDt/	image	2021-09-17	1147	5	yes	no	party_no	1
3a772b63ca0cf65622b4d5f70b364b75	p/CT7tOdZLdJa/	image	2021-09-17	2920	44	no	yes	party_no	0
97b40a328bdb6609dbd6b2d4ba416180	p/CT7oInrodFc/	video	2021-09-17	45795	146	no	no	party_no	0
e8dd5de276a74ab3abda0c6f828ac425	p/CT7nKrEsy1T/	image	2021-09-17	743	3	yes	no	party_no	1
9280b43fc4589291743b48d67b5f8453	p/CT7mg5woetZ/	image	2021-09-17	14118	26	no	no	party_no	0
44532d9df81f73c4cba293f99de2e3cf	p/CT7klfooLyv/	image	2021-09-17	13298	43	no	no	party_no	0
6de3f6b28222b00127fc038bf7bb4f33	p/CT7fOSiMuQu/	image	2021-09-17	640	29	no	yes	party_yes_neg	0
b3fa9a6b502321f8f0e30b06f69a60ab	tv/CT7blayod1E/	video	2021-09-17	29	0	no	yes	party_yes_pos	0
7040052f53fff5247ebb6071c14eca72	p/CT7b6AoKLw4/	image	2021-09-17	385	4	yes	yes	party_yes_pos	0
17a5f19a99b3cf48a48b91f6808d8030	p/CT7bwg2oPRZ/	image	2021-09-17	0	4	no	no	party_no	0
e6becd86c1252e619006b2c554bc68b1	p/CT7bjKLotD3/	image	2021-09-17	8471	53	no	yes	party_no	0
9be5cad1827883c1d2fb55994d187dc7	p/CT7XZjHMdkv/	image	2021-09-17	0	0	no	no	party_no	0
d218d8f074ad51bf543eb6be1f4e8366	p/CT7UV-BsWL3/	image	2021-09-17	1765	37	yes	yes	party_yes_pos	1
e8dd5de276a74ab3abda0c6f828ac425	p/CT7SrkYMGgw/	image	2021-09-17	743	5	no	no	party_no	0
843995b2f47a14055d3723f8a8617456	p/CT7JlV7su1n/	image	2021-09-17	216	0	no	yes	party_yes_neg	0
64bdaea8f3443e40b6eb6cb6df43e6f1	p/CT7GVlXogXp/	image	2021-09-17	0	21	no	no	party_no	0
578d7fb61abacbf376d68e402bccb27d	p/CT7EmMWLhvI/	image	2021-09-17	2269	24	no	yes	party_no	0
bbcfea1530c4aeb2f0a00e2f94064300	p/CT7Br9woenk/	image	2021-09-17	906	62	yes	yes	party_yes_neg	0
e3709d249677e285f459ff923cb8eef2	p/CT60l3cMScV/	image	2021-09-17	1837	8	no	no	party_no	0
5653c041dc67c29eb0f955a0e5cde4cf	p/CT_c39vMPnt/	image	2021-09-19	11	0	yes	no	party_no	0
f9794eccdcb70857e906c191cd262179	p/CT_Wt2OoiiL/	image	2021-09-19	71	3	no	no	party_no	1
843995b2f47a14055d3723f8a8617456	p/CT-UkvzsYFZ/	image	2021-09-18	556	2	no	yes	party_yes_neg	0
a51f9cc0b672c20636dba6bd665f0143	p/CT-R1LboLC-/	image	2021-09-18	37995	145	no	no	party_no	1
421ce1b028eee70a26e9962a2b31829d	p/CT-QWKLoiEY/	image	2021-09-18	2671	8	no	no	party_no	0
717d66373741268b2293e72655414b72	p/CT-P_YDtTfS/	image	2021-09-18	6767	44	no	no	party_no	1
6ae17935d1b5baf4f4b4f567eca8ff22	p/CT-OLwysAk3/	image	2021-09-18	255	6	yes	no	party_no	1
9be5cad1827883c1d2fb55994d187dc7	p/CT-HomNMznL/	image	2021-09-18	1633	6	yes	no	party_no	0
7040052f53fff5247ebb6071c14eca72	p/CT-FuvJNnBz/	image	2021-09-18	7261	65	no	no	party_no	0
3f4101f715d42d39a3df3dd0057c3e07	tv/CT-FeQ_DtdA/	video	2021-09-18	49	2	no	yes	party_yes_pos	0
64bdaea8f3443e40b6eb6cb6df43e6f1	p/CT-EWGIowZL/	image	2021-09-18	0	4	no	no	party_no	0
63380ce6bc4b0ca331f8919b3615e41d	p/CT-ECD5NKBq/	image	2021-09-18	55483	419	no	yes	party_no	1
fc9051ee6bee590671e57890af4adea8	p/CT-D5r8sALK/	image	2021-09-18	2978	58	no	no	party_no	1
e6becd86c1252e619006b2c554bc68b1	p/CT-Cr6-ogAX/	image	2021-09-18	1957	15	yes	no	party_no	1
b645c1a0fe2ac8266cd11de1847e16fc	p/CT-Ba3AMwnA/	image	2021-09-18	157	2	no	yes	party_yes_pos	1
509fd100a396a6346c9af819821e4d31	p/CT9_1-2Mk_S/	image	2021-09-18	920	10	yes	no	party_no	0
e3709d249677e285f459ff923cb8eef2	p/CT9_oHuMdV-/	image	2021-09-18	626	5	yes	no	party_no	0
d19d7a97ecc0d202614f86d575122e80	p/CT97c72N3F6/	image	2021-09-18	532	26	no	yes	party_yes_neg	0
eca2f9b2c9316bd55ebfa59a772625f9	p/CT9wKlVgu5l/	video	2021-09-18	29535	50	no	no	party_no	0
3f4101f715d42d39a3df3dd0057c3e07	p/CT9n1c0szjO/	image	2021-09-18	133	0	yes	yes	party_yes_neg	1
578d7fb61abacbf376d68e402bccb27d	p/CT9dB5Ss9ao/	image	2021-09-18	1524	5	no	no	party_no	1
46bcd29bb252a121e323f3a2c91d9e9d	p/CT9bksAsMuz/	image	2021-09-18	29205	266	no	yes	party_yes_neg	1
7b0ad56a98c5c99204fa635d5c66e2e3	p/CT9ZRLkMgGB/	image	2021-09-18	9359	593	no	no	party_no	0
4d3cd7d71e60ad913f89cb051d0f40eb	p/CT9Y6J9Agyn/	image	2021-09-18	75217	152	no	no	party_no	0
9280b43fc4589291743b48d67b5f8453	p/CT9YeQ8I-C4/	image	2021-09-18	3438	9	no	no	party_no	1
3f4101f715d42d39a3df3dd0057c3e07	p/CT9WscLsL24/	image	2021-09-18	262	2	no	yes	party_no	1
d19d7a97ecc0d202614f86d575122e80	p/CT9WU8ctqh8/	image	2021-09-18	105	2	no	no	party_no	0
64bdaea8f3443e40b6eb6cb6df43e6f1	p/CT9StVQo6So/	image	2021-09-18	0	12	no	no	party_no	0
9be5cad1827883c1d2fb55994d187dc7	p/CT9SYtEsGZO/	image	2021-09-18	0	2	yes	no	party_no	0
7040052f53fff5247ebb6071c14eca72	p/CT9RNMNKqpQ/	image	2021-09-18	331	3	yes	yes	party_yes_pos	0
f33c10f173a676eedcf535592d3e6812	p/CUCCcsaq3Pt/	image	2021-09-20	228	5	no	no	party_no	1
8ff35745e419d6dfedd47713b9c8a2c2	p/CUB41JyotgB/	image	2021-09-20	1292	27	no	no	party_no	1
421ce1b028eee70a26e9962a2b31829d	p/CUBEJSTI3rv/	image	2021-09-19	4955	16	no	no	party_no	1
95e1ccd5a31c56d6141fd6d5d61ab17a	p/CUBDpu2Ml3C/	image	2021-09-19	8368	35	no	no	party_no	0
9280b43fc4589291743b48d67b5f8453	p/CUBCE_0IYsD/	image	2021-09-19	8257	19	no	no	party_no	0
578d7fb61abacbf376d68e402bccb27d	p/CUA9LiQs_OF/	image	2021-09-19	949	4	no	yes	party_no	1
998426ae2619d42a0549fba42cf19317	p/CUA8ZH0sG-n/	image	2021-09-19	0	52	no	no	party_no	0
a51f9cc0b672c20636dba6bd665f0143	p/CUA7ZInoYiR/	image	2021-09-19	47010	122	no	no	party_no	1
44532d9df81f73c4cba293f99de2e3cf	p/CUA3kG8ICtV/	image	2021-09-19	9025	22	no	no	party_no	0
999ca23c12d60d2ffe616d20886ea3d5	tv/CUAzKQmoP0Y/	video	2021-09-19	1328	18	yes	no	party_no	0
e3b84111a8245e22e9034fc3a83b3a3b	p/CUAzAkwsPb3/	image	2021-09-19	0	69	no	yes	party_yes_pos	1
8a20805268a91bf8fc6bb42a3cf942da	p/CUAwt_YMcps/	image	2021-09-19	642	19	no	no	party_no	0
5653c041dc67c29eb0f955a0e5cde4cf	p/CUAtfr2l2Qy/	video	2021-09-19	32	1	no	no	party_no	0
18bb3a1994c6ac4d5d434ebbbc9ac438	p/CUArsU4MAhs/	image	2021-09-19	1376	9	no	no	party_no	0
5653c041dc67c29eb0f955a0e5cde4cf	p/CUApG-9sBKK/	image	2021-09-19	45	1	no	no	party_no	0
29643a30042ea2c66083053117f14cf1	p/CUAmY12sOUE/	image	2021-09-19	13890	95	yes	no	party_no	0
e8dd5de276a74ab3abda0c6f828ac425	p/CUAmY5Lspyj/	image	2021-09-19	1458	12	no	no	party_no	0
b79655cd998ca55b7eac33a2ba155d0a	p/CUAelcEMKiQ/	image	2021-09-19	359	8	no	no	party_no	0
d19d7a97ecc0d202614f86d575122e80	p/CUAaar6Nlvt/	image	2021-09-19	77	1	yes	yes	party_yes_neg	0
509fd100a396a6346c9af819821e4d31	p/CUAZnBgsTKz/	image	2021-09-19	609	3	no	no	party_no	0
e8dd5de276a74ab3abda0c6f828ac425	p/CUAO_CFshJ5/	image	2021-09-19	1283	16	no	yes	party_no	0
f15f2f073b64cddd0ee21ba60e8dd04a	p/CUALy26qexI/	image	2021-09-19	6722	78	no	yes	party_yes_pos	0
f9794eccdcb70857e906c191cd262179	p/CUALqoeI1hL/	image	2021-09-19	73	0	no	yes	party_yes_neg	1
578d7fb61abacbf376d68e402bccb27d	p/CUAJbMbDPj_/	video	2021-09-19	892	17	no	yes	party_yes_pos	0
e3709d249677e285f459ff923cb8eef2	p/CUAJSTHsv-C/	image	2021-09-19	4512	28	no	no	party_no	0
1f1cce919dd7476d910282e2048c4ed6	p/CUAGv1PMfKF/	image	2021-09-19	0	18	no	no	party_no	1
2535ad1b1c1c85c3245e969cda1726bd	p/CUAD5d0IrHF/	image	2021-09-19	112	1	no	no	party_no	1
5653c041dc67c29eb0f955a0e5cde4cf	p/CT_8vGWLI4O/	image	2021-09-19	44	1	no	no	party_no	0
578d7fb61abacbf376d68e402bccb27d	p/CUEpl7NMKRC/	image	2021-09-21	658	4	no	yes	party_no	1
b645c1a0fe2ac8266cd11de1847e16fc	p/CUDqrQLstGh/	image	2021-09-20	169	15	yes	no	party_no	1
dbd1313429684accb33e0ceec9274d7b	p/CUDfWF1s20T/	image	2021-09-20	2539	91	no	no	party_no	0
eca2f9b2c9316bd55ebfa59a772625f9	p/CUDZFOdgMDe/	image	2021-09-20	42086	62	no	no	party_no	0
64bdaea8f3443e40b6eb6cb6df43e6f1	p/CUDU0ujoTlb/	image	2021-09-20	0	8	no	no	party_no	0
bf0477239c7c653961cd1a9dab396cf1	p/CUDUzbAArc-/	image	2021-09-20	4686	49	no	no	party_no	1
d19d7a97ecc0d202614f86d575122e80	p/CUDUEodj0SF/	video	2021-09-20	307	11	no	yes	party_no	0
578d7fb61abacbf376d68e402bccb27d	p/CUDN1s1M95k/	image	2021-09-20	1545	43	no	no	party_no	0
30d52d191d094d0c5999ed827021e8a5	p/CUDLucQsdeT/	image	2021-09-20	917	47	yes	no	party_no	1
7040052f53fff5247ebb6071c14eca72	p/CUDH8wLqFbQ/	image	2021-09-20	6942	111	no	yes	party_yes_neg	0
7b0ad56a98c5c99204fa635d5c66e2e3	p/CUDGbOnMyWr/	image	2021-09-20	11741	207	yes	no	party_no	1
4d9563cb81f7788272feef0a8db35b66	p/CUDCi3yNMM1/	image	2021-09-20	11680	145	no	no	party_no	0
d19d7a97ecc0d202614f86d575122e80	p/CUC99QQNhUX/	image	2021-09-20	114	6	yes	yes	party_yes_neg	0
44532d9df81f73c4cba293f99de2e3cf	p/CUC3svxIerB/	image	2021-09-20	16741	52	no	no	party_no	0
165f4ad1f616ac1f05281d947d0a1a97	p/CUC12-XMe5U/	image	2021-09-20	1022	64	yes	yes	party_yes_neg	1
95e1ccd5a31c56d6141fd6d5d61ab17a	p/CUC0qoGsNM_/	image	2021-09-20	7952	33	no	no	party_no	0
18bb3a1994c6ac4d5d434ebbbc9ac438	p/CUC0lvqMymV/	image	2021-09-20	699	12	no	no	party_no	1
9be5cad1827883c1d2fb55994d187dc7	p/CUCp_NisnD4/	video	2021-09-20	0	15	yes	yes	party_yes_neg	0
eca2f9b2c9316bd55ebfa59a772625f9	p/CUCm4NsgvPE/	image	2021-09-20	41176	108	yes	no	party_no	1
7a775131d1c2e8d51ff2962e7002d4d6	p/CUCie1wM7b8/	image	2021-09-20	9511	289	yes	yes	party_yes_neg	1
3a772b63ca0cf65622b4d5f70b364b75	tv/CUCfvArjS0r/	video	2021-09-20	9444	264	no	yes	party_yes_pos	0
2535ad1b1c1c85c3245e969cda1726bd	p/CUCgD1NoQxC/	image	2021-09-20	359	22	no	no	party_no	1
04efabf9ee38896016be90e0a36f0116	p/CUCfIGCISjm/	image	2021-09-20	106	7	yes	no	party_no	0
95e1ccd5a31c56d6141fd6d5d61ab17a	p/CUCdCKEsZQH/	image	2021-09-20	15736	71	no	no	party_no	0
4db79e097c0a133b2def2bf254f83dd9	p/CUCc73VAlnk/	image	2021-09-20	6378	666	no	no	party_no	0
f33c10f173a676eedcf535592d3e6812	p/CUHQPZQqXL8/	image	2021-09-22	147	1	no	yes	party_no	0
9348b4661a6dbc0004286afb82afd93c	p/CUHPQp5r8-9/	image	2021-09-22	71	0	no	no	party_no	0
8a20805268a91bf8fc6bb42a3cf942da	p/CUGEwR3Mb62/	image	2021-09-21	779	12	no	yes	party_yes_neg	0
eca2f9b2c9316bd55ebfa59a772625f9	p/CUGD40bgJwt/	image	2021-09-21	40376	56	no	no	party_no	0
717d66373741268b2293e72655414b72	p/CUGAcGoDpBb/	image	2021-09-21	5025	37	no	no	party_no	1
998426ae2619d42a0549fba42cf19317	p/CUF_5ThMXD7/	image	2021-09-21	7443	200	no	no	party_no	0
9280b43fc4589291743b48d67b5f8453	p/CUF7wL5t1W7/	image	2021-09-21	4328	28	yes	no	party_no	0
e8dd5de276a74ab3abda0c6f828ac425	p/CUF5NZLMqcW/	image	2021-09-21	869	6	yes	yes	party_yes_pos	0
9be5cad1827883c1d2fb55994d187dc7	p/CUF0_ZlsQll/	video	2021-09-21	439	0	no	yes	party_no	0
b645c1a0fe2ac8266cd11de1847e16fc	p/CUFz5posl4a/	image	2021-09-21	279	3	no	yes	party_yes_pos	1
4d3cd7d71e60ad913f89cb051d0f40eb	p/CUFz167gYSj/	image	2021-09-21	106990	464	yes	no	party_no	0
fc9051ee6bee590671e57890af4adea8	p/CUFzs6qsdqk/	image	2021-09-21	1860	43	yes	no	party_no	1
04c60c55696c64c0abe0c3fd65eac3a5	p/CUFzsMNMGDA/	image	2021-09-21	1357	57	yes	yes	party_no	1
843995b2f47a14055d3723f8a8617456	p/CUFx6NJM3TN/	image	2021-09-21	813	14	no	yes	party_yes_neg	0
18bb3a1994c6ac4d5d434ebbbc9ac438	p/CUFxyvUMLR4/	image	2021-09-21	1537	5	no	no	party_no	0
421ce1b028eee70a26e9962a2b31829d	p/CUFwH0eMgc9/	image	2021-09-21	2515	8	no	no	party_no	0
d19d7a97ecc0d202614f86d575122e80	p/CUFuhUENGKQ/	image	2021-09-21	48	4	yes	no	party_no	0
30d52d191d094d0c5999ed827021e8a5	p/CUFtrcjMxba/	image	2021-09-21	1275	45	no	no	party_no	1
e3709d249677e285f459ff923cb8eef2	p/CUFiabFo4PY/	image	2021-09-21	2855	15	no	no	party_no	1
843995b2f47a14055d3723f8a8617456	p/CUFdOOtjJLR/	video	2021-09-21	350	7	no	yes	party_yes_neg	0
95e1ccd5a31c56d6141fd6d5d61ab17a	p/CUFczp6M_BF/	image	2021-09-21	1841	6	no	no	party_no	0
c6c3274af5099ade030972d5ced222b1	p/CUFcl_eMXfY/	image	2021-09-21	1059	30	no	yes	party_yes_neg	1
44532d9df81f73c4cba293f99de2e3cf	p/CUFUqIwoP6i/	image	2021-09-21	13926	68	no	yes	party_yes_neg	1
9be5cad1827883c1d2fb55994d187dc7	p/CUFOTYRsNyg/	image	2021-09-21	0	12	no	yes	party_no	0
d19d7a97ecc0d202614f86d575122e80	p/CUFNLZBNjxw/	image	2021-09-21	184	8	no	yes	party_yes_neg	0
51a943c7059f8984b0c3267d087ba610	p/CUFNDMuMFoi/	image	2021-09-21	18166	96	no	yes	party_yes_neg	0
eca2f9b2c9316bd55ebfa59a772625f9	p/CUFJFrHATnv/	image	2021-09-21	14886	20	no	no	party_no	0
46bcd29bb252a121e323f3a2c91d9e9d	p/CUFIJPqMNt-/	image	2021-09-21	21894	301	no	yes	party_yes_neg	1
0260d8d15a0c0c75ca4aad9479e7de61	p/CUFAC9jIbhG/	image	2021-09-21	771	10	no	no	party_no	0
578d7fb61abacbf376d68e402bccb27d	tv/CUJ3JvTDsNR/	video	2021-09-23	102	3	no	yes	party_yes_pos	0
e3709d249677e285f459ff923cb8eef2	p/CUIrIRTMB62/	image	2021-09-22	516	4	yes	no	party_no	0
578d7fb61abacbf376d68e402bccb27d	p/CUIpXqMMw7C/	image	2021-09-22	1786	33	no	no	party_no	0
421ce1b028eee70a26e9962a2b31829d	p/CUIoA91oojJ/	image	2021-09-22	6746	43	no	no	party_no	1
bf0477239c7c653961cd1a9dab396cf1	p/CUIloKggmNs/	image	2021-09-22	11285	71	no	no	party_no	1
b3fa9a6b502321f8f0e30b06f69a60ab	tv/CUIkj0HoOLt/	video	2021-09-22	115	3	no	yes	party_yes_pos	0
50ae8a403ea23858fe2dce4149927d95	tv/CUIg8w5IRpi/	video	2021-09-22	730	26	no	no	party_no	0
eca2f9b2c9316bd55ebfa59a772625f9	p/CUIeHqfAMCH/	image	2021-09-22	62282	83	no	no	party_no	0
8812e6e135f142629315652e363d740d	p/CUIcY-ZsiZw/	video	2021-09-22	1076	10	yes	no	party_no	0
fc9051ee6bee590671e57890af4adea8	p/CUIbz9PsP9J/	image	2021-09-22	2076	18	yes	no	party_no	1
63380ce6bc4b0ca331f8919b3615e41d	p/CUIa569tTJ_/	image	2021-09-22	90747	779	no	no	party_no	1
04c60c55696c64c0abe0c3fd65eac3a5	p/CUIY7njMxDc/	image	2021-09-22	0	19	no	yes	party_no	1
7a775131d1c2e8d51ff2962e7002d4d6	p/CUIV9YFMamI/	image	2021-09-22	7273	205	no	no	party_no	1
1f1cce919dd7476d910282e2048c4ed6	p/CUIVbYnM43X/	image	2021-09-22	452	31	yes	yes	party_yes_neg	1
3a772b63ca0cf65622b4d5f70b364b75	p/CUITNPksOSm/	image	2021-09-22	13271	474	no	yes	party_yes_neg	1
d19d7a97ecc0d202614f86d575122e80	p/CUIOleNtfcm/	image	2021-09-22	103	3	no	yes	party_no	0
4d9563cb81f7788272feef0a8db35b66	p/CUINpsyNgMF/	image	2021-09-22	15600	377	no	yes	party_no	0
d19d7a97ecc0d202614f86d575122e80	p/CUIGk3sD7Gq/	video	2021-09-22	74	0	yes	no	party_no	0
04efabf9ee38896016be90e0a36f0116	p/CUIGSJoI_hp/	image	2021-09-22	72	1	no	no	party_no	0
999ca23c12d60d2ffe616d20886ea3d5	tv/CUIFwBgF3a9/	video	2021-09-22	6348	442	no	yes	party_yes_pos	0
3f4101f715d42d39a3df3dd0057c3e07	p/CUH7sRfMZXX/	image	2021-09-22	56	0	no	yes	party_yes_pos	1
9be5cad1827883c1d2fb55994d187dc7	p/CUHsHvwM7vl/	image	2021-09-22	0	74	no	yes	party_yes_neg	0
509fd100a396a6346c9af819821e4d31	p/CUHT2u9JT0U/	video	2021-09-22	142	14	yes	no	party_no	1
c6c3274af5099ade030972d5ced222b1	p/CUHlAR0MWxP/	image	2021-09-22	0	0	no	yes	party_yes_neg	0
95e1ccd5a31c56d6141fd6d5d61ab17a	p/CUMo8AQMQLY/	image	2021-09-24	395	5	no	no	party_no	0
9be5cad1827883c1d2fb55994d187dc7	p/CUMmyhZMFu1/	image	2021-09-24	0	3	yes	no	party_no	0
9348b4661a6dbc0004286afb82afd93c	p/CUMkA3jsZ5a/	image	2021-09-24	125	8	no	yes	party_yes_pos	0
4db79e097c0a133b2def2bf254f83dd9	p/CUMjVWvg_9n/	image	2021-09-24	1270	38	yes	no	party_no	0
6de3f6b28222b00127fc038bf7bb4f33	p/CUMh-ujMHLw/	image	2021-09-24	621	18	no	yes	party_yes_pos	0
4305f7ad511de6ee2ba458c283177399	p/CUMgoctg2DK/	image	2021-09-24	1782	35	yes	no	party_no	1
2901627895163b68e80ed17c4d72f13b	p/CUMgG4QMiEW/	image	2021-09-24	146	4	yes	yes	party_no	1
7a775131d1c2e8d51ff2962e7002d4d6	p/CUMT8r4sobB/	image	2021-09-24	1891	72	yes	no	party_no	1
b645c1a0fe2ac8266cd11de1847e16fc	p/CULQnvasuyu/	image	2021-09-23	379	6	no	no	party_no	0
dbd1313429684accb33e0ceec9274d7b	p/CULNSbcsHDU/	image	2021-09-23	4541	213	no	yes	party_yes_neg	0
91527dbeb839b49f92fd2ba43724484f	p/CULMPBrMrkM/	image	2021-09-23	561	21	no	no	party_no	1
165f4ad1f616ac1f05281d947d0a1a97	p/CULJQggMD6b/	image	2021-09-23	1878	76	no	yes	party_yes_pos	0
fc9051ee6bee590671e57890af4adea8	p/CULCix3slTk/	image	2021-09-23	3798	36	no	no	party_no	1
8a20805268a91bf8fc6bb42a3cf942da	p/CULCciWM6Zr/	image	2021-09-23	436	11	no	yes	party_yes_neg	0
509fd100a396a6346c9af819821e4d31	p/CULB-AyMmbn/	image	2021-09-23	590	9	no	yes	party_no	1
44532d9df81f73c4cba293f99de2e3cf	p/CULA0WMo2iZ/	image	2021-09-23	22870	83	no	no	party_no	0
97b40a328bdb6609dbd6b2d4ba416180	p/CULAKL8ISHm/	image	2021-09-23	73629	237	yes	no	party_no	0
9280b43fc4589291743b48d67b5f8453	p/CUK-tPao3mP/	image	2021-09-23	18095	44	no	no	party_no	0
e3709d249677e285f459ff923cb8eef2	p/CUK-c-ss56l/	image	2021-09-23	1702	10	no	no	party_no	0
4d9563cb81f7788272feef0a8db35b66	p/CUK8r62NL96/	image	2021-09-23	5580	79	no	yes	party_yes_pos	0
eca2f9b2c9316bd55ebfa59a772625f9	p/CUK1_ltgxiV/	image	2021-09-23	53800	117	no	no	party_no	0
7040052f53fff5247ebb6071c14eca72	p/CUKu8anKB_I/	image	2021-09-23	417	2	no	yes	party_yes_pos	0
51a943c7059f8984b0c3267d087ba610	p/CUKq33osKC4/	image	2021-09-23	11520	33	yes	no	party_no	0
d19d7a97ecc0d202614f86d575122e80	p/CUKnEeDNijC/	image	2021-09-23	144	3	no	yes	party_no	0
46bcd29bb252a121e323f3a2c91d9e9d	tv/CUKk35WjBDU/	video	2021-09-23	9016	249	no	yes	party_yes_neg	0
f15f2f073b64cddd0ee21ba60e8dd04a	tv/CUKeZtkFTII/	video	2021-09-23	1623	10	yes	yes	party_no	0
8a20805268a91bf8fc6bb42a3cf942da	p/CUPAkOSsh1m/	image	2021-09-25	88	4	no	yes	party_yes_pos	0
f9794eccdcb70857e906c191cd262179	p/CUO2ynFoU-I/	image	2021-09-25	116	26	no	yes	party_no	1
3f4101f715d42d39a3df3dd0057c3e07	p/CUN44Fbs0Vc/	image	2021-09-24	171	3	no	yes	party_yes_pos	1
3f4101f715d42d39a3df3dd0057c3e07	tv/CUN4I4qD8iF/	video	2021-09-24	90	0	no	yes	party_yes_pos	0
3f4101f715d42d39a3df3dd0057c3e07	tv/CUN0NKXjpEm/	video	2021-09-24	20	0	no	yes	party_yes_neg	0
4db79e097c0a133b2def2bf254f83dd9	p/CUNz63ugbcb/	image	2021-09-24	5635	17	no	yes	party_yes_pos	1
46bcd29bb252a121e323f3a2c91d9e9d	p/CUNzWUnsIqF/	image	2021-09-24	30548	300	no	yes	party_yes_neg	1
3f4101f715d42d39a3df3dd0057c3e07	tv/CUNvIz_j4wo/	video	2021-09-24	61	0	no	yes	party_yes_neg	0
e8dd5de276a74ab3abda0c6f828ac425	p/CUNsFqvMJaz/	image	2021-09-24	1303	19	no	no	party_no	1
a87b62512ea38bddd84d26e94d8b8376	tv/CUNq6XxgABC/	video	2021-09-24	64	2	no	yes	party_no	0
91527dbeb839b49f92fd2ba43724484f	p/CUNrkZPMZPb/	image	2021-09-24	683	85	no	no	party_no	1
d19d7a97ecc0d202614f86d575122e80	p/CUNrRKztqs3/	image	2021-09-24	57	0	yes	no	party_no	0
a87b62512ea38bddd84d26e94d8b8376	tv/CUNp9pEgzlK/	video	2021-09-24	238	2	no	yes	party_no	0
c914dca22e622d4ada9246f9f4170126	p/CUNqIEgI0ci/	image	2021-09-24	1486	25	no	yes	party_yes_neg	0
7a775131d1c2e8d51ff2962e7002d4d6	p/CUNmpR_MZNK/	image	2021-09-24	4509	78	no	no	party_no	1
1f1cce919dd7476d910282e2048c4ed6	p/CUNl6b7s4VE/	image	2021-09-24	0	26	no	yes	party_no	1
f15f2f073b64cddd0ee21ba60e8dd04a	p/CUNjuPmqZLE/	image	2021-09-24	1864	8	no	yes	party_yes_neg	1
e3709d249677e285f459ff923cb8eef2	p/CUNiKX6oY6g/	image	2021-09-24	886	8	yes	no	party_no	0
63380ce6bc4b0ca331f8919b3615e41d	p/CUNg22mtw7T/	image	2021-09-24	52669	432	no	no	party_no	1
d19d7a97ecc0d202614f86d575122e80	p/CUNeYP5jLN-/	video	2021-09-24	268	21	no	yes	party_yes_neg	0
18bb3a1994c6ac4d5d434ebbbc9ac438	p/CUNd7z-MjXt/	image	2021-09-24	554	7	yes	no	party_no	1
64bdaea8f3443e40b6eb6cb6df43e6f1	p/CUNcoXpIA67/	image	2021-09-24	0	13	no	no	party_no	0
44532d9df81f73c4cba293f99de2e3cf	p/CUNa7tTobLn/	image	2021-09-24	18752	47	no	yes	party_yes_pos	1
97b40a328bdb6609dbd6b2d4ba416180	p/CUNZVwpJbiU/	image	2021-09-24	60244	98	yes	no	party_no	0
30d52d191d094d0c5999ed827021e8a5	p/CUNYRRGMqrH/	image	2021-09-24	1573	35	no	no	party_no	0
b3fa9a6b502321f8f0e30b06f69a60ab	p/CUNYJm3oYTj/	image	2021-09-24	58	0	no	yes	party_yes_pos	0
578d7fb61abacbf376d68e402bccb27d	p/CUNWkZgMbO8/	image	2021-09-24	4157	99	no	yes	party_yes_neg	0
d19d7a97ecc0d202614f86d575122e80	p/CUNPT9rD88s/	video	2021-09-24	209	7	no	yes	party_yes_neg	0
abb364b8fabce38da2e1212fe1445556	p/CUNIexbsZZy/	image	2021-09-24	97428	6140	no	no	party_no	0
578d7fb61abacbf376d68e402bccb27d	p/CUNDgANsDSB/	image	2021-09-24	2107	12	no	no	party_no	0
e3b84111a8245e22e9034fc3a83b3a3b	p/CUNAs1FsSxw/	image	2021-09-24	0	37	no	yes	party_yes_pos	1
e3709d249677e285f459ff923cb8eef2	p/CUM_LbZs6hJ/	image	2021-09-24	1775	10	no	no	party_no	1
e8dd5de276a74ab3abda0c6f828ac425	p/CUM89EBsTOQ/	image	2021-09-24	364	3	no	no	party_no	1
46bcd29bb252a121e323f3a2c91d9e9d	tv/CUM73ZNIolL/	video	2021-09-24	26311	567	no	yes	party_yes_neg	0
29643a30042ea2c66083053117f14cf1	p/CUM7L4Xg7-k/	image	2021-09-24	6635	21	yes	no	party_no	0
4d3cd7d71e60ad913f89cb051d0f40eb	p/CUM61d3g3EG/	image	2021-09-24	138662	332	no	no	party_no	0
1411160f41f5bc887e062a57fe62d548	p/CUMydZ3Mvoj/	image	2021-09-24	72	0	yes	no	party_no	1
51a943c7059f8984b0c3267d087ba610	p/CUMybAXsbWC/	image	2021-09-24	7662	45	no	yes	party_yes_neg	0
d19d7a97ecc0d202614f86d575122e80	p/CUMvferNRY6/	image	2021-09-24	332	7	no	yes	party_yes_neg	0
7040052f53fff5247ebb6071c14eca72	p/CUMtUXAKWCZ/	image	2021-09-24	565	5	no	yes	party_yes_pos	0
999ca23c12d60d2ffe616d20886ea3d5	p/CURoanCIGxf/	video	2021-09-26	3	0	no	yes	party_yes_pos	0
beb7a24bb66e7c1b3e1d41bacb6186b4	p/CURhgFAsXKv/	image	2021-09-26	1991	24	no	yes	party_yes_pos	0
9348b4661a6dbc0004286afb82afd93c	p/CURf_N_sc_-/	image	2021-09-26	165	20	no	yes	party_yes_pos	0
bf0477239c7c653961cd1a9dab396cf1	p/CUQdSvuAaEc/	image	2021-09-25	3013	38	no	no	party_no	1
46bcd29bb252a121e323f3a2c91d9e9d	p/CUQVkrisiEn/	image	2021-09-25	23572	146	no	yes	party_yes_neg	1
8a20805268a91bf8fc6bb42a3cf942da	p/CUQTpWRL6s5/	image	2021-09-25	181	4	no	yes	party_yes_pos	0
44532d9df81f73c4cba293f99de2e3cf	p/CUQTEkCIIpS/	image	2021-09-25	13254	86	no	no	party_no	0
64bdaea8f3443e40b6eb6cb6df43e6f1	p/CUQNwNII8oe/	image	2021-09-25	0	0	no	no	party_no	0
414fd19d3bf27f522543729f1abaf4bf	p/CUQIje0DamU/	image	2021-09-25	4395	63	yes	no	party_no	1
fc9051ee6bee590671e57890af4adea8	p/CUQF-CYsWLY/	image	2021-09-25	1801	23	yes	no	party_no	1
63380ce6bc4b0ca331f8919b3615e41d	p/CUQFn-ctWHu/	image	2021-09-25	42399	331	yes	no	party_no	1
e3709d249677e285f459ff923cb8eef2	p/CUQDeMkIdAE/	image	2021-09-25	1917	3	yes	no	party_no	1
18bb3a1994c6ac4d5d434ebbbc9ac438	p/CUQC3AaMXzc/	image	2021-09-25	1914	38	no	no	party_no	1
509fd100a396a6346c9af819821e4d31	p/CUQCdWQMCot/	image	2021-09-25	2298	24	no	yes	party_yes_pos	1
1f1cce919dd7476d910282e2048c4ed6	p/CUPvNeQspTs/	image	2021-09-25	0	16	yes	yes	party_no	1
17a5f19a99b3cf48a48b91f6808d8030	p/CUPrWr-oNRd/	image	2021-09-25	0	5	no	no	party_no	0
04efabf9ee38896016be90e0a36f0116	p/CUPqCY0IXsz/	image	2021-09-25	223	6	yes	no	party_no	0
509fd100a396a6346c9af819821e4d31	p/CUPjJxwMpu0/	image	2021-09-25	1085	25	yes	yes	party_yes_neg	0
d19d7a97ecc0d202614f86d575122e80	p/CUPX2ZjNbFR/	image	2021-09-25	130	4	no	no	party_no	0
5653c041dc67c29eb0f955a0e5cde4cf	p/CUPU1o2F9U9/	video	2021-09-25	27	0	yes	yes	party_no	0
e3b84111a8245e22e9034fc3a83b3a3b	p/CUUCLU_s49Q/	image	2021-09-27	7343	138	no	yes	party_yes_neg	1
e8dd5de276a74ab3abda0c6f828ac425	p/CUT88iMNSpu/	image	2021-09-27	975	11	no	no	party_no	0
04efabf9ee38896016be90e0a36f0116	p/CUTFLV2odl9/	image	2021-09-26	151	5	no	yes	party_yes_pos	0
46bcd29bb252a121e323f3a2c91d9e9d	p/CUTBiSaDUDQ/	video	2021-09-26	14223	185	no	yes	party_yes_neg	0
4305f7ad511de6ee2ba458c283177399	p/CUTBJtlgPHQ/	image	2021-09-26	3321	38	no	yes	party_yes_neg	0
4db79e097c0a133b2def2bf254f83dd9	p/CUS7NpxgFuX/	image	2021-09-26	2388	17	no	no	party_no	0
f9794eccdcb70857e906c191cd262179	p/CUSzn6Hovo1/	image	2021-09-26	71	2	yes	no	party_no	1
843995b2f47a14055d3723f8a8617456	p/CUSy-bYMY2r/	image	2021-09-26	1428	33	no	yes	party_yes_neg	0
165f4ad1f616ac1f05281d947d0a1a97	p/CUSySm7Mf81/	image	2021-09-26	2280	30	yes	yes	party_no	1
4d9563cb81f7788272feef0a8db35b66	tv/CUStn-dFgr3/	video	2021-09-26	16292	380	no	no	party_no	0
e3709d249677e285f459ff923cb8eef2	p/CUStkSHork0/	image	2021-09-26	2153	6	yes	no	party_no	1
1f1cce919dd7476d910282e2048c4ed6	p/CUStTO-Mrwa/	image	2021-09-26	404	7	no	no	party_no	0
7a775131d1c2e8d51ff2962e7002d4d6	p/CUSnju1M-2p/	image	2021-09-26	2606	29	yes	no	party_no	1
084bc5eda4c65fe9c3483d53ea84a4f8	p/CUSXdHbDMJe/	image	2021-09-26	18456	117	no	yes	party_yes_pos	0
b3fa9a6b502321f8f0e30b06f69a60ab	p/CUSM2UtI5eG/	image	2021-09-26	543	12	yes	yes	party_yes_pos	0
f15f2f073b64cddd0ee21ba60e8dd04a	p/CUSJufgIyVk/	image	2021-09-26	4641	46	no	yes	party_yes_pos	0
1f1cce919dd7476d910282e2048c4ed6	tv/CUSIpZcjuPx/	video	2021-09-26	127	8	no	yes	party_yes_pos	1
46bcd29bb252a121e323f3a2c91d9e9d	p/CUSIlftMMzu/	image	2021-09-26	23288	225	no	yes	party_yes_neg	1
e3b84111a8245e22e9034fc3a83b3a3b	p/CUR-lhMMRnK/	image	2021-09-26	17972	168	no	yes	party_yes_pos	0
843995b2f47a14055d3723f8a8617456	p/CUR8yccMOqn/	image	2021-09-26	1649	40	no	yes	party_yes_neg	0
04efabf9ee38896016be90e0a36f0116	p/CUR644Fo5xT/	image	2021-09-26	129	1	no	yes	party_yes_neg	0
9be5cad1827883c1d2fb55994d187dc7	p/CUR6Bv7MUkK/	image	2021-09-26	0	17	no	yes	party_no	1
e3709d249677e285f459ff923cb8eef2	p/CUR5Lw7I3FT/	image	2021-09-26	746	2	no	no	party_no	0
5653c041dc67c29eb0f955a0e5cde4cf	p/CUR4euXF-uu/	video	2021-09-26	32	3	no	yes	party_yes_neg	0
eca2f9b2c9316bd55ebfa59a772625f9	tv/CUR23qpAGtg/	video	2021-09-26	20851	55	yes	no	party_no	0
bbcfea1530c4aeb2f0a00e2f94064300	p/CUWwZIXNkC0/	image	2021-09-28	196	5	no	yes	party_yes_neg	0
dbd1313429684accb33e0ceec9274d7b	p/CUVgzcvsC8Y/	image	2021-09-27	2247	68	no	yes	party_yes_neg	0
46bcd29bb252a121e323f3a2c91d9e9d	p/CUVeGsBMac_/	image	2021-09-27	36393	427	no	no	party_no	0
95e1ccd5a31c56d6141fd6d5d61ab17a	p/CUVdtTqszlZ/	image	2021-09-27	16040	119	no	yes	party_yes_neg	0
4d9563cb81f7788272feef0a8db35b66	p/CUVbuTLl_f_/	video	2021-09-27	10260	177	no	no	party_no	0
421ce1b028eee70a26e9962a2b31829d	p/CUVZyk7IsxD/	image	2021-09-27	4676	13	yes	no	party_no	1
578d7fb61abacbf376d68e402bccb27d	p/CUVX9jVs0jL/	image	2021-09-27	3381	25	no	yes	party_yes_neg	1
c9064727402c71160531bde4c2f423e9	p/CUVXBMFMKCE/	image	2021-09-27	10750	364	no	no	party_no	0
717d66373741268b2293e72655414b72	p/CUVVsbejif1/	image	2021-09-27	6833	67	yes	no	party_no	1
bf0477239c7c653961cd1a9dab396cf1	p/CUVVgdZAibo/	image	2021-09-27	4085	53	no	no	party_no	1
3f4101f715d42d39a3df3dd0057c3e07	p/CUVU8k0MaJh/	image	2021-09-27	1022	23	no	yes	party_yes_neg	0
50ae8a403ea23858fe2dce4149927d95	p/CUVT84zoTk4/	image	2021-09-27	17122	664	no	yes	party_yes_pos	0
3a772b63ca0cf65622b4d5f70b364b75	p/CUVTwcXszEE/	image	2021-09-27	10386	99	no	yes	party_yes_neg	0
44532d9df81f73c4cba293f99de2e3cf	p/CUVTt0VI83l/	image	2021-09-27	10521	31	no	no	party_no	0
0260d8d15a0c0c75ca4aad9479e7de61	p/CUVQVNqI2qk/	image	2021-09-27	1551	21	yes	no	party_no	0
63380ce6bc4b0ca331f8919b3615e41d	p/CUVPQYptBjM/	image	2021-09-27	83091	1853	no	no	party_no	1
4db79e097c0a133b2def2bf254f83dd9	p/CUVPEtqsUFh/	image	2021-09-27	3196	42	no	no	party_no	0
dc9512ec1ce1e86aa1f440bd9000ba2b	p/CUVNznTshdV/	image	2021-09-27	2149	31	yes	no	party_no	0
30d52d191d094d0c5999ed827021e8a5	p/CUVNrqxsrxL/	image	2021-09-27	1256	43	no	no	party_no	1
8812e6e135f142629315652e363d740d	p/CUVMPTNMn9N/	image	2021-09-27	4108	25	no	no	party_no	0
084bc5eda4c65fe9c3483d53ea84a4f8	p/CUVMKSwjKmx/	image	2021-09-27	18535	85	no	no	party_no	1
d89e163b0c43a89f9dbbeb4c008095a7	p/CUVLwwetwsq/	image	2021-09-27	165364	552	yes	no	party_no	0
e3b84111a8245e22e9034fc3a83b3a3b	p/CUVHuiesUMN/	image	2021-09-27	13470	156	no	yes	party_yes_pos	0
d19d7a97ecc0d202614f86d575122e80	p/CUVAdedN7VN/	image	2021-09-27	266	36	no	yes	party_yes_neg	0
7040052f53fff5247ebb6071c14eca72	p/CUU_1qJKUTd/	image	2021-09-27	4117	69	no	yes	party_yes_neg	0
4d9563cb81f7788272feef0a8db35b66	p/CUU76lVNfAc/	image	2021-09-27	13832	191	no	yes	party_no	0
18bb3a1994c6ac4d5d434ebbbc9ac438	p/CUU48_Zs3pY/	image	2021-09-27	522	5	yes	no	party_no	1
9be5cad1827883c1d2fb55994d187dc7	p/CUUwuDOMwIY/	image	2021-09-27	0	114	no	yes	party_yes_neg	0
c6c3274af5099ade030972d5ced222b1	p/CUUr8uKMCzo/	image	2021-09-27	2964	42	no	yes	party_yes_neg	0
f33c10f173a676eedcf535592d3e6812	p/CUZN01rNqvP/	image	2021-09-29	279	15	no	no	party_no	1
578d7fb61abacbf376d68e402bccb27d	p/CUYOgVwsW90/	image	2021-09-28	1751	18	no	no	party_yes_neg	0
4db79e097c0a133b2def2bf254f83dd9	p/CUYKorxg1pt/	image	2021-09-28	4803	59	no	yes	party_yes_neg	0
9280b43fc4589291743b48d67b5f8453	p/CUYFpO8tY9Y/	image	2021-09-28	6007	24	no	no	party_no	0
c914dca22e622d4ada9246f9f4170126	p/CUYEfFKIzFU/	image	2021-09-28	1200	20	no	yes	party_no	0
421ce1b028eee70a26e9962a2b31829d	p/CUYCCPFo1A8/	image	2021-09-28	5412	22	yes	no	party_yes_pos	1
c6c3274af5099ade030972d5ced222b1	p/CUYB7H2sAYn/	image	2021-09-28	1086	14	no	yes	party_yes_neg	0
e3709d249677e285f459ff923cb8eef2	p/CUX-1pksULx/	image	2021-09-28	1320	7	yes	no	party_no	1
a51f9cc0b672c20636dba6bd665f0143	p/CUX-o9zI6wA/	image	2021-09-28	58003	214	no	no	party_no	1
30d52d191d094d0c5999ed827021e8a5	p/CUX7UslMQ70/	image	2021-09-28	1248	37	no	no	party_no	0
0260d8d15a0c0c75ca4aad9479e7de61	p/CUX2iJCt2xJ/	image	2021-09-28	1645	35	no	no	party_no	0
e6becd86c1252e619006b2c554bc68b1	p/CUXxBCFoJ4J/	image	2021-09-28	7455	38	yes	no	party_no	1
d19d7a97ecc0d202614f86d575122e80	p/CUXsMRCj-b5/	video	2021-09-28	96	5	no	no	party_no	0
2901627895163b68e80ed17c4d72f13b	p/CUXo11fsrTV/	image	2021-09-28	1376	29	no	no	party_no	0
a87b62512ea38bddd84d26e94d8b8376	p/CUXoFBlMx4Z/	image	2021-09-28	1922	14	no	yes	party_yes_neg	0
f15f2f073b64cddd0ee21ba60e8dd04a	tv/CUXjG-yFeAK/	video	2021-09-28	989	8	yes	yes	party_yes_neg	0
eca2f9b2c9316bd55ebfa59a772625f9	p/CUXjZR-t4Sb/	image	2021-09-28	19021	38	yes	no	party_no	1
91527dbeb839b49f92fd2ba43724484f	p/CUXaLfCs0Gs/	image	2021-09-28	699	42	yes	no	party_no	1
8a20805268a91bf8fc6bb42a3cf942da	p/CUXaLDmFJGw/	image	2021-09-28	1511	7	yes	yes	party_yes_pos	0
9be5cad1827883c1d2fb55994d187dc7	p/CUXT9Ebs8SR/	image	2021-09-28	0	8	yes	no	party_no	1
7b0ad56a98c5c99204fa635d5c66e2e3	p/CUXMAuCMD-N/	image	2021-09-28	9951	352	no	no	party_no	0
9348b4661a6dbc0004286afb82afd93c	p/CUXKwPyMdyr/	image	2021-09-28	306	14	no	yes	party_yes_pos	0
7a775131d1c2e8d51ff2962e7002d4d6	p/CUXELXyMcwB/	image	2021-09-28	5722	178	no	yes	party_yes_neg	1
44532d9df81f73c4cba293f99de2e3cf	p/CUXEHDmIW0w/	image	2021-09-28	14219	39	no	no	party_no	0
e3709d249677e285f459ff923cb8eef2	p/CUXBzC4oH1C/	image	2021-09-28	853	13	yes	no	party_no	0
578d7fb61abacbf376d68e402bccb27d	p/CUXA2eNMqHN/	image	2021-09-28	2643	20	no	yes	party_no	1
f33c10f173a676eedcf535592d3e6812	p/CUbzMOVtCac/	image	2021-09-30	168	7	yes	no	party_no	1
8ff35745e419d6dfedd47713b9c8a2c2	p/CUbn9aJoZXb/	image	2021-09-30	691	11	no	no	party_no	1
97b40a328bdb6609dbd6b2d4ba416180	p/CUbE29WpMXK/	image	2021-09-29	76933	219	yes	no	party_no	0
9280b43fc4589291743b48d67b5f8453	p/CUa4X1pN4vG/	image	2021-09-29	3067	9	no	no	party_no	1
bf0477239c7c653961cd1a9dab396cf1	p/CUapn_aAwSQ/	image	2021-09-29	3466	34	yes	no	party_no	1
c914dca22e622d4ada9246f9f4170126	p/CUai6zwIims/	image	2021-09-29	1672	113	no	yes	party_no	0
9348b4661a6dbc0004286afb82afd93c	p/CUaiH-aMK_V/	image	2021-09-29	404	38	no	no	party_no	0
132692cb5f1d5cbb0274051f0b7777b7	p/CUad9IpsSQU/	image	2021-09-29	6296	27	no	no	party_no	1
63380ce6bc4b0ca331f8919b3615e41d	p/CUaY25RNle_/	image	2021-09-29	88568	620	no	no	party_no	1
509fd100a396a6346c9af819821e4d31	p/CUaUBobMxc_/	image	2021-09-29	1349	12	yes	no	party_no	1
beb7a24bb66e7c1b3e1d41bacb6186b4	p/CUaRydtMA55/	image	2021-09-29	9078	95	no	yes	party_yes_neg	0
084bc5eda4c65fe9c3483d53ea84a4f8	p/CUaQQA2jKxx/	image	2021-09-29	10197	1703	yes	no	party_no	0
f9794eccdcb70857e906c191cd262179	p/CUaQEVvIcak/	image	2021-09-29	0	3	yes	no	party_no	1
b3fa9a6b502321f8f0e30b06f69a60ab	p/CUaOSjboTPf/	image	2021-09-29	378	15	no	yes	party_yes_neg	0
e3709d249677e285f459ff923cb8eef2	p/CUaM-gSIs5Z/	image	2021-09-29	634	0	yes	yes	party_no	1
7b0ad56a98c5c99204fa635d5c66e2e3	p/CUaCrXRMAX3/	image	2021-09-29	8087	175	no	no	party_no	0
6de3f6b28222b00127fc038bf7bb4f33	p/CUZ96U_MdyP/	image	2021-09-29	675	95	yes	no	party_no	1
d19d7a97ecc0d202614f86d575122e80	p/CUZ9ghXtpOC/	image	2021-09-29	169	8	no	no	party_no	0
4d3cd7d71e60ad913f89cb051d0f40eb	p/CUZzOsggw1Q/	image	2021-09-29	120025	180	no	no	party_no	0
4d9563cb81f7788272feef0a8db35b66	p/CUZvtAwN9SY/	image	2021-09-29	12652	163	no	no	party_no	0
578d7fb61abacbf376d68e402bccb27d	p/CUZuE1zMtzv/	image	2021-09-29	7352	229	no	yes	party_yes_neg	0
dc9512ec1ce1e86aa1f440bd9000ba2b	p/CUZs1XxMylg/	image	2021-09-29	2321	43	yes	no	party_no	0
9be5cad1827883c1d2fb55994d187dc7	p/CUZsMzIsdvX/	image	2021-09-29	0	39	no	yes	party_no	0
bbcfea1530c4aeb2f0a00e2f94064300	p/CUZpTRONIH_/	image	2021-09-29	709	30	no	no	party_no	1
29643a30042ea2c66083053117f14cf1	p/CUZoRdnANIt/	image	2021-09-29	7010	49	no	yes	party_no	0
d77e6efe2975c90db6471402061abcf7	p/CUdc3BAMIQK/	image	2021-09-30	1729	35	no	yes	party_no	0
e3b84111a8245e22e9034fc3a83b3a3b	p/CUdXuOQMuw-/	image	2021-09-30	0	105	yes	no	party_no	1
dbd1313429684accb33e0ceec9274d7b	p/CUdO72ks_5I/	image	2021-09-30	5017	206	no	no	party_no	0
7040052f53fff5247ebb6071c14eca72	p/CUdOhnIt_AA/	image	2021-09-30	0	135	no	no	party_no	0
a51f9cc0b672c20636dba6bd665f0143	p/CUdOZOUo65l/	image	2021-09-30	42762	143	yes	no	party_no	1
eca2f9b2c9316bd55ebfa59a772625f9	p/CUdLo8sAV0i/	image	2021-09-30	38361	91	yes	no	party_no	0
843995b2f47a14055d3723f8a8617456	p/CUdLOECMoBB/	image	2021-09-30	2321	20	no	yes	party_yes_pos	0
421ce1b028eee70a26e9962a2b31829d	p/CUdKdxqILc1/	image	2021-09-30	5597	25	yes	no	party_no	1
f3f59483a3e45881e182e3e27b2ddfa6	p/CUdG_sgI0Zn/	image	2021-09-30	395	10	yes	no	party_no	0
3a772b63ca0cf65622b4d5f70b364b75	p/CUdGRZuM6Dd/	image	2021-09-30	8953	203	no	yes	party_yes_neg	0
717d66373741268b2293e72655414b72	p/CUdGOkUDtpX/	image	2021-09-30	10511	93	no	no	party_no	1
1f1cce919dd7476d910282e2048c4ed6	p/CUdEvmHsKRj/	image	2021-09-30	622	54	yes	no	party_no	1
30d52d191d094d0c5999ed827021e8a5	p/CUc7t4JsU9L/	image	2021-09-30	1389	31	yes	no	party_no	1
c6c3274af5099ade030972d5ced222b1	p/CUc6bPVsGV-/	image	2021-09-30	0	8	yes	no	party_no	1
e6becd86c1252e619006b2c554bc68b1	p/CUc6WzLojf9/	image	2021-09-30	3016	17	yes	yes	party_no	1
8812e6e135f142629315652e363d740d	p/CUc1bq2jZ_x/	image	2021-09-30	5478	76	no	no	party_no	0
7040052f53fff5247ebb6071c14eca72	p/CUcyOQBq0DP/	image	2021-09-30	6845	39	no	yes	party_no	0
9be5cad1827883c1d2fb55994d187dc7	p/CUcuRMVsWWG/	image	2021-09-30	0	8	no	no	party_no	0
44532d9df81f73c4cba293f99de2e3cf	p/CUctnFaovql/	image	2021-09-30	16900	64	no	no	party_no	1
d19d7a97ecc0d202614f86d575122e80	p/CUcjOdMNYZM/	image	2021-09-30	93	1	no	no	party_no	0
beb7a24bb66e7c1b3e1d41bacb6186b4	tv/CUcX5YLAk4r/	video	2021-09-30	1992	40	yes	yes	party_no	0
bf0477239c7c653961cd1a9dab396cf1	p/CUcYUMqgt9Q/	image	2021-09-30	13943	199	no	no	party_no	1
abb364b8fabce38da2e1212fe1445556	p/CUcWcxhsg6H/	image	2021-09-30	52513	1407	no	no	party_no	0
18bb3a1994c6ac4d5d434ebbbc9ac438	p/CUcOBHustpw/	image	2021-09-30	995	14	no	no	party_no	0
e3709d249677e285f459ff923cb8eef2	p/CUcNu7hIS7x/	image	2021-09-30	4334	17	no	no	party_no	0
0260d8d15a0c0c75ca4aad9479e7de61	p/CUcGNR2onMP/	image	2021-09-30	2528	35	no	no	party_no	0
843995b2f47a14055d3723f8a8617456	p/CUcDKMWMdEQ/	image	2021-09-30	293	1	no	yes	party_no	0
bbcfea1530c4aeb2f0a00e2f94064300	p/CUcChadN9VY/	image	2021-09-30	2962	25	no	yes	party_yes_neg	0
2535ad1b1c1c85c3245e969cda1726bd	p/CUcBOO-o-KD/	image	2021-09-30	202	4	no	no	party_no	1
04efabf9ee38896016be90e0a36f0116	p/CUgFUg6oXwb/	image	2021-10-01	245	5	yes	no	party_no	0
999ca23c12d60d2ffe616d20886ea3d5	p/CUf7Mlso6SF/	image	2021-10-01	6192	27	no	no	party_no	1
eca2f9b2c9316bd55ebfa59a772625f9	p/CUf4qQ4Ay1T/	image	2021-10-01	23919	104	no	no	party_no	0
a87b62512ea38bddd84d26e94d8b8376	p/CUf2GhIM0aL/	image	2021-10-01	1025	8	yes	no	party_no	0
64bdaea8f3443e40b6eb6cb6df43e6f1	p/CUf0IepIP9Z/	image	2021-10-01	4928	19	no	no	party_no	0
4db79e097c0a133b2def2bf254f83dd9	p/CUftZ04Mhtw/	image	2021-10-01	3021	25	no	no	party_no	0
fc9051ee6bee590671e57890af4adea8	p/CUftAyqszDe/	image	2021-10-01	4206	51	no	no	party_no	1
e3709d249677e285f459ff923cb8eef2	p/CUfnpoCM1I4/	image	2021-10-01	2910	45	yes	no	party_no	0
50ae8a403ea23858fe2dce4149927d95	p/CUfgn3jISYr/	image	2021-10-01	26304	316	yes	yes	party_no	1
bbcfea1530c4aeb2f0a00e2f94064300	p/CUfZ7T4IUSc/	image	2021-10-01	804	21	no	no	party_no	1
d19d7a97ecc0d202614f86d575122e80	p/CUfCtPDNEq_/	image	2021-10-01	173	8	no	yes	party_yes_neg	0
91527dbeb839b49f92fd2ba43724484f	p/CUe3B5ksqO4/	image	2021-10-01	873	52	yes	no	party_no	0
9280b43fc4589291743b48d67b5f8453	p/CUezKQFNklK/	image	2021-10-01	13149	55	no	no	party_no	0
421ce1b028eee70a26e9962a2b31829d	p/CUewH3noT0M/	image	2021-10-01	3646	14	no	no	party_no	1
e3709d249677e285f459ff923cb8eef2	p/CUeunKooF38/	image	2021-10-01	3386	22	yes	no	party_no	1
02d2362a9cbe48bf56e74123a5d17a51	p/CUetv6asOE3/	image	2021-10-01	787	14	yes	no	party_no	0
9be5cad1827883c1d2fb55994d187dc7	p/CUeqJxzM5KV/	image	2021-10-01	0	6	no	yes	party_yes_pos	0
9348b4661a6dbc0004286afb82afd93c	p/CUekbfhsRRy/	image	2021-10-01	494	15	no	no	party_no	0
6de3f6b28222b00127fc038bf7bb4f33	p/CUebrHCMSYz/	image	2021-10-01	889	76	yes	no	party_no	0
29643a30042ea2c66083053117f14cf1	p/CUd0td9IJ2c/	image	2021-10-01	11274	268	no	no	party_no	1
843995b2f47a14055d3723f8a8617456	p/CUitBI9sBY6/	image	2021-10-02	1057	7	no	yes	party_yes_neg	0
f9794eccdcb70857e906c191cd262179	p/CUiYCJWoVLJ/	image	2021-10-02	169	4	no	no	party_no	0
5653c041dc67c29eb0f955a0e5cde4cf	p/CUiXJ0gseFe/	image	2021-10-02	69	6	no	no	party_no	0
44532d9df81f73c4cba293f99de2e3cf	p/CUiWljII_uV/	image	2021-10-02	15517	27	no	no	party_no	1
fc9051ee6bee590671e57890af4adea8	p/CUiSngfsea3/	image	2021-10-02	3390	35	no	no	party_no	0
3f4101f715d42d39a3df3dd0057c3e07	p/CUiPSFKMw06/	image	2021-10-02	864	3	yes	no	party_no	0
9348b4661a6dbc0004286afb82afd93c	p/CUiKPCGsO4y/	image	2021-10-02	1192	85	yes	no	party_no	0
084bc5eda4c65fe9c3483d53ea84a4f8	p/CUiICRiDqB7/	image	2021-10-02	22645	141	no	no	party_no	1
4305f7ad511de6ee2ba458c283177399	p/CUiDotMqwgl/	image	2021-10-02	2240	10	yes	no	party_no	1
18bb3a1994c6ac4d5d434ebbbc9ac438	p/CUiCdFMskT8/	image	2021-10-02	1039	2	no	no	party_no	1
509fd100a396a6346c9af819821e4d31	p/CUiCbISshVx/	image	2021-10-02	1526	18	no	no	party_no	0
4d9563cb81f7788272feef0a8db35b66	tv/CUh9QuQln1k/	video	2021-10-02	3729	50	no	no	party_no	0
e3709d249677e285f459ff923cb8eef2	p/CUh9OkZorQb/	image	2021-10-02	3441	15	no	no	party_no	1
5653c041dc67c29eb0f955a0e5cde4cf	p/CUh43GisQ0p/	image	2021-10-02	107	4	no	no	party_no	0
4305f7ad511de6ee2ba458c283177399	p/CUh4xKdKk_D/	image	2021-10-02	2775	17	no	no	party_no	0
999ca23c12d60d2ffe616d20886ea3d5	tv/CUhrurrFKVd/	video	2021-10-02	1965	88	yes	yes	party_yes_neg	0
dc9512ec1ce1e86aa1f440bd9000ba2b	p/CUhsk8GIdeh/	image	2021-10-02	3268	52	yes	no	party_no	1
3e55b3fc1db92c19d683086ceb419a74	p/CUhpgmpoGlV/	image	2021-10-02	2339	40	yes	no	party_no	1
b3fa9a6b502321f8f0e30b06f69a60ab	p/CUhekD5oqOF/	image	2021-10-02	181	4	no	yes	party_no	0
9be5cad1827883c1d2fb55994d187dc7	p/CUhRSC4Mk-b/	image	2021-10-02	0	4	no	yes	party_yes_pos	0
30d52d191d094d0c5999ed827021e8a5	p/CUhLK8MMKD1/	image	2021-10-02	2429	108	no	no	party_no	1
bbcfea1530c4aeb2f0a00e2f94064300	p/CUhFA06De6X/	image	2021-10-02	667	16	yes	no	party_no	1
f33c10f173a676eedcf535592d3e6812	p/CUg-Rv1NRlM/	image	2021-10-02	1050	27	no	no	party_no	1
a51f9cc0b672c20636dba6bd665f0143	p/CUk9muiI9qd/	image	2021-10-03	126145	740	no	no	party_no	1
8a20805268a91bf8fc6bb42a3cf942da	p/CUk3OMlMoGn/	image	2021-10-03	657	4	no	no	party_no	0
1f1cce919dd7476d910282e2048c4ed6	p/CUkynPrM89d/	image	2021-10-03	559	16	no	yes	party_yes_pos	1
c914dca22e622d4ada9246f9f4170126	p/CUkt0G9obW-/	image	2021-10-03	1822	31	no	yes	party_no	0
843995b2f47a14055d3723f8a8617456	p/CUkte5fMo0J/	image	2021-10-03	1718	7	no	yes	party_no	0
91527dbeb839b49f92fd2ba43724484f	p/CUktF4vMw56/	image	2021-10-03	849	35	no	no	party_no	0
63380ce6bc4b0ca331f8919b3615e41d	p/CUkr8pBNDyS/	image	2021-10-03	90222	718	yes	no	party_no	1
04efabf9ee38896016be90e0a36f0116	p/CUknxMGo2-C/	image	2021-10-03	193	12	no	no	party_no	0
e3709d249677e285f459ff923cb8eef2	p/CUkkQh1IaXb/	image	2021-10-03	3931	32	no	no	party_no	0
4d3cd7d71e60ad913f89cb051d0f40eb	p/CUkd2nTANXT/	image	2021-10-03	296111	1297	no	no	party_no	1
e3b84111a8245e22e9034fc3a83b3a3b	p/CUkdZaTMjxu/	image	2021-10-03	11135	27	no	no	party_no	0
7b0ad56a98c5c99204fa635d5c66e2e3	p/CUkdKEjM0ZM/	image	2021-10-03	2018	192	no	no	party_no	1
5653c041dc67c29eb0f955a0e5cde4cf	p/CUkSZiPsNwY/	image	2021-10-03	63	2	no	yes	party_no	0
c6c3274af5099ade030972d5ced222b1	tv/CUkRqwqAQOA/	video	2021-10-03	391	15	no	no	party_no	0
0260d8d15a0c0c75ca4aad9479e7de61	p/CUkCXKKtfvm/	image	2021-10-03	1846	28	no	no	party_no	0
41796f0dfe474e750c6ce2898eca1736	p/CUj_NHUsI44/	image	2021-10-03	13801	116	no	yes	party_yes_neg	0
9280b43fc4589291743b48d67b5f8453	p/CUj9kYENt9q/	image	2021-10-03	22644	98	no	no	party_no	1
9be5cad1827883c1d2fb55994d187dc7	p/CUj6f_DsaLy/	image	2021-10-03	0	29	no	yes	party_yes_neg	0
414fd19d3bf27f522543729f1abaf4bf	p/CUj5JqBD0pp/	image	2021-10-03	10450	133	yes	no	party_no	0
c6c3274af5099ade030972d5ced222b1	p/CUj3Rp1Mr2W/	image	2021-10-03	1413	60	no	yes	party_yes_neg	0
30d52d191d094d0c5999ed827021e8a5	p/CUjzxIxM5k3/	image	2021-10-03	2119	60	no	no	party_no	1
bbcfea1530c4aeb2f0a00e2f94064300	p/CUjzmIVNEPL/	image	2021-10-03	3318	43	yes	yes	party_yes_pos	0
7040052f53fff5247ebb6071c14eca72	p/CUjq0r_qhEp/	image	2021-10-03	3535	40	no	yes	party_yes_neg	0
9348b4661a6dbc0004286afb82afd93c	p/CUooLsOMquf/	video	2021-10-05	114	18	yes	no	party_no	1
b645c1a0fe2ac8266cd11de1847e16fc	p/CUn-V6hsVyY/	image	2021-10-04	210	9	yes	yes	party_yes_neg	1
d19d7a97ecc0d202614f86d575122e80	p/CUn7zyINF0m/	image	2021-10-04	40	0	no	no	party_no	0
bbcfea1530c4aeb2f0a00e2f94064300	p/CUnK336tc7K/	image	2021-10-04	537	9	yes	no	party_no	0
7040052f53fff5247ebb6071c14eca72	p/CUnKxMUqpEf/	image	2021-10-04	1611	14	no	yes	party_yes_neg	0
8812e6e135f142629315652e363d740d	p/CUnJly7jTMb/	image	2021-10-04	1542	27	yes	no	party_no	0
e3709d249677e285f459ff923cb8eef2	p/CUnJUiuICs0/	image	2021-10-04	1248	3	no	no	party_no	1
f15f2f073b64cddd0ee21ba60e8dd04a	p/CUnEQXiImsM/	image	2021-10-04	2101	25	no	yes	party_yes_neg	0
4db79e097c0a133b2def2bf254f83dd9	p/CUnCqgjMnw2/	image	2021-10-04	2472	23	yes	yes	party_no	1
2535ad1b1c1c85c3245e969cda1726bd	p/CUm4y5-of-_/	image	2021-10-04	312	3	yes	no	party_no	1
a87b62512ea38bddd84d26e94d8b8376	p/CUmxluNMTnt/	video	2021-10-04	246	2	no	yes	party_yes_neg	0
b79655cd998ca55b7eac33a2ba155d0a	p/CUmwivQjqed/	video	2021-10-04	206	5	no	no	party_no	0
6d28c8b93351a8ccfdaf5b46065c129e	tv/CUmmuwvl0Ij/	video	2021-10-04	577	16	yes	no	party_no	0
6d28c8b93351a8ccfdaf5b46065c129e	p/CUmmrP6sNgq/	image	2021-10-04	203	1	yes	no	party_no	0
6d28c8b93351a8ccfdaf5b46065c129e	p/CUmmqlaMZ-f/	image	2021-10-04	223	2	yes	no	party_no	0
fc9051ee6bee590671e57890af4adea8	p/CUmmMtss3tk/	image	2021-10-04	3606	34	no	no	party_no	1
6d28c8b93351a8ccfdaf5b46065c129e	p/CUmihytso41/	image	2021-10-04	980	12	yes	no	party_no	1
6d28c8b93351a8ccfdaf5b46065c129e	p/CUmidqwMLBY/	image	2021-10-04	469	5	yes	no	party_no	1
6d28c8b93351a8ccfdaf5b46065c129e	p/CUmiZktM47n/	image	2021-10-04	407	1	yes	no	party_no	1
6d28c8b93351a8ccfdaf5b46065c129e	p/CUmiSUTM7P4/	image	2021-10-04	1481	11	yes	yes	party_no	1
6d28c8b93351a8ccfdaf5b46065c129e	p/CUmiNfvsdpI/	image	2021-10-04	628	2	yes	no	party_no	1
6d28c8b93351a8ccfdaf5b46065c129e	p/CUmiC0xskY0/	image	2021-10-04	536	3	no	no	party_no	1
6d28c8b93351a8ccfdaf5b46065c129e	p/CUmh7mpstbh/	image	2021-10-04	411	1	yes	no	party_no	1
6d28c8b93351a8ccfdaf5b46065c129e	p/CUmh01gsR-K/	image	2021-10-04	389	1	yes	no	party_no	1
6d28c8b93351a8ccfdaf5b46065c129e	p/CUmhwivsnNi/	image	2021-10-04	359	1	yes	no	party_no	1
6d28c8b93351a8ccfdaf5b46065c129e	p/CUmhkK2Ma0C/	image	2021-10-04	1203	6	yes	no	party_no	1
6d28c8b93351a8ccfdaf5b46065c129e	p/CUmhfATMFGB/	image	2021-10-04	361	1	yes	no	party_no	1
6d28c8b93351a8ccfdaf5b46065c129e	p/CUmhYr4swmU/	image	2021-10-04	492	1	yes	no	party_no	1
6d28c8b93351a8ccfdaf5b46065c129e	p/CUmhR3YMU_B/	image	2021-10-04	506	2	yes	no	party_no	1
6d28c8b93351a8ccfdaf5b46065c129e	p/CUmhPlcM5GS/	image	2021-10-04	416	3	yes	no	party_no	1
91527dbeb839b49f92fd2ba43724484f	p/CUmed8Ls0y1/	image	2021-10-04	568	14	yes	no	party_no	1
9be5cad1827883c1d2fb55994d187dc7	p/CUmdSnAsq5H/	image	2021-10-04	0	7	yes	no	party_no	0
bbcfea1530c4aeb2f0a00e2f94064300	p/CUrTSUYN6PV/	image	2021-10-06	147	5	yes	no	party_no	0
97b40a328bdb6609dbd6b2d4ba416180	p/CUqXtXZB5Ka/	image	2021-10-05	101933	300	no	no	party_no	1
4d9563cb81f7788272feef0a8db35b66	p/CUqKo-bNjaI/	image	2021-10-05	16840	168	no	no	party_no	0
dbd1313429684accb33e0ceec9274d7b	p/CUqHFnws3vY/	image	2021-10-05	3213	114	no	yes	party_no	0
b3fa9a6b502321f8f0e30b06f69a60ab	p/CUqB4RRooUg/	image	2021-10-05	195	4	no	no	party_no	0
95e1ccd5a31c56d6141fd6d5d61ab17a	p/CUp8KWpMvFX/	image	2021-10-05	7320	92	no	yes	party_yes_neg	0
63380ce6bc4b0ca331f8919b3615e41d	p/CUp1dKStypj/	image	2021-10-05	77392	850	no	yes	party_no	1
04c60c55696c64c0abe0c3fd65eac3a5	p/CUpz4jiMMJB/	image	2021-10-05	1646	37	no	no	party_no	1
509fd100a396a6346c9af819821e4d31	p/CUpza0hLoT9/	image	2021-10-05	358	0	no	no	party_no	0
9280b43fc4589291743b48d67b5f8453	p/CUpxzy0NfO9/	image	2021-10-05	10585	42	yes	no	party_no	1
18bb3a1994c6ac4d5d434ebbbc9ac438	p/CUpxRBtM1rp/	image	2021-10-05	540	11	no	no	party_no	1
dc9512ec1ce1e86aa1f440bd9000ba2b	p/CUpv1AmoLV3/	image	2021-10-05	2188	17	no	no	party_no	0
0260d8d15a0c0c75ca4aad9479e7de61	p/CUpvwH7ts3E/	image	2021-10-05	1700	48	no	no	party_no	1
c6c3274af5099ade030972d5ced222b1	p/CUptzKTsAu7/	image	2021-10-05	440	3	no	yes	party_yes_neg	0
578d7fb61abacbf376d68e402bccb27d	p/CUptKctMunW/	image	2021-10-05	1398	36	no	yes	party_yes_pos	0
04efabf9ee38896016be90e0a36f0116	p/CUppnZKoqNo/	image	2021-10-05	101	3	yes	no	party_no	0
9be5cad1827883c1d2fb55994d187dc7	p/CUpnfhJsnVa/	image	2021-10-05	0	34	yes	yes	party_yes_pos	0
d19d7a97ecc0d202614f86d575122e80	p/CUpi7_xjrcP/	video	2021-10-05	145	10	no	yes	party_no	0
44532d9df81f73c4cba293f99de2e3cf	p/CUpZSh6I6zv/	image	2021-10-05	9654	30	no	no	party_no	0
4d3cd7d71e60ad913f89cb051d0f40eb	p/CUpUpX5Ao2k/	image	2021-10-05	141960	213	yes	no	party_no	1
9280b43fc4589291743b48d67b5f8453	tv/CUpTxg2FgRY/	video	2021-10-05	4816	130	yes	no	party_no	0
e6becd86c1252e619006b2c554bc68b1	p/CUpQxQgIiX8/	image	2021-10-05	7269	61	yes	no	party_no	1
8a20805268a91bf8fc6bb42a3cf942da	p/CUpOQA_jdBs/	video	2021-10-05	211	4	yes	no	party_no	0
b645c1a0fe2ac8266cd11de1847e16fc	p/CUpL5cysReO/	image	2021-10-05	258	1	no	yes	party_yes_pos	1
084bc5eda4c65fe9c3483d53ea84a4f8	p/CUpF7QpD6X8/	image	2021-10-05	10656	52	yes	yes	party_no	0
46bcd29bb252a121e323f3a2c91d9e9d	p/CUpFkakMFL9/	image	2021-10-05	26950	150	no	yes	party_yes_neg	0
bf0477239c7c653961cd1a9dab396cf1	p/CUpDnmvg4qQ/	image	2021-10-05	8240	48	no	no	party_no	1
beb7a24bb66e7c1b3e1d41bacb6186b4	tv/CUpBv98AuS9/	video	2021-10-05	1155	26	no	yes	party_no	0
bbcfea1530c4aeb2f0a00e2f94064300	p/CUt7h4lt4Xp/	image	2021-10-07	112	7	yes	no	party_no	1
e3b84111a8245e22e9034fc3a83b3a3b	p/CUtuknWMo30/	image	2021-10-07	5932	50	no	no	party_no	0
421ce1b028eee70a26e9962a2b31829d	p/CUsvTWNI2m5/	image	2021-10-06	2051	8	yes	no	party_no	0
bf0477239c7c653961cd1a9dab396cf1	p/CUstyVSgVB5/	image	2021-10-06	8379	61	no	no	party_no	1
bbcfea1530c4aeb2f0a00e2f94064300	p/CUssIBUNX1v/	image	2021-10-06	578	8	no	yes	party_yes_neg	0
a51f9cc0b672c20636dba6bd665f0143	p/CUsp7zOoS6C/	image	2021-10-06	78992	353	yes	no	party_no	1
bb1f5d9b28b863be028ed293a9695ac6	p/CUslKcZsZZE/	image	2021-10-06	28129	193	yes	no	party_no	1
6de3f6b28222b00127fc038bf7bb4f33	p/CUskFaVs5HO/	image	2021-10-06	764	44	yes	no	party_no	1
e3709d249677e285f459ff923cb8eef2	p/CUsjiPuorGr/	image	2021-10-06	1736	125	yes	no	party_no	1
843995b2f47a14055d3723f8a8617456	tv/CUsgJMwPeFE/	video	2021-10-06	132	2	no	no	party_no	0
0260d8d15a0c0c75ca4aad9479e7de61	p/CUsfPYRtM1o/	image	2021-10-06	1299	6	yes	no	party_no	1
30d52d191d094d0c5999ed827021e8a5	p/CUsdYVTMmuX/	image	2021-10-06	1261	27	no	no	party_no	1
843995b2f47a14055d3723f8a8617456	tv/CUsdNQQt9Q9/	video	2021-10-06	55	2	no	no	party_no	0
64bdaea8f3443e40b6eb6cb6df43e6f1	p/CUscTntoj2f/	image	2021-10-06	2491	7	no	no	party_no	0
084bc5eda4c65fe9c3483d53ea84a4f8	p/CUscCxdD3iR/	image	2021-10-06	22014	141	no	no	party_no	0
509fd100a396a6346c9af819821e4d31	p/CUsbrbIMwfy/	image	2021-10-06	4042	77	no	no	party_no	1
8812e6e135f142629315652e363d740d	p/CUsZRWhDMme/	image	2021-10-06	2531	18	no	no	party_no	0
46bcd29bb252a121e323f3a2c91d9e9d	p/CUsYorBNBMa/	image	2021-10-06	13267	88	no	yes	party_yes_neg	0
7a775131d1c2e8d51ff2962e7002d4d6	p/CUsYdZ_sYwq/	image	2021-10-06	7434	186	no	yes	party_no	1
a87b62512ea38bddd84d26e94d8b8376	p/CUsSqh8sZA_/	image	2021-10-06	1657	52	no	yes	party_yes_neg	0
7040052f53fff5247ebb6071c14eca72	p/CUsMvHoKWuB/	image	2021-10-06	1762	29	no	yes	party_yes_neg	1
18bb3a1994c6ac4d5d434ebbbc9ac438	p/CUsDcOdMaWP/	image	2021-10-06	1812	17	no	no	party_no	1
d19d7a97ecc0d202614f86d575122e80	p/CUsC8PjNXhf/	image	2021-10-06	33	1	yes	no	party_no	0
d19d7a97ecc0d202614f86d575122e80	p/CUsC3caNf3y/	image	2021-10-06	31	2	yes	no	party_no	0
e3709d249677e285f459ff923cb8eef2	p/CUr5TQEIO5a/	image	2021-10-06	2834	14	no	no	party_no	1
2535ad1b1c1c85c3245e969cda1726bd	p/CUr4O5YIc3-/	image	2021-10-06	83	2	yes	no	party_no	1
4d9563cb81f7788272feef0a8db35b66	p/CUrzV0SNelr/	image	2021-10-06	5236	56	no	no	party_no	0
6d28c8b93351a8ccfdaf5b46065c129e	p/CUrvE-CMkV8/	image	2021-10-06	1004	18	yes	no	party_no	0
6d28c8b93351a8ccfdaf5b46065c129e	tv/CUru5RQlfpo/	video	2021-10-06	15	0	yes	no	party_no	0
6d28c8b93351a8ccfdaf5b46065c129e	tv/CUruq0ElchB/	video	2021-10-06	188	3	yes	yes	party_no	0
91527dbeb839b49f92fd2ba43724484f	p/CUrt-OdsiK6/	image	2021-10-06	770	35	no	no	party_no	1
6d28c8b93351a8ccfdaf5b46065c129e	p/CUrrQ9Ws7Wt/	image	2021-10-06	199	2	yes	no	party_no	0
6d28c8b93351a8ccfdaf5b46065c129e	p/CUrrM80MBGX/	image	2021-10-06	107	0	yes	no	party_no	0
2901627895163b68e80ed17c4d72f13b	p/CUwb7zpsZLh/	image	2021-10-08	883	21	yes	no	party_no	1
8a20805268a91bf8fc6bb42a3cf942da	tv/CUv762KoUwP/	video	2021-10-08	60	1	no	no	party_no	0
50ae8a403ea23858fe2dce4149927d95	tv/CUvWg6kI-30/	video	2021-10-07	342	12	yes	yes	party_yes_pos	1
dbd1313429684accb33e0ceec9274d7b	p/CUvQlEqsvmX/	image	2021-10-07	2180	94	no	no	party_no	0
4d9563cb81f7788272feef0a8db35b66	p/CUvQa0rNNwG/	image	2021-10-07	24020	292	no	no	party_no	0
a51f9cc0b672c20636dba6bd665f0143	p/CUvOpbiIalz/	image	2021-10-07	61752	157	no	no	party_no	1
04efabf9ee38896016be90e0a36f0116	p/CUvOPLGIZF0/	image	2021-10-07	161	5	no	no	party_no	1
e3b84111a8245e22e9034fc3a83b3a3b	p/CUvMpb8siGb/	image	2021-10-07	4548	36	yes	yes	party_no	1
717d66373741268b2293e72655414b72	p/CUvMGkgjKzh/	image	2021-10-07	6863	70	no	no	party_no	0
7b0ad56a98c5c99204fa635d5c66e2e3	p/CUvFxvCM9ag/	image	2021-10-07	4448	62	no	no	party_no	0
d19d7a97ecc0d202614f86d575122e80	p/CUvECwyjdFl/	video	2021-10-07	93	1	no	no	party_no	0
6d28c8b93351a8ccfdaf5b46065c129e	p/CUvDjMwsqGW/	image	2021-10-07	114	1	yes	no	party_no	0
6d28c8b93351a8ccfdaf5b46065c129e	p/CUvDfC9sIup/	image	2021-10-07	70	0	yes	no	party_no	0
6de3f6b28222b00127fc038bf7bb4f33	tv/CUvARozK5ow/	video	2021-10-07	87	4	yes	yes	party_no	0
fc9051ee6bee590671e57890af4adea8	p/CUu_8NuM_Zi/	image	2021-10-07	2479	264	yes	no	party_no	1
63380ce6bc4b0ca331f8919b3615e41d	p/CUu_F0JNQX1/	image	2021-10-07	55243	631	no	no	party_no	1
f9794eccdcb70857e906c191cd262179	p/CUu-DpJo_cy/	image	2021-10-07	210	17	no	no	party_no	0
44532d9df81f73c4cba293f99de2e3cf	p/CUu5Efao9Jo/	image	2021-10-07	8983	24	yes	no	party_no	1
509fd100a396a6346c9af819821e4d31	p/CUu4PgWsw1c/	image	2021-10-07	837	28	yes	no	party_no	1
f15f2f073b64cddd0ee21ba60e8dd04a	p/CUu4Nr_oG82/	image	2021-10-07	1405	7	yes	no	party_no	1
7040052f53fff5247ebb6071c14eca72	p/CUuxMU8q2f5/	image	2021-10-07	468	6	yes	yes	party_yes_neg	1
eca2f9b2c9316bd55ebfa59a772625f9	p/CUusbpcNYpy/	image	2021-10-07	35168	115	yes	no	party_no	1
2535ad1b1c1c85c3245e969cda1726bd	p/CUurQikocBj/	image	2021-10-07	356	10	no	no	party_no	1
9be5cad1827883c1d2fb55994d187dc7	p/CUuYXTkMAyZ/	image	2021-10-07	0	1	yes	yes	party_yes_pos	0
02d2362a9cbe48bf56e74123a5d17a51	p/CUuWVpDs-dT/	image	2021-10-07	915	30	yes	yes	party_yes_neg	0
e3709d249677e285f459ff923cb8eef2	p/CUuUOdOojKE/	image	2021-10-07	686	1	no	no	party_no	1
3f4101f715d42d39a3df3dd0057c3e07	p/CUuTHUKMx06/	image	2021-10-07	834	7	yes	no	party_no	0
421ce1b028eee70a26e9962a2b31829d	p/CUuSjNkoO1a/	image	2021-10-07	3488	25	yes	yes	party_no	1
a51f9cc0b672c20636dba6bd665f0143	p/CUzC_K6If8B/	image	2021-10-09	20835	166	yes	no	party_no	1
843995b2f47a14055d3723f8a8617456	p/CUzBiaXMAEy/	image	2021-10-09	260	1	no	yes	party_yes_neg	0
46bcd29bb252a121e323f3a2c91d9e9d	p/CUx7o3rNgi4/	image	2021-10-08	5443	40	no	yes	party_yes_pos	1
44532d9df81f73c4cba293f99de2e3cf	p/CUx6jbooyl9/	image	2021-10-08	8993	35	no	no	party_no	0
c914dca22e622d4ada9246f9f4170126	p/CUxyP-ZoXZV/	image	2021-10-08	553	6	yes	no	party_no	1
fc9051ee6bee590671e57890af4adea8	p/CUxmQQDsPcS/	image	2021-10-08	2638	37	no	no	party_no	1
bf0477239c7c653961cd1a9dab396cf1	p/CUxlYbfsAqi/	image	2021-10-08	3212	30	yes	no	party_no	1
04c60c55696c64c0abe0c3fd65eac3a5	p/CUxlF1yMK6E/	image	2021-10-08	1168	30	no	no	party_no	1
6d28c8b93351a8ccfdaf5b46065c129e	p/CUxdjRbrORd/	image	2021-10-08	121	2	yes	no	party_no	0
6d28c8b93351a8ccfdaf5b46065c129e	p/CUxddpbLIiB/	image	2021-10-08	265	0	yes	no	party_no	0
30d52d191d094d0c5999ed827021e8a5	p/CUxdRnCsftx/	image	2021-10-08	1446	15	yes	no	party_no	1
6d28c8b93351a8ccfdaf5b46065c129e	p/CUxcmpCrsFA/	image	2021-10-08	198	4	yes	no	party_no	0
0260d8d15a0c0c75ca4aad9479e7de61	p/CUxb122tekZ/	image	2021-10-08	2398	44	yes	no	party_no	0
8812e6e135f142629315652e363d740d	p/CUxZUWCjkWy/	video	2021-10-08	1701	60	yes	no	party_no	0
e6becd86c1252e619006b2c554bc68b1	p/CUxZJtVoCSi/	image	2021-10-08	11275	113	no	no	party_no	0
999ca23c12d60d2ffe616d20886ea3d5	p/CUxX-_MoRfT/	image	2021-10-08	8693	51	no	no	party_no	1
e3709d249677e285f459ff923cb8eef2	p/CUxVlZjIz_O/	image	2021-10-08	1958	11	no	no	party_no	0
9280b43fc4589291743b48d67b5f8453	p/CUxRI5SFGIw/	video	2021-10-08	2605	22	yes	no	party_no	0
d19d7a97ecc0d202614f86d575122e80	p/CUxRGefNFxI/	image	2021-10-08	117	3	no	yes	party_yes_neg	0
1f1cce919dd7476d910282e2048c4ed6	p/CUxPlpJMVrs/	image	2021-10-08	635	33	no	yes	party_no	0
843995b2f47a14055d3723f8a8617456	p/CUxM9L_MXRJ/	image	2021-10-08	1170	20	yes	yes	party_yes_neg	0
18bb3a1994c6ac4d5d434ebbbc9ac438	p/CUxL-9tspvQ/	image	2021-10-08	533	0	yes	no	party_no	1
eca2f9b2c9316bd55ebfa59a772625f9	p/CUxKq3qA7Rr/	image	2021-10-08	36180	102	yes	no	party_no	0
4d3cd7d71e60ad913f89cb051d0f40eb	p/CUxIcF1ADoT/	image	2021-10-08	60720	118	yes	no	party_no	1
beb7a24bb66e7c1b3e1d41bacb6186b4	p/CUxFzJ1sJuX/	image	2021-10-08	6362	52	no	no	party_no	0
f3775ce4f11fcabeb916f3c1d2eb4985	p/CUxDAddM1dK/	image	2021-10-08	281	13	yes	yes	party_no	1
b3fa9a6b502321f8f0e30b06f69a60ab	tv/CUw7JXGIz4j/	video	2021-10-08	74	5	no	yes	party_yes_neg	0
9be5cad1827883c1d2fb55994d187dc7	p/CUw7ZssAgZA/	video	2021-10-08	374	1	yes	yes	party_yes_pos	0
9348b4661a6dbc0004286afb82afd93c	p/CUw2FbwMQ_k/	image	2021-10-08	394	33	no	no	party_no	0
91527dbeb839b49f92fd2ba43724484f	p/CUwzrF9ssnm/	image	2021-10-08	639	21	yes	no	party_yes_pos	1
d19d7a97ecc0d202614f86d575122e80	p/CU1lhilD5Dk/	video	2021-10-10	18	0	no	yes	party_yes_neg	0
04efabf9ee38896016be90e0a36f0116	p/CU0TXi7IYbF/	image	2021-10-09	135	13	no	no	party_no	0
8a20805268a91bf8fc6bb42a3cf942da	p/CU0L92qDUiw/	video	2021-10-09	371	18	no	no	party_no	0
50ae8a403ea23858fe2dce4149927d95	tv/CU0JSHWoHjp/	video	2021-10-09	548	6	no	yes	party_no	0
63380ce6bc4b0ca331f8919b3615e41d	p/CU0In2YtOQF/	image	2021-10-09	64166	2231	no	no	party_no	1
4d9563cb81f7788272feef0a8db35b66	p/CU0GW4pN5bZ/	image	2021-10-09	20281	437	no	no	party_no	0
084bc5eda4c65fe9c3483d53ea84a4f8	p/CU0Bw7FDuBs/	image	2021-10-09	14111	60	no	no	party_no	0
6d28c8b93351a8ccfdaf5b46065c129e	p/CUz8f4aspVs/	image	2021-10-09	110	1	yes	no	party_no	0
6d28c8b93351a8ccfdaf5b46065c129e	p/CUz8Y6hspSC/	image	2021-10-09	1295	6	yes	yes	party_no	1
d19d7a97ecc0d202614f86d575122e80	p/CUz66aWtpun/	image	2021-10-09	67	0	no	no	party_no	0
bbcfea1530c4aeb2f0a00e2f94064300	p/CUz0qD2Nqy8/	image	2021-10-09	719	22	no	no	party_no	0
509fd100a396a6346c9af819821e4d31	p/CUzziBCM9IS/	image	2021-10-09	877	9	no	no	party_no	0
18bb3a1994c6ac4d5d434ebbbc9ac438	p/CUzyaf2DwnC/	image	2021-10-09	962	5	no	no	party_no	1
7040052f53fff5247ebb6071c14eca72	p/CUznBw8tQhW/	image	2021-10-09	3128	34	no	yes	party_yes_neg	1
421ce1b028eee70a26e9962a2b31829d	p/CUzjc2WI42J/	image	2021-10-09	2088	5	no	no	party_no	0
6d28c8b93351a8ccfdaf5b46065c129e	p/CUzimWcs2XW/	image	2021-10-09	467	6	yes	yes	party_no	1
8a20805268a91bf8fc6bb42a3cf942da	p/CUzYtNbsHuH/	image	2021-10-09	528	24	no	yes	party_yes_neg	0
44532d9df81f73c4cba293f99de2e3cf	p/CU3FqxWoURx/	image	2021-10-10	9556	45	no	no	party_no	1
bf0477239c7c653961cd1a9dab396cf1	p/CU3CnF8AsXY/	image	2021-10-10	8730	54	no	no	party_no	0
c914dca22e622d4ada9246f9f4170126	p/CU2_g_YoYjV/	image	2021-10-10	779	18	no	no	party_no	0
998426ae2619d42a0549fba42cf19317	p/CU2-pyGMFjm/	image	2021-10-10	0	135	no	no	party_yes_neg	0
f9794eccdcb70857e906c191cd262179	p/CU29DGXo6_u/	image	2021-10-10	249	11	no	no	party_no	0
97b40a328bdb6609dbd6b2d4ba416180	p/CU25IIvNgg8/	image	2021-10-10	196739	2619	yes	no	party_no	0
fc9051ee6bee590671e57890af4adea8	p/CU20_XRMgzI/	image	2021-10-10	2530	47	no	no	party_no	1
04c60c55696c64c0abe0c3fd65eac3a5	p/CU20DuPMRHJ/	image	2021-10-10	1469	71	no	no	party_no	1
999ca23c12d60d2ffe616d20886ea3d5	p/CU2zMWAIsdg/	image	2021-10-10	4981	23	no	no	party_no	1
5653c041dc67c29eb0f955a0e5cde4cf	p/CU2y_BRMF0L/	image	2021-10-10	36	1	no	no	party_no	0
6de3f6b28222b00127fc038bf7bb4f33	p/CU2wfOcM4Rk/	image	2021-10-10	439	41	yes	yes	party_no	0
843995b2f47a14055d3723f8a8617456	p/CU2v5HhMKrD/	image	2021-10-10	675	3	no	yes	party_yes_neg	0
02d2362a9cbe48bf56e74123a5d17a51	p/CU2vTl9MvHz/	image	2021-10-10	124	1	no	no	party_no	0
63380ce6bc4b0ca331f8919b3615e41d	p/CU2tiVet9Xy/	image	2021-10-10	105023	1603	no	no	party_no	1
4db79e097c0a133b2def2bf254f83dd9	p/CU2s8BuMO76/	image	2021-10-10	8001	139	no	no	party_no	1
7040052f53fff5247ebb6071c14eca72	p/CU2sDdRtxGr/	image	2021-10-10	1175	9	no	no	party_no	1
18bb3a1994c6ac4d5d434ebbbc9ac438	p/CU2rVSUMsyC/	image	2021-10-10	1567	16	no	no	party_no	1
7a775131d1c2e8d51ff2962e7002d4d6	p/CU2qZ7WMYLe/	image	2021-10-10	7281	117	no	yes	party_no	1
4d9563cb81f7788272feef0a8db35b66	p/CU2jXA4tQIs/	image	2021-10-10	22942	467	no	no	party_no	0
6d28c8b93351a8ccfdaf5b46065c129e	p/CU2fbnps6AW/	image	2021-10-10	552	2	yes	yes	party_no	1
6d28c8b93351a8ccfdaf5b46065c129e	p/CU2fI3as_j-/	image	2021-10-10	113	0	yes	no	party_no	0
6d28c8b93351a8ccfdaf5b46065c129e	p/CU2fD8uMGby/	image	2021-10-10	90	0	yes	no	party_no	0
d19d7a97ecc0d202614f86d575122e80	p/CU2drrWNKD9/	image	2021-10-10	134	4	yes	no	party_no	0
d19d7a97ecc0d202614f86d575122e80	p/CU2dIeDNxc_/	image	2021-10-10	61	1	no	yes	party_yes_neg	0
d77e6efe2975c90db6471402061abcf7	p/CU2a__Jsq9-/	image	2021-10-10	175	3	yes	no	party_no	0
1f1cce919dd7476d910282e2048c4ed6	p/CU2XOK7MnO1/	image	2021-10-10	494	64	no	no	party_no	1
f33c10f173a676eedcf535592d3e6812	p/CU2T9t7NYZ2/	image	2021-10-10	695	21	no	no	party_no	1
578d7fb61abacbf376d68e402bccb27d	p/CU2I3gXMrq7/	image	2021-10-10	2482	25	no	no	party_no	0
9280b43fc4589291743b48d67b5f8453	p/CU2EUYQF-pa/	video	2021-10-10	2618	11	yes	no	party_no	0
c914dca22e622d4ada9246f9f4170126	p/CU2DBqSoY-9/	image	2021-10-10	1897	32	no	yes	party_yes_neg	0
5653c041dc67c29eb0f955a0e5cde4cf	p/CU2BQ61sJ2b/	image	2021-10-10	65	0	no	no	party_no	0
b79655cd998ca55b7eac33a2ba155d0a	p/CU1__visVCr/	image	2021-10-10	730	20	no	no	party_no	1
e3709d249677e285f459ff923cb8eef2	p/CU1-7n1Ilyu/	image	2021-10-10	2462	20	no	no	party_no	1
509fd100a396a6346c9af819821e4d31	p/CU18zG9sikn/	image	2021-10-10	372	4	no	no	party_no	1
91527dbeb839b49f92fd2ba43724484f	p/CU17iUbsG-G/	image	2021-10-10	293	21	no	no	party_no	1
2901627895163b68e80ed17c4d72f13b	p/CU6yRBJs9RF/	image	2021-10-12	738	8	no	no	party_no	0
8ff35745e419d6dfedd47713b9c8a2c2	p/CU6fLcPo77x/	image	2021-10-12	1217	26	no	no	party_no	1
8a20805268a91bf8fc6bb42a3cf942da	tv/CU58XLfIqyq/	video	2021-10-11	58	3	no	yes	party_yes_neg	0
9280b43fc4589291743b48d67b5f8453	p/CU5rB6yNLJL/	image	2021-10-11	22387	36	no	no	party_no	1
843995b2f47a14055d3723f8a8617456	p/CU5pj6asNjb/	image	2021-10-11	828	10	no	yes	party_yes_neg	0
dbd1313429684accb33e0ceec9274d7b	p/CU5jqQysdFk/	image	2021-10-11	2573	107	no	no	party_no	0
4d9563cb81f7788272feef0a8db35b66	p/CU5h-LbNEDE/	image	2021-10-11	4867	86	yes	no	party_no	0
717d66373741268b2293e72655414b72	p/CU5exG0jIHC/	image	2021-10-11	6671	141	no	yes	party_no	1
fc9051ee6bee590671e57890af4adea8	p/CU5Wk5RsOhW/	image	2021-10-11	2886	43	yes	no	party_no	1
6d28c8b93351a8ccfdaf5b46065c129e	p/CU5WOHzsP1Q/	image	2021-10-11	106	0	yes	no	party_no	0
6d28c8b93351a8ccfdaf5b46065c129e	p/CU5WDGYsyAs/	image	2021-10-11	639	6	yes	no	party_no	1
6d28c8b93351a8ccfdaf5b46065c129e	p/CU5V0x3s_CW/	image	2021-10-11	65	0	yes	no	party_no	0
30d52d191d094d0c5999ed827021e8a5	p/CU5Vw39s5Rl/	image	2021-10-11	1268	24	yes	yes	party_no	1
5653c041dc67c29eb0f955a0e5cde4cf	p/CU5SMV4FrM6/	video	2021-10-11	33	2	no	no	party_no	0
e3709d249677e285f459ff923cb8eef2	p/CU5PZYfIiyY/	image	2021-10-11	1792	7	yes	no	party_no	1
e6becd86c1252e619006b2c554bc68b1	p/CU5PLBrogJ2/	image	2021-10-11	9767	79	no	no	party_no	0
d19d7a97ecc0d202614f86d575122e80	p/CU5PH1wNi34/	image	2021-10-11	72	1	yes	yes	party_yes_neg	0
165f4ad1f616ac1f05281d947d0a1a97	p/CU5Lb5nseYw/	image	2021-10-11	682	44	yes	yes	party_no	0
2535ad1b1c1c85c3245e969cda1726bd	p/CU5LHk_oxZi/	image	2021-10-11	164	5	no	no	party_no	1
9348b4661a6dbc0004286afb82afd93c	p/CU5K9hzM5pd/	image	2021-10-11	335	35	yes	no	party_no	1
d19d7a97ecc0d202614f86d575122e80	p/CU5I3tINHRo/	image	2021-10-11	95	0	no	yes	party_no	0
421ce1b028eee70a26e9962a2b31829d	p/CU5FQH5oMQk/	image	2021-10-11	8801	42	yes	no	party_no	0
f15f2f073b64cddd0ee21ba60e8dd04a	p/CU5DNzvIyVJ/	image	2021-10-11	6192	61	no	yes	party_yes_pos	0
d13d5512de5a773e1e28bf34408b4413	p/CU47sGUlHTe/	video	2021-10-11	215	19	yes	yes	party_yes_neg	0
d77e6efe2975c90db6471402061abcf7	p/CU40juNMzxZ/	image	2021-10-11	1376	39	no	yes	party_yes_neg	0
9be5cad1827883c1d2fb55994d187dc7	p/CU4oTKYs0Au/	image	2021-10-11	0	40	no	yes	party_yes_neg	0
5653c041dc67c29eb0f955a0e5cde4cf	p/CU4nUVYs7S_/	image	2021-10-11	44	5	no	no	party_no	0
b3fa9a6b502321f8f0e30b06f69a60ab	p/CU4mhyjIu7_/	image	2021-10-11	35	0	yes	yes	party_no	1
c6c3274af5099ade030972d5ced222b1	p/CU4iRlOMT78/	image	2021-10-11	6036	228	no	yes	party_yes_neg	0
17a5f19a99b3cf48a48b91f6808d8030	p/CU9VhjSInIA/	image	2021-10-13	0	4	no	no	party_no	0
f33c10f173a676eedcf535592d3e6812	p/CU9TegDNEnn/	image	2021-10-13	189	12	no	no	party_no	1
9348b4661a6dbc0004286afb82afd93c	p/CU9TXoCsPvO/	image	2021-10-13	151	42	no	no	party_no	0
8ff35745e419d6dfedd47713b9c8a2c2	p/CU9HC9HIN7A/	image	2021-10-13	886	50	yes	no	party_no	1
0260d8d15a0c0c75ca4aad9479e7de61	p/CU8GR-9NR6s/	image	2021-10-12	1389	30	no	no	party_no	0
998426ae2619d42a0549fba42cf19317	p/CU8CupAs3EA/	image	2021-10-12	0	89	no	no	party_no	0
421ce1b028eee70a26e9962a2b31829d	p/CU8Bq6LIO9Q/	image	2021-10-12	5706	19	yes	no	party_no	1
95e1ccd5a31c56d6141fd6d5d61ab17a	p/CU76mr4sLbA/	image	2021-10-12	3550	40	no	yes	party_yes_neg	0
63380ce6bc4b0ca331f8919b3615e41d	p/CU76idKtZyw/	image	2021-10-12	62131	476	no	no	party_no	1
95e1ccd5a31c56d6141fd6d5d61ab17a	p/CU75yLiMpzG/	image	2021-10-12	910	9	yes	no	party_no	0
414fd19d3bf27f522543729f1abaf4bf	p/CU75GQsjf4e/	image	2021-10-12	9218	57	no	no	party_no	1
f9794eccdcb70857e906c191cd262179	p/CU74B0NII0S/	image	2021-10-12	0	54	no	yes	party_yes_pos	0
4d9563cb81f7788272feef0a8db35b66	tv/CU73osXlCCl/	video	2021-10-12	8683	304	no	no	party_no	0
e3709d249677e285f459ff923cb8eef2	p/CU73F1LsG7F/	image	2021-10-12	1949	9	yes	no	party_no	1
5653c041dc67c29eb0f955a0e5cde4cf	tv/CU7za7nFObk/	video	2021-10-12	23	0	no	no	party_no	0
4db79e097c0a133b2def2bf254f83dd9	p/CU7wlxdM6d6/	image	2021-10-12	3743	136	no	yes	party_no	0
1411160f41f5bc887e062a57fe62d548	p/CU7wPX9s0co/	image	2021-10-12	107	2	yes	no	party_no	1
5653c041dc67c29eb0f955a0e5cde4cf	p/CU7sMQys9Ak/	image	2021-10-12	28	2	yes	no	party_no	0
7040052f53fff5247ebb6071c14eca72	p/CU7rW1YqfuR/	image	2021-10-12	4988	154	no	yes	party_yes_neg	0
578d7fb61abacbf376d68e402bccb27d	p/CU7oC2_MthG/	image	2021-10-12	949	24	no	no	party_no	1
6d28c8b93351a8ccfdaf5b46065c129e	p/CU7nRfzs3iS/	image	2021-10-12	479	9	yes	no	party_no	1
6d28c8b93351a8ccfdaf5b46065c129e	p/CU7lwZHMKPY/	image	2021-10-12	296	9	yes	yes	party_no	1
6d28c8b93351a8ccfdaf5b46065c129e	p/CU7kUb7spcs/	image	2021-10-12	105	0	yes	no	party_no	0
7b0ad56a98c5c99204fa635d5c66e2e3	tv/CU7hqpXlhG3/	video	2021-10-12	4408	179	no	no	party_no	0
18bb3a1994c6ac4d5d434ebbbc9ac438	p/CU7gjsRMJVb/	image	2021-10-12	744	9	yes	no	party_no	1
02d2362a9cbe48bf56e74123a5d17a51	p/CU7Woo_s-Eq/	image	2021-10-12	435	7	no	no	party_no	0
7b0ad56a98c5c99204fa635d5c66e2e3	tv/CU7VZBWlhcl/	video	2021-10-12	1748	82	no	no	party_no	0
9be5cad1827883c1d2fb55994d187dc7	p/CU7TeBAs4Vu/	image	2021-10-12	0	20	no	yes	party_yes_neg	0
46bcd29bb252a121e323f3a2c91d9e9d	p/CU7P83FNRlr/	image	2021-10-12	22341	273	no	yes	party_yes_neg	0
44532d9df81f73c4cba293f99de2e3cf	p/CU7Kqg8oz0S/	image	2021-10-12	13381	48	no	no	party_no	0
e3709d249677e285f459ff923cb8eef2	p/CU7ERVIoUQB/	image	2021-10-12	508	1	no	no	party_no	1
f33c10f173a676eedcf535592d3e6812	p/CU_5JCyMTAY/	image	2021-10-14	190	12	no	no	party_no	1
a51f9cc0b672c20636dba6bd665f0143	p/CU-sGVEoXr5/	image	2021-10-13	43866	156	yes	no	party_no	1
fc9051ee6bee590671e57890af4adea8	p/CU-mk_5s-dd/	image	2021-10-13	2820	75	no	no	party_no	1
eca2f9b2c9316bd55ebfa59a772625f9	p/CU-ltJ8gaV8/	image	2021-10-13	31185	106	yes	no	party_no	0
c914dca22e622d4ada9246f9f4170126	p/CU-lIfnoZq0/	image	2021-10-13	1264	18	no	no	party_no	0
717d66373741268b2293e72655414b72	p/CU-jrgWjOAm/	image	2021-10-13	4597	52	no	no	party_no	1
d19d7a97ecc0d202614f86d575122e80	p/CU-e4abj9dI/	video	2021-10-13	113	7	no	no	party_no	0
e3709d249677e285f459ff923cb8eef2	p/CU-Xg0WoGfh/	image	2021-10-13	1616	8	no	no	party_no	1
6d28c8b93351a8ccfdaf5b46065c129e	p/CU-SqGSMAXQ/	image	2021-10-13	80	0	yes	no	party_no	0
6d28c8b93351a8ccfdaf5b46065c129e	p/CU-SkieMiGJ/	image	2021-10-13	84	0	yes	no	party_no	0
6d28c8b93351a8ccfdaf5b46065c129e	tv/CU-Rq9plU7s/	video	2021-10-13	381	15	yes	yes	party_no	0
4305f7ad511de6ee2ba458c283177399	p/CU-MtinqqrE/	image	2021-10-13	1500	18	no	no	party_no	0
02d2362a9cbe48bf56e74123a5d17a51	p/CU-LprNMmdQ/	image	2021-10-13	265	6	no	yes	party_yes_neg	0
64bdaea8f3443e40b6eb6cb6df43e6f1	p/CU-Kw5RoEvD/	image	2021-10-13	9424	25	no	no	party_no	0
2535ad1b1c1c85c3245e969cda1726bd	p/CU991_kIzi0/	image	2021-10-13	495	19	yes	no	party_no	1
999ca23c12d60d2ffe616d20886ea3d5	p/CU97056Iag0/	image	2021-10-13	5306	47	no	no	party_no	1
9be5cad1827883c1d2fb55994d187dc7	p/CU96mYYs0ir/	image	2021-10-13	0	42	no	yes	party_yes_neg	0
e3709d249677e285f459ff923cb8eef2	p/CU923UkIM58/	image	2021-10-13	590	0	no	no	party_no	1
dc9512ec1ce1e86aa1f440bd9000ba2b	p/CU9xcRJI1SC/	image	2021-10-13	3116	35	yes	yes	party_no	0
bbcfea1530c4aeb2f0a00e2f94064300	p/CVCiKl0jyfU/	image	2021-10-15	193	7	no	yes	party_yes_neg	0
8ff35745e419d6dfedd47713b9c8a2c2	p/CVCQhZ7oDaB/	image	2021-10-15	732	18	no	no	party_no	1
578d7fb61abacbf376d68e402bccb27d	p/CVBgevXMVnw/	image	2021-10-14	5755	89	no	yes	party_no	0
b79655cd998ca55b7eac33a2ba155d0a	p/CVBXHZpsbl9/	image	2021-10-14	538	18	no	no	party_no	0
95e1ccd5a31c56d6141fd6d5d61ab17a	tv/CVBUmehl1fR/	video	2021-10-14	451	4	no	no	party_no	0
95e1ccd5a31c56d6141fd6d5d61ab17a	tv/CVBSHEaFasf/	video	2021-10-14	337	8	no	no	party_no	0
dbd1313429684accb33e0ceec9274d7b	p/CVBSEJFs9YT/	image	2021-10-14	4019	214	no	yes	party_no	0
d13d5512de5a773e1e28bf34408b4413	p/CVBQqmVAbI7/	video	2021-10-14	139	8	yes	no	party_no	0
998426ae2619d42a0549fba42cf19317	p/CVBQsXisPTF/	image	2021-10-14	0	44	no	no	party_no	0
f9794eccdcb70857e906c191cd262179	p/CVBLB02oE_t/	image	2021-10-14	217	27	no	no	party_no	0
e3709d249677e285f459ff923cb8eef2	p/CVBIjGwo7E8/	image	2021-10-14	828	1	yes	no	party_no	1
50ae8a403ea23858fe2dce4149927d95	p/CVBGxOPIFWv/	image	2021-10-14	11650	236	no	yes	party_no	0
9280b43fc4589291743b48d67b5f8453	p/CVBGFLUtU42/	image	2021-10-14	7620	21	no	no	party_no	1
f15f2f073b64cddd0ee21ba60e8dd04a	p/CVBDHk_IcQO/	image	2021-10-14	6404	144	no	no	party_no	0
0260d8d15a0c0c75ca4aad9479e7de61	p/CVA9xb7oH0d/	image	2021-10-14	2554	43	yes	no	party_no	1
7a775131d1c2e8d51ff2962e7002d4d6	p/CVA8zUTMxm6/	image	2021-10-14	7626	270	no	no	party_no	1
4db79e097c0a133b2def2bf254f83dd9	p/CVA6w6Fs73X/	image	2021-10-14	4114	55	no	yes	party_no	1
843995b2f47a14055d3723f8a8617456	p/CVAz91iMsb6/	image	2021-10-14	247	0	no	yes	party_yes_neg	0
2535ad1b1c1c85c3245e969cda1726bd	p/CVAvM6UotXl/	image	2021-10-14	112	4	no	no	party_no	1
d19d7a97ecc0d202614f86d575122e80	p/CVArkzwNz_c/	image	2021-10-14	111	1	yes	yes	party_yes_neg	0
509fd100a396a6346c9af819821e4d31	p/CVAmbd0sFDC/	image	2021-10-14	1030	8	no	no	party_no	0
91527dbeb839b49f92fd2ba43724484f	p/CVAjfhWsBjF/	image	2021-10-14	299	16	no	no	party_no	1
9be5cad1827883c1d2fb55994d187dc7	p/CVAgk56MQPu/	image	2021-10-14	0	66	no	yes	party_yes_neg	0
18bb3a1994c6ac4d5d434ebbbc9ac438	p/CVAaJSGsXxn/	image	2021-10-14	2181	41	no	no	party_no	1
46bcd29bb252a121e323f3a2c91d9e9d	p/CVAO3UQt6P8/	image	2021-10-14	20193	186	no	no	party_no	0
d77e6efe2975c90db6471402061abcf7	tv/CVDv6J5pvAJ/	video	2021-10-15	62	1	yes	no	party_no	0
fc9051ee6bee590671e57890af4adea8	p/CVDuFVNsZXm/	image	2021-10-15	2484	47	no	no	party_no	1
0260d8d15a0c0c75ca4aad9479e7de61	p/CVDtqrtIyMB/	image	2021-10-15	2369	38	yes	no	party_no	1
bf0477239c7c653961cd1a9dab396cf1	p/CVDtRNBgU6i/	image	2021-10-15	7327	98	yes	no	party_no	1
f9794eccdcb70857e906c191cd262179	p/CVDsEQPIRMd/	image	2021-10-15	203	35	no	no	party_no	0
9280b43fc4589291743b48d67b5f8453	p/CVDn4ggtmG2/	image	2021-10-15	17037	61	yes	yes	party_no	1
5653c041dc67c29eb0f955a0e5cde4cf	tv/CVDl-U1FgBZ/	video	2021-10-15	6	0	no	no	party_no	0
e6becd86c1252e619006b2c554bc68b1	p/CVDmqxHIuuO/	image	2021-10-15	1725	12	yes	no	party_no	1
eca2f9b2c9316bd55ebfa59a772625f9	p/CVDlDw9AfbC/	image	2021-10-15	15822	69	yes	no	party_no	1
c914dca22e622d4ada9246f9f4170126	p/CVDiJ_9I2Hu/	image	2021-10-15	1540	40	no	yes	party_yes_neg	0
084bc5eda4c65fe9c3483d53ea84a4f8	p/CVDcsweDnSS/	image	2021-10-15	13983	121	yes	yes	party_no	1
9be5cad1827883c1d2fb55994d187dc7	p/CVDarSbMiw_/	image	2021-10-15	0	5	yes	no	party_no	1
999ca23c12d60d2ffe616d20886ea3d5	p/CVDYYwWoCrA/	image	2021-10-15	15544	113	no	no	party_no	1
7040052f53fff5247ebb6071c14eca72	p/CVDTSMoKu3b/	image	2021-10-15	1217	5	no	yes	party_no	0
999ca23c12d60d2ffe616d20886ea3d5	tv/CVDO4XiobQo/	video	2021-10-15	229	2	yes	yes	party_no	0
18bb3a1994c6ac4d5d434ebbbc9ac438	p/CVDNJEesRH1/	image	2021-10-15	831	2	no	no	party_no	1
c6c3274af5099ade030972d5ced222b1	p/CVCzzUpMW91/	image	2021-10-15	1320	52	no	yes	party_yes_neg	0
91527dbeb839b49f92fd2ba43724484f	p/CVCzU-pMMTI/	image	2021-10-15	671	19	no	no	party_no	1
f33c10f173a676eedcf535592d3e6812	p/CVHkF2Qtwxs/	image	2021-10-17	266	3	no	no	party_no	1
e3b84111a8245e22e9034fc3a83b3a3b	p/CVGmE7QMCwQ/	image	2021-10-16	6252	23	yes	no	party_no	1
9280b43fc4589291743b48d67b5f8453	p/CVGcVXPtN0U/	image	2021-10-16	9055	26	yes	no	party_no	1
fc9051ee6bee590671e57890af4adea8	p/CVGV1kSsqNY/	image	2021-10-16	3026	60	no	no	party_no	1
4db79e097c0a133b2def2bf254f83dd9	p/CVGRVJsMlYp/	image	2021-10-16	1650	28	yes	no	party_no	0
e3709d249677e285f459ff923cb8eef2	p/CVGPPVQou6A/	image	2021-10-16	400	3	yes	no	party_no	0
d19d7a97ecc0d202614f86d575122e80	p/CVGMoR4jEnB/	video	2021-10-16	91	3	no	yes	party_yes_pos	0
4d9563cb81f7788272feef0a8db35b66	p/CVGLMueFXLG/	video	2021-10-16	5086	98	yes	no	party_no	0
5653c041dc67c29eb0f955a0e5cde4cf	p/CVGKbrYNhVh/	image	2021-10-16	42	0	no	yes	party_yes_neg	0
414fd19d3bf27f522543729f1abaf4bf	p/CVGIoQMDMU4/	image	2021-10-16	4465	28	yes	no	party_no	1
18bb3a1994c6ac4d5d434ebbbc9ac438	p/CVGHhfIMJPH/	image	2021-10-16	991	13	no	no	party_no	1
8ff35745e419d6dfedd47713b9c8a2c2	p/CVF-tMjoXvo/	image	2021-10-16	1124	19	no	no	party_no	1
f9794eccdcb70857e906c191cd262179	p/CVF7kfpo1XM/	image	2021-10-16	0	0	yes	no	party_no	1
46bcd29bb252a121e323f3a2c91d9e9d	p/CVF6Q0vtglA/	image	2021-10-16	15027	131	yes	yes	party_yes_neg	0
7040052f53fff5247ebb6071c14eca72	p/CVFuIsVNJHv/	image	2021-10-16	2367	21	no	no	party_no	1
509fd100a396a6346c9af819821e4d31	p/CVFoeWZM8dl/	image	2021-10-16	2631	82	yes	yes	party_yes_pos	0
d77e6efe2975c90db6471402061abcf7	p/CVFmkNBgmu9/	image	2021-10-16	1091	37	yes	no	party_no	1
4d9563cb81f7788272feef0a8db35b66	tv/CVFd-qHlg6K/	video	2021-10-16	3579	185	yes	no	party_no	0
02d2362a9cbe48bf56e74123a5d17a51	p/CVFfZLMMBtr/	image	2021-10-16	322	3	no	no	party_no	0
6d28c8b93351a8ccfdaf5b46065c129e	tv/CVFc7Bql0PD/	video	2021-10-16	194	1	no	no	party_no	0
6d28c8b93351a8ccfdaf5b46065c129e	p/CVFcodJs9fU/	image	2021-10-16	99	0	yes	no	party_no	0
6d28c8b93351a8ccfdaf5b46065c129e	p/CVFcjAnMyjY/	image	2021-10-16	83	0	yes	no	party_no	0
9be5cad1827883c1d2fb55994d187dc7	p/CVFZKxdMqOq/	image	2021-10-16	0	13	no	no	party_no	0
1f1cce919dd7476d910282e2048c4ed6	p/CVFYRClsuBj/	image	2021-10-16	398	4	no	yes	party_no	1
f33c10f173a676eedcf535592d3e6812	p/CVKHtJGtu0B/	image	2021-10-18	305	8	no	no	party_no	1
29643a30042ea2c66083053117f14cf1	p/CVJHjpygT5n/	image	2021-10-17	4688	14	yes	no	party_no	0
29643a30042ea2c66083053117f14cf1	p/CVJC1K1gl-7/	image	2021-10-17	7363	27	no	no	party_no	0
44532d9df81f73c4cba293f99de2e3cf	p/CVI9PEcIrXi/	image	2021-10-17	13392	47	no	no	party_no	1
a51f9cc0b672c20636dba6bd665f0143	p/CVI3EBZogGq/	image	2021-10-17	71380	408	no	no	party_no	1
f15f2f073b64cddd0ee21ba60e8dd04a	tv/CVIxHaTotoM/	video	2021-10-17	506	5	yes	yes	party_yes_pos	0
63380ce6bc4b0ca331f8919b3615e41d	p/CVIv4MJts-d/	image	2021-10-17	70805	519	no	yes	party_yes_pos	1
fc9051ee6bee590671e57890af4adea8	p/CVIvFe5MROh/	image	2021-10-17	3338	57	no	no	party_no	1
d13d5512de5a773e1e28bf34408b4413	tv/CVInnh9l06B/	video	2021-10-17	191	15	no	yes	party_yes_neg	0
e3709d249677e285f459ff923cb8eef2	p/CVIqMRToPC1/	image	2021-10-17	1134	3	no	no	party_no	1
0260d8d15a0c0c75ca4aad9479e7de61	p/CVIn4vetb92/	image	2021-10-17	1785	15	yes	no	party_no	0
578d7fb61abacbf376d68e402bccb27d	p/CVIhozZsjgg/	image	2021-10-17	3304	41	no	yes	party_no	0
02d2362a9cbe48bf56e74123a5d17a51	p/CVIgWJNMg9m/	image	2021-10-17	408	5	no	no	party_no	0
18bb3a1994c6ac4d5d434ebbbc9ac438	p/CVIbmh_skU9/	image	2021-10-17	782	1	no	no	party_no	1
d19d7a97ecc0d202614f86d575122e80	p/CVIbiYRt89N/	image	2021-10-17	50	0	no	no	party_no	0
bb1f5d9b28b863be028ed293a9695ac6	p/CVITz2FMKd9/	image	2021-10-17	17887	70	yes	no	party_no	1
7040052f53fff5247ebb6071c14eca72	p/CVIRS4htrH9/	image	2021-10-17	1456	42	no	no	party_no	1
c6c3274af5099ade030972d5ced222b1	p/CVIGCmPMtur/	image	2021-10-17	3081	133	yes	yes	party_yes_neg	1
999ca23c12d60d2ffe616d20886ea3d5	p/CVIFuxwo-fa/	image	2021-10-17	69465	2435	no	no	party_no	1
4db79e097c0a133b2def2bf254f83dd9	p/CVIFXtmAgQ5/	image	2021-10-17	708	12	yes	no	party_no	1
578d7fb61abacbf376d68e402bccb27d	p/CVICksLsA_7/	image	2021-10-17	5850	80	no	yes	party_no	0
d77e6efe2975c90db6471402061abcf7	p/CVICRMvAA9N/	image	2021-10-17	712	14	no	no	party_no	0
084bc5eda4c65fe9c3483d53ea84a4f8	p/CVIAXxcDRbV/	image	2021-10-17	16103	114	yes	no	party_no	0
64bdaea8f3443e40b6eb6cb6df43e6f1	p/CVH-NzoovXg/	image	2021-10-17	4168	13	no	no	party_no	0
2535ad1b1c1c85c3245e969cda1726bd	p/CVH8PUAIRql/	image	2021-10-17	310	15	yes	no	party_no	1
02d2362a9cbe48bf56e74123a5d17a51	p/CVH8GDlsrCO/	image	2021-10-17	110	8	no	no	party_no	0
dbd1313429684accb33e0ceec9274d7b	p/CVLilxGsvEE/	image	2021-10-18	4981	340	no	no	party_no	0
578d7fb61abacbf376d68e402bccb27d	p/CVLhTb2sMJb/	image	2021-10-18	2258	12	no	no	party_no	0
7b0ad56a98c5c99204fa635d5c66e2e3	p/CVLb4veM8iL/	image	2021-10-18	14987	351	no	no	party_no	0
30d52d191d094d0c5999ed827021e8a5	p/CVLZyOJMikX/	image	2021-10-18	1675	38	yes	no	party_no	1
4d9563cb81f7788272feef0a8db35b66	p/CVLXen4lkBy/	video	2021-10-18	4211	106	yes	no	party_no	0
717d66373741268b2293e72655414b72	p/CVLXGNjD-wr/	image	2021-10-18	6427	84	yes	no	party_no	1
eca2f9b2c9316bd55ebfa59a772625f9	p/CVLVrMSAnH9/	image	2021-10-18	20576	53	yes	no	party_no	1
843995b2f47a14055d3723f8a8617456	p/CVLUfTTMgd0/	image	2021-10-18	431	1	no	yes	party_yes_pos	0
04c60c55696c64c0abe0c3fd65eac3a5	p/CVLR_YZMNKo/	image	2021-10-18	0	27	no	no	party_no	1
e6becd86c1252e619006b2c554bc68b1	p/CVLQ3KnoGFV/	image	2021-10-18	24451	182	no	no	party_no	1
8812e6e135f142629315652e363d740d	p/CVLQFVwDArz/	image	2021-10-18	2189	12	no	no	party_no	0
44532d9df81f73c4cba293f99de2e3cf	p/CVLP2oloNdY/	image	2021-10-18	11445	47	no	no	party_no	1
7a775131d1c2e8d51ff2962e7002d4d6	p/CVLPzFxspFK/	image	2021-10-18	5546	183	no	yes	party_yes_neg	1
4305f7ad511de6ee2ba458c283177399	p/CVLOBJGqO6y/	image	2021-10-18	3348	57	no	no	party_no	0
578d7fb61abacbf376d68e402bccb27d	p/CVLNyzXMeby/	image	2021-10-18	6002	89	no	yes	party_no	0
0260d8d15a0c0c75ca4aad9479e7de61	p/CVLMAzSNJDp/	image	2021-10-18	2460	48	yes	no	party_no	1
7040052f53fff5247ebb6071c14eca72	p/CVLJomoKBaf/	image	2021-10-18	2004	17	yes	yes	party_yes_pos	0
6d28c8b93351a8ccfdaf5b46065c129e	p/CVLI8EgMYXG/	image	2021-10-18	15555	280	no	yes	party_yes_neg	1
6d28c8b93351a8ccfdaf5b46065c129e	p/CVLH7W6sLd4/	image	2021-10-18	2392	14	yes	no	party_no	1
6d28c8b93351a8ccfdaf5b46065c129e	p/CVLHu_Tszz5/	image	2021-10-18	176	3	yes	no	party_no	0
d19d7a97ecc0d202614f86d575122e80	p/CVLHTYDt0Lc/	image	2021-10-18	60	1	yes	yes	party_no	0
9348b4661a6dbc0004286afb82afd93c	p/CVLHPWpMMg1/	image	2021-10-18	306	28	yes	no	party_no	0
97b40a328bdb6609dbd6b2d4ba416180	p/CVLEV5yl_jB/	image	2021-10-18	46608	166	yes	no	party_no	0
4d3cd7d71e60ad913f89cb051d0f40eb	p/CVK7Yi2gXlz/	video	2021-10-18	115507	164	no	no	party_no	1
b3fa9a6b502321f8f0e30b06f69a60ab	p/CVK4nSZILIH/	image	2021-10-18	287	6	no	yes	party_no	0
04efabf9ee38896016be90e0a36f0116	p/CVK3-rMopqj/	image	2021-10-18	114	9	yes	no	party_no	0
9be5cad1827883c1d2fb55994d187dc7	p/CVK2MRtMBvg/	image	2021-10-18	0	13	no	no	party_no	0
2535ad1b1c1c85c3245e969cda1726bd	p/CVKlYO0ICRz/	image	2021-10-18	169	8	yes	no	party_no	1
e3709d249677e285f459ff923cb8eef2	p/CVKe3KLIHEo/	image	2021-10-18	3824	22	no	no	party_no	1
6d28c8b93351a8ccfdaf5b46065c129e	p/CVKaRgCMqJz/	image	2021-10-18	242	0	yes	no	party_no	0
6d28c8b93351a8ccfdaf5b46065c129e	p/CVKZvOyMgfG/	image	2021-10-18	845	7	yes	no	party_no	1
6d28c8b93351a8ccfdaf5b46065c129e	p/CVKZebpM6bR/	image	2021-10-18	201	0	yes	no	party_no	0
8a20805268a91bf8fc6bb42a3cf942da	p/CVRQt1vIdri/	image	2021-10-20	1257	35	no	yes	party_yes_neg	1
dc9512ec1ce1e86aa1f440bd9000ba2b	p/CVQw2o9oJME/	image	2021-10-20	2328	33	yes	no	party_no	0
f9794eccdcb70857e906c191cd262179	p/CVQrw3zIaT3/	image	2021-10-20	0	169	yes	no	party_no	1
509fd100a396a6346c9af819821e4d31	p/CVQqU-3Mcbv/	image	2021-10-20	2157	54	no	no	party_no	0
421ce1b028eee70a26e9962a2b31829d	p/CVQpUZ-oqPF/	image	2021-10-20	7553	46	yes	no	party_no	1
bf0477239c7c653961cd1a9dab396cf1	p/CVQomrVAxc7/	image	2021-10-20	8178	151	no	no	party_no	1
a51f9cc0b672c20636dba6bd665f0143	p/CVQoeh6oY4_/	image	2021-10-20	73787	326	yes	no	party_no	1
c914dca22e622d4ada9246f9f4170126	p/CVQmGlIo_IQ/	image	2021-10-20	1127	24	no	yes	party_no	0
9280b43fc4589291743b48d67b5f8453	p/CVQiz-ftpLh/	image	2021-10-20	4089	20	no	no	party_no	1
4db79e097c0a133b2def2bf254f83dd9	p/CVQiHH5MGhG/	image	2021-10-20	10814	236	no	no	party_no	0
7040052f53fff5247ebb6071c14eca72	p/CVQhYlYqf-x/	image	2021-10-20	0	998	no	yes	party_yes_neg	1
e3709d249677e285f459ff923cb8eef2	p/CVQd2LBIhzZ/	image	2021-10-20	1535	17	yes	no	party_no	1
0260d8d15a0c0c75ca4aad9479e7de61	p/CVQb7ruld6x/	image	2021-10-20	1872	30	yes	no	party_no	1
1b681edf149c774c3911235f7c94d231	p/CVQR_eNszG3/	image	2021-10-20	2875	27	no	yes	party_yes_neg	1
9348b4661a6dbc0004286afb82afd93c	p/CVQPammsFK0/	image	2021-10-20	318	44	yes	yes	party_no	1
7040052f53fff5247ebb6071c14eca72	p/CVQPLE5Kirg/	image	2021-10-20	2410	20	no	yes	party_no	1
d19d7a97ecc0d202614f86d575122e80	p/CVQOFYwtMZ7/	image	2021-10-20	157	3	no	yes	party_yes_neg	0
18bb3a1994c6ac4d5d434ebbbc9ac438	p/CVQGhoWsW2p/	image	2021-10-20	1233	10	no	no	party_no	1
a87b62512ea38bddd84d26e94d8b8376	p/CVQEmv7MJdi/	image	2021-10-20	2916	33	yes	yes	party_yes_neg	0
2535ad1b1c1c85c3245e969cda1726bd	p/CVP2ERDIBHC/	image	2021-10-20	436	12	no	no	party_no	1
9be5cad1827883c1d2fb55994d187dc7	p/CVPyOPusE3U/	image	2021-10-20	0	237	no	yes	party_no	0
1411160f41f5bc887e062a57fe62d548	p/CVPx14_syE_/	image	2021-10-20	392	7	yes	yes	party_no	1
421ce1b028eee70a26e9962a2b31829d	p/CVPrL-zI3VB/	image	2021-10-20	5337	29	no	no	party_no	0
e3b84111a8245e22e9034fc3a83b3a3b	p/CVPpadwMXzE/	image	2021-10-20	6127	150	no	yes	party_yes_neg	1
c6c3274af5099ade030972d5ced222b1	p/CVPhRBVsiiO/	image	2021-10-20	6221	117	yes	yes	party_yes_neg	1
5653c041dc67c29eb0f955a0e5cde4cf	p/CVPX9AssSov/	image	2021-10-20	103	4	no	no	party_no	0
f33c10f173a676eedcf535592d3e6812	p/CVPReK_Nal_/	image	2021-10-20	894	56	no	no	party_no	1
04efabf9ee38896016be90e0a36f0116	p/CVTZZZboSnN/	image	2021-10-21	141	5	no	no	party_no	0
d19d7a97ecc0d202614f86d575122e80	p/CVTYDpFDold/	video	2021-10-21	103	6	no	no	party_no	0
998426ae2619d42a0549fba42cf19317	p/CVTVhx-MvB9/	image	2021-10-21	0	108	no	no	party_no	1
dbd1313429684accb33e0ceec9274d7b	p/CVTT44-sgM7/	image	2021-10-21	4512	173	no	yes	party_no	0
bf0477239c7c653961cd1a9dab396cf1	p/CVTMaE3McOr/	image	2021-10-21	6121	78	no	no	party_no	1
44532d9df81f73c4cba293f99de2e3cf	p/CVTLcBZoIxI/	image	2021-10-21	12753	47	yes	no	party_no	0
578d7fb61abacbf376d68e402bccb27d	p/CVTIl5MMQlP/	image	2021-10-21	5205	38	no	no	party_no	0
e3709d249677e285f459ff923cb8eef2	p/CVTF33kIZPI/	image	2021-10-21	1152	5	yes	no	party_no	1
8812e6e135f142629315652e363d740d	p/CVTE3IZL9Qr/	video	2021-10-21	1716	40	no	no	party_no	1
fc9051ee6bee590671e57890af4adea8	p/CVTEMBjIkxj/	image	2021-10-21	4568	61	no	no	party_no	1
63380ce6bc4b0ca331f8919b3615e41d	p/CVTCKfutcot/	image	2021-10-21	65989	695	yes	no	party_no	1
5653c041dc67c29eb0f955a0e5cde4cf	tv/CVS7JzZlNpG/	video	2021-10-21	21	2	no	no	party_no	0
b3fa9a6b502321f8f0e30b06f69a60ab	p/CVS6S_1oRdh/	image	2021-10-21	120	4	no	yes	party_no	1
9280b43fc4589291743b48d67b5f8453	p/CVS5_NVNLme/	image	2021-10-21	7808	26	no	no	party_no	1
998426ae2619d42a0549fba42cf19317	p/CVS2Znos77A/	image	2021-10-21	0	97	no	no	party_no	0
7121d6a4dc8f0e40f09a1e27038636dc	p/CVS11hNMovk/	image	2021-10-21	12063	58	no	no	party_no	0
5653c041dc67c29eb0f955a0e5cde4cf	p/CVSwKJXsDRj/	image	2021-10-21	83	1	no	no	party_no	0
7040052f53fff5247ebb6071c14eca72	p/CVSvSk1K6ob/	image	2021-10-21	631	3	no	yes	party_no	1
e3b84111a8245e22e9034fc3a83b3a3b	p/CVSuwxAs6KU/	image	2021-10-21	20006	131	no	no	party_no	1
d19d7a97ecc0d202614f86d575122e80	p/CVSlEy5NrKZ/	image	2021-10-21	89	0	no	no	party_no	0
bb1f5d9b28b863be028ed293a9695ac6	p/CVSgn83MKpP/	image	2021-10-21	47474	509	yes	no	party_no	1
9be5cad1827883c1d2fb55994d187dc7	p/CVSbTTHMp0J/	image	2021-10-21	0	70	no	yes	party_yes_neg	0
e3709d249677e285f459ff923cb8eef2	p/CVSSj14so41/	image	2021-10-21	805	15	no	no	party_no	1
6d28c8b93351a8ccfdaf5b46065c129e	p/CVSSIFos9rT/	image	2021-10-21	4773	26	yes	no	party_no	1
6d28c8b93351a8ccfdaf5b46065c129e	p/CVSRk8osuht/	image	2021-10-21	483	5	yes	no	party_no	0
6d28c8b93351a8ccfdaf5b46065c129e	p/CVSRfTHMR6B/	image	2021-10-21	343	1	yes	no	party_no	0
9348b4661a6dbc0004286afb82afd93c	p/CVSQcAgMCqx/	image	2021-10-21	332	21	no	no	party_no	0
46bcd29bb252a121e323f3a2c91d9e9d	p/CVSQFTJM5YE/	image	2021-10-21	10944	329	no	yes	party_yes_neg	0
bbcfea1530c4aeb2f0a00e2f94064300	p/CVSNDkPtSeW/	image	2021-10-21	1288	98	yes	no	party_no	0
04efabf9ee38896016be90e0a36f0116	p/CVSLnjrokWt/	image	2021-10-21	84	4	yes	no	party_no	0
02d2362a9cbe48bf56e74123a5d17a51	p/CVSJxlTMR_z/	image	2021-10-21	280	5	no	no	party_no	0
165f4ad1f616ac1f05281d947d0a1a97	p/CVSFYmQsavb/	image	2021-10-21	1455	115	yes	no	party_no	1
2901627895163b68e80ed17c4d72f13b	p/CVR9rrtsqab/	image	2021-10-21	852	16	no	no	party_no	0
b79655cd998ca55b7eac33a2ba155d0a	p/CVR9SO_rmrJ/	image	2021-10-21	510	23	yes	no	party_no	1
421ce1b028eee70a26e9962a2b31829d	tv/CVWLh0oIhi0/	video	2021-10-22	3276	15	yes	no	party_no	1
02d2362a9cbe48bf56e74123a5d17a51	p/CVV6HNPMCEB/	image	2021-10-22	130	0	no	no	party_no	0
9280b43fc4589291743b48d67b5f8453	p/CVV23-SNhyO/	image	2021-10-22	19365	48	yes	no	party_no	0
0260d8d15a0c0c75ca4aad9479e7de61	p/CVV0DwVNjzZ/	image	2021-10-22	1484	30	no	no	party_no	1
46bcd29bb252a121e323f3a2c91d9e9d	p/CVVzA3isrvj/	image	2021-10-22	16284	402	no	yes	party_yes_neg	1
4d9563cb81f7788272feef0a8db35b66	p/CVVx9LfFEYG/	video	2021-10-22	13209	223	no	yes	party_no	0
2535ad1b1c1c85c3245e969cda1726bd	p/CVVt6j6sDnB/	image	2021-10-22	1407	35	no	no	party_no	1
4db79e097c0a133b2def2bf254f83dd9	p/CVVtMOcsEnl/	image	2021-10-22	878	18	no	no	party_no	0
7a775131d1c2e8d51ff2962e7002d4d6	p/CVVjfzCozAa/	image	2021-10-22	3700	230	yes	yes	party_no	1
eca2f9b2c9316bd55ebfa59a772625f9	p/CVVPFrnN6JG/	image	2021-10-22	44415	138	no	no	party_no	0
8a20805268a91bf8fc6bb42a3cf942da	p/CVVE_rbMA4F/	image	2021-10-22	165	3	no	no	party_no	0
7eeb017b25eaa9aa28502c731a72a4f5	p/CVVE5uLMrfG/	image	2021-10-22	106310	354	no	no	party_no	0
9be5cad1827883c1d2fb55994d187dc7	p/CVU5k-Yt0-2/	video	2021-10-22	0	11	yes	yes	party_no	0
084bc5eda4c65fe9c3483d53ea84a4f8	p/CVUzIufDdxp/	image	2021-10-22	32935	328	no	no	party_no	0
e79d13565432a6daaedafa89a1371bb3	p/CVUvCpaMp2X/	image	2021-10-22	4166	49	no	no	party_no	0
91527dbeb839b49f92fd2ba43724484f	p/CVUsEEhsHKd/	image	2021-10-22	745	16	no	no	party_no	1
5653c041dc67c29eb0f955a0e5cde4cf	tv/CVUrgnFF2DE/	video	2021-10-22	35	0	yes	no	party_no	0
2901627895163b68e80ed17c4d72f13b	tv/CVUdpecADtP/	video	2021-10-22	448	18	yes	yes	party_no	0
29643a30042ea2c66083053117f14cf1	tv/CVYdJy_ggqp/	video	2021-10-23	4292	28	no	no	party_no	0
4d9563cb81f7788272feef0a8db35b66	p/CVYYp2YtXZq/	image	2021-10-23	20764	275	yes	yes	party_no	1
44532d9df81f73c4cba293f99de2e3cf	p/CVYWdvnIbql/	image	2021-10-23	16610	60	no	no	party_no	1
7b0ad56a98c5c99204fa635d5c66e2e3	p/CVYP8KFsR4g/	image	2021-10-23	16086	333	no	no	party_no	0
30d52d191d094d0c5999ed827021e8a5	p/CVYNtMRsxJu/	image	2021-10-23	894	27	no	no	party_no	1
0260d8d15a0c0c75ca4aad9479e7de61	p/CVYNGyZNPE6/	image	2021-10-23	2367	48	no	no	party_no	0
63380ce6bc4b0ca331f8919b3615e41d	p/CVYL5vSNWg9/	image	2021-10-23	216544	1356	no	no	party_no	1
9348b4661a6dbc0004286afb82afd93c	p/CVYE9k2swaL/	image	2021-10-23	377	38	yes	no	party_no	1
e3709d249677e285f459ff923cb8eef2	p/CVYCNyNsD1J/	image	2021-10-23	3108	12	no	no	party_no	1
4db79e097c0a133b2def2bf254f83dd9	p/CVX5I_0s0cA/	image	2021-10-23	5018	50	yes	no	party_no	1
18bb3a1994c6ac4d5d434ebbbc9ac438	p/CVX0PwysKci/	image	2021-10-23	972	12	no	no	party_no	1
46bcd29bb252a121e323f3a2c91d9e9d	p/CVXv3BmMocU/	image	2021-10-23	24941	384	no	yes	party_yes_neg	1
d19d7a97ecc0d202614f86d575122e80	p/CVXqgDLjjAm/	video	2021-10-23	119	4	no	no	party_no	0
421ce1b028eee70a26e9962a2b31829d	p/CVXqXThIHNw/	image	2021-10-23	7623	23	no	no	party_no	1
4d3cd7d71e60ad913f89cb051d0f40eb	p/CVXmRECg4KK/	image	2021-10-23	154113	402	no	no	party_no	1
f9794eccdcb70857e906c191cd262179	p/CVXl49YI2-V/	image	2021-10-23	151	26	no	no	party_no	0
c6c3274af5099ade030972d5ced222b1	p/CVXkzGpsmUL/	image	2021-10-23	2379	35	no	yes	party_yes_neg	0
bb1f5d9b28b863be028ed293a9695ac6	tv/CVXkU4wl3uT/	video	2021-10-23	9315	90	yes	no	party_no	1
d218d8f074ad51bf543eb6be1f4e8366	p/CVXVMI6MRtz/	image	2021-10-23	6641	154	no	yes	party_yes_neg	0
bf0477239c7c653961cd1a9dab396cf1	p/CVXU8fRAogx/	image	2021-10-23	13319	88	no	no	party_no	1
bb1f5d9b28b863be028ed293a9695ac6	p/CVXQnDGsLvz/	image	2021-10-23	34093	118	yes	no	party_no	1
165f4ad1f616ac1f05281d947d0a1a97	p/CVXQYsHsKaX/	image	2021-10-23	1087	117	no	no	party_no	1
bbcfea1530c4aeb2f0a00e2f94064300	p/CVXOfTmt5LH/	image	2021-10-23	1419	37	no	yes	party_yes_neg	0
509fd100a396a6346c9af819821e4d31	p/CVXOajYMBfQ/	image	2021-10-23	1794	23	no	no	party_no	0
f33c10f173a676eedcf535592d3e6812	p/CVXLSJCN4Bb/	image	2021-10-23	568	14	no	no	party_no	1
843995b2f47a14055d3723f8a8617456	p/CVbN49Usv4y/	image	2021-10-24	1942	8	no	no	party_no	0
02d2362a9cbe48bf56e74123a5d17a51	p/CVbIPHzsdtd/	image	2021-10-24	1567	10	no	no	party_no	0
0260d8d15a0c0c75ca4aad9479e7de61	p/CVbAwzrtI_9/	image	2021-10-24	1614	26	no	no	party_no	1
29643a30042ea2c66083053117f14cf1	p/CVbAG68AFfW/	image	2021-10-24	22612	287	no	no	party_no	0
bb1f5d9b28b863be028ed293a9695ac6	p/CVa8QCwMWvE/	image	2021-10-24	39504	397	yes	no	party_no	0
fc9051ee6bee590671e57890af4adea8	p/CVa8GlBsg51/	image	2021-10-24	3695	111	no	no	party_no	1
7b0ad56a98c5c99204fa635d5c66e2e3	p/CVa74LAMYBs/	image	2021-10-24	13610	1072	no	no	party_no	1
717d66373741268b2293e72655414b72	p/CVa6nnRDWyU/	image	2021-10-24	11265	149	no	no	party_no	1
a51f9cc0b672c20636dba6bd665f0143	p/CVa3y2uIOqV/	image	2021-10-24	106108	1035	no	no	party_no	1
1f1cce919dd7476d910282e2048c4ed6	p/CVa2qlws9HT/	image	2021-10-24	882	32	no	no	party_no	1
c914dca22e622d4ada9246f9f4170126	p/CVazFTVoW8c/	image	2021-10-24	1099	36	yes	no	party_no	0
e3709d249677e285f459ff923cb8eef2	p/CVaysn0sjNL/	image	2021-10-24	1578	9	yes	no	party_no	1
c6c3274af5099ade030972d5ced222b1	tv/CVaxlZugLsh/	video	2021-10-24	680	11	yes	no	party_no	0
d19d7a97ecc0d202614f86d575122e80	p/CVawR__NHNE/	image	2021-10-24	92	1	yes	yes	party_no	0
bbcfea1530c4aeb2f0a00e2f94064300	p/CVawEszNyds/	image	2021-10-24	617	14	yes	no	party_no	1
41796f0dfe474e750c6ce2898eca1736	p/CVaiQOdMrNO/	image	2021-10-24	0	23	yes	no	party_no	1
9be5cad1827883c1d2fb55994d187dc7	p/CVabchiMhUf/	image	2021-10-24	0	23	no	no	party_no	0
d19d7a97ecc0d202614f86d575122e80	p/CVaYxO2NYL2/	image	2021-10-24	227	0	no	yes	party_yes_neg	0
5653c041dc67c29eb0f955a0e5cde4cf	p/CVaRL0-s4N4/	image	2021-10-24	46	1	yes	no	party_no	0
b3fa9a6b502321f8f0e30b06f69a60ab	tv/CVaI6mGqmwQ/	image	2021-10-24	186	5	no	yes	party_no	1
999ca23c12d60d2ffe616d20886ea3d5	p/CVaHdiaoOOx/	image	2021-10-24	17732	110	yes	no	party_no	1
04efabf9ee38896016be90e0a36f0116	p/CVaAeUwIa1j/	image	2021-10-24	173	12	no	no	party_no	0
91527dbeb839b49f92fd2ba43724484f	p/CVZ_3bzMWg-/	image	2021-10-24	1137	42	no	no	party_no	0
e3709d249677e285f459ff923cb8eef2	p/CVZ_yNEMMv_/	image	2021-10-24	1731	2	no	no	party_no	1
c6c3274af5099ade030972d5ced222b1	p/CVZ59WmsqJU/	image	2021-10-24	2072	48	no	yes	party_no	0
9280b43fc4589291743b48d67b5f8453	p/CVZ3CQ5tMUJ/	image	2021-10-24	23545	453	no	yes	party_no	0
9be5cad1827883c1d2fb55994d187dc7	p/CVZ0XaYMzrL/	image	2021-10-24	0	6	no	yes	party_no	0
4db79e097c0a133b2def2bf254f83dd9	p/CVZftgoo9lQ/	image	2021-10-24	9478	131	no	no	party_no	0
f9794eccdcb70857e906c191cd262179	p/CVZbnaZINPd/	image	2021-10-24	435	37	no	no	party_no	0
421ce1b028eee70a26e9962a2b31829d	p/CVfFv56IooD/	image	2021-10-26	4476	15	no	no	party_no	0
c6c3274af5099ade030972d5ced222b1	p/CVfBQhYMnsw/	image	2021-10-26	1409	27	yes	no	party_no	1
9348b4661a6dbc0004286afb82afd93c	p/CVe_q8HsYyW/	image	2021-10-26	568	40	no	no	party_no	0
5653c041dc67c29eb0f955a0e5cde4cf	p/CVexgXIs0P7/	image	2021-10-26	60	5	yes	no	party_no	0
f33c10f173a676eedcf535592d3e6812	p/CVew8OkNlEY/	image	2021-10-26	1018	31	no	yes	party_no	1
843995b2f47a14055d3723f8a8617456	p/CVdzsDFM0Z8/	image	2021-10-25	2353	10	no	yes	party_yes_neg	0
dbd1313429684accb33e0ceec9274d7b	p/CVdnAc-semP/	image	2021-10-25	4468	239	no	no	party_no	0
578d7fb61abacbf376d68e402bccb27d	p/CVdgdzqJr7-/	image	2021-10-25	4127	29	no	yes	party_no	1
c9064727402c71160531bde4c2f423e9	p/CVdZON3skVf/	image	2021-10-25	8736	657	yes	no	party_no	0
9280b43fc4589291743b48d67b5f8453	p/CVdV1tCtGQH/	image	2021-10-25	13073	86	no	no	party_no	0
63380ce6bc4b0ca331f8919b3615e41d	p/CVdVciONAZt/	image	2021-10-25	172079	1664	no	yes	party_yes_pos	1
